处方类型,CV_ka,CV_V,样本量,试验编号,GMR (%),90% CI 低 (%),90% CI 高 (%),均值差 (log),SE,是否通过BE
优质处方,0.2,0.15,12,1,93.78,85.29,103.12,-0.0642,0.0529,通过
优质处方,0.2,0.15,12,2,99.34,91.27,108.11,-0.0067,0.0471,通过
优质处方,0.2,0.15,12,3,94.76,87.65,102.44,-0.0538,0.0434,通过
优质处方,0.2,0.15,12,4,97.24,90.61,104.37,-0.0279,0.0394,通过
优质处方,0.2,0.15,12,5,103.48,95.97,111.57,0.0342,0.0419,通过
优质处方,0.2,0.15,12,6,97.19,88.27,107.01,-0.0285,0.0536,通过
优质处方,0.2,0.15,12,7,97.6,88.1,108.12,-0.0243,0.057,通过
优质处方,0.2,0.15,12,8,99.42,92.76,106.55,-0.0059,0.0386,通过
优质处方,0.2,0.15,12,9,102.46,93.96,111.72,0.0243,0.0482,通过
优质处方,0.2,0.15,12,10,94.56,87.25,102.49,-0.0559,0.0448,通过
优质处方,0.2,0.15,12,11,106.39,98.94,114.4,0.0619,0.0404,通过
优质处方,0.2,0.15,12,12,94.04,87.33,101.26,-0.0615,0.0412,通过
优质处方,0.2,0.15,12,13,101.46,92.31,111.5,0.0144,0.0526,通过
优质处方,0.2,0.15,12,14,100.18,92.32,108.71,0.0018,0.0455,通过
优质处方,0.2,0.15,12,15,91.57,84.11,99.71,-0.088,0.0474,通过
优质处方,0.2,0.15,12,16,96.8,89.09,105.16,-0.0326,0.0462,通过
优质处方,0.2,0.15,12,17,109.13,98.94,120.37,0.0874,0.0546,通过
优质处方,0.2,0.15,12,18,99.38,91.39,108.06,-0.0063,0.0467,通过
优质处方,0.2,0.15,12,19,107.38,99.29,116.14,0.0712,0.0436,通过
优质处方,0.2,0.15,12,20,91.37,83.64,99.82,-0.0902,0.0493,通过
优质处方,0.2,0.15,12,21,95.87,86.8,105.89,-0.0421,0.0553,通过
优质处方,0.2,0.15,12,22,113.06,103.46,123.57,0.1228,0.0495,通过
优质处方,0.2,0.15,12,23,98.22,90.81,106.24,-0.0179,0.0437,通过
优质处方,0.2,0.15,12,24,93.46,85.13,102.61,-0.0676,0.052,通过
优质处方,0.2,0.15,12,25,101.54,94.55,109.04,0.0153,0.0397,通过
优质处方,0.2,0.15,12,26,101.78,95.87,108.05,0.0176,0.0333,通过
优质处方,0.2,0.15,12,27,105.22,94.9,116.66,0.0509,0.0575,通过
优质处方,0.2,0.15,12,28,101.14,90.66,112.82,0.0113,0.0609,通过
优质处方,0.2,0.15,12,29,97.44,88.0,107.9,-0.0259,0.0567,通过
优质处方,0.2,0.15,12,30,102.16,95.78,108.96,0.0213,0.0359,通过
优质处方,0.2,0.15,12,31,99.21,92.97,105.87,-0.008,0.0362,通过
优质处方,0.2,0.15,12,32,101.48,93.35,110.31,0.0147,0.0465,通过
优质处方,0.2,0.15,12,33,107.02,100.22,114.27,0.0678,0.0365,通过
优质处方,0.2,0.15,12,34,98.98,92.45,105.96,-0.0103,0.038,通过
优质处方,0.2,0.15,12,35,101.71,95.63,108.17,0.0169,0.0343,通过
优质处方,0.2,0.15,12,36,105.95,97.39,115.27,0.0578,0.0469,通过
优质处方,0.2,0.15,12,37,100.81,93.71,108.44,0.0081,0.0406,通过
优质处方,0.2,0.15,12,38,108.51,100.58,117.05,0.0816,0.0422,通过
优质处方,0.2,0.15,12,39,101.15,94.77,107.96,0.0114,0.0363,通过
优质处方,0.2,0.15,12,40,106.32,97.18,116.33,0.0613,0.0501,通过
优质处方,0.2,0.15,12,41,89.36,84.0,95.06,-0.1125,0.0344,通过
优质处方,0.2,0.15,12,42,99.11,89.61,109.61,-0.009,0.0561,通过
优质处方,0.2,0.15,12,43,102.37,93.52,112.07,0.0235,0.0504,通过
优质处方,0.2,0.15,12,44,100.66,93.61,108.23,0.0065,0.0404,通过
优质处方,0.2,0.15,12,45,107.59,98.91,117.02,0.0731,0.0468,通过
优质处方,0.2,0.15,12,46,98.31,91.27,105.88,-0.0171,0.0414,通过
优质处方,0.2,0.15,12,47,102.0,93.59,111.17,0.0198,0.0479,通过
优质处方,0.2,0.15,12,48,100.67,91.84,110.36,0.0067,0.0511,通过
优质处方,0.2,0.15,12,49,99.88,89.68,111.24,-0.0012,0.06,通过
优质处方,0.2,0.15,12,50,101.48,91.73,112.27,0.0147,0.0563,通过
优质处方,0.2,0.15,12,51,98.75,93.15,104.68,-0.0126,0.0325,通过
优质处方,0.2,0.15,12,52,98.11,93.52,102.93,-0.0191,0.0267,通过
优质处方,0.2,0.15,12,53,105.24,94.05,117.77,0.0511,0.0626,通过
优质处方,0.2,0.15,12,54,99.97,92.66,107.86,-0.0003,0.0423,通过
优质处方,0.2,0.15,12,55,95.58,88.83,102.83,-0.0452,0.0407,通过
优质处方,0.2,0.15,12,56,102.87,94.91,111.51,0.0283,0.0449,通过
优质处方,0.2,0.15,12,57,102.71,92.84,113.64,0.0268,0.0563,通过
优质处方,0.2,0.15,12,58,92.51,83.33,102.69,-0.0779,0.0582,通过
优质处方,0.2,0.15,12,59,100.59,93.31,108.44,0.0059,0.0418,通过
优质处方,0.2,0.15,12,60,99.91,91.02,109.66,-0.0009,0.0519,通过
优质处方,0.2,0.15,12,61,102.65,93.86,112.26,0.0261,0.0498,通过
优质处方,0.2,0.15,12,62,102.74,92.84,113.7,0.027,0.0564,通过
优质处方,0.2,0.15,12,63,102.27,93.89,111.4,0.0224,0.0476,通过
优质处方,0.2,0.15,12,64,101.02,93.75,108.85,0.0101,0.0416,通过
优质处方,0.2,0.15,12,65,102.95,95.69,110.76,0.0291,0.0407,通过
优质处方,0.2,0.15,12,66,100.38,90.56,111.26,0.0038,0.0573,通过
优质处方,0.2,0.15,12,67,103.15,96.94,109.76,0.031,0.0346,通过
优质处方,0.2,0.15,12,68,100.19,91.6,109.59,0.0019,0.0499,通过
优质处方,0.2,0.15,12,69,102.95,93.33,113.55,0.029,0.0546,通过
优质处方,0.2,0.15,12,70,98.57,88.6,109.66,-0.0144,0.0594,通过
优质处方,0.2,0.15,12,71,114.92,106.26,124.28,0.139,0.0436,通过
优质处方,0.2,0.15,12,72,99.84,92.74,107.49,-0.0016,0.0411,通过
优质处方,0.2,0.15,12,73,104.57,96.27,113.59,0.0447,0.0461,通过
优质处方,0.2,0.15,12,74,99.92,91.35,109.31,-0.0008,0.05,通过
优质处方,0.2,0.15,12,75,102.39,96.9,108.19,0.0236,0.0307,通过
优质处方,0.2,0.15,12,76,98.03,93.34,102.96,-0.0199,0.0273,通过
优质处方,0.2,0.15,12,77,98.42,90.77,106.72,-0.0159,0.0451,通过
优质处方,0.2,0.15,12,78,105.05,95.71,115.31,0.0493,0.0519,通过
优质处方,0.2,0.15,12,79,101.84,97.36,106.53,0.0183,0.0251,通过
优质处方,0.2,0.15,12,80,97.86,91.01,105.22,-0.0217,0.0404,通过
优质处方,0.2,0.15,12,81,100.83,93.7,108.5,0.0083,0.0408,通过
优质处方,0.2,0.15,12,82,101.19,95.15,107.61,0.0118,0.0343,通过
优质处方,0.2,0.15,12,83,109.76,99.24,121.41,0.0932,0.0561,通过
优质处方,0.2,0.15,12,84,95.61,89.83,101.75,-0.0449,0.0347,通过
优质处方,0.2,0.15,12,85,97.06,89.0,105.85,-0.0298,0.0483,通过
优质处方,0.2,0.15,12,86,98.48,88.52,109.57,-0.0153,0.0594,通过
优质处方,0.2,0.15,12,87,103.86,95.08,113.44,0.0379,0.0491,通过
优质处方,0.2,0.15,12,88,93.18,87.79,98.89,-0.0707,0.0331,通过
优质处方,0.2,0.15,12,89,101.3,92.99,110.35,0.0129,0.0477,通过
优质处方,0.2,0.15,12,90,105.51,97.33,114.37,0.0536,0.0449,通过
优质处方,0.2,0.15,12,91,100.15,93.28,107.53,0.0015,0.0396,通过
优质处方,0.2,0.15,12,92,102.7,97.99,107.64,0.0267,0.0261,通过
优质处方,0.2,0.15,12,93,96.56,88.3,105.59,-0.035,0.0498,通过
优质处方,0.2,0.15,12,94,99.12,92.14,106.62,-0.0089,0.0407,通过
优质处方,0.2,0.15,12,95,98.16,91.93,104.81,-0.0186,0.0365,通过
优质处方,0.2,0.15,12,96,106.88,99.76,114.52,0.0666,0.0384,通过
优质处方,0.2,0.15,12,97,104.48,97.21,112.29,0.0438,0.0402,通过
优质处方,0.2,0.15,12,98,110.76,101.15,121.29,0.1022,0.0506,通过
优质处方,0.2,0.15,12,99,101.4,92.41,111.26,0.0139,0.0517,通过
优质处方,0.2,0.15,12,100,102.91,96.18,110.1,0.0286,0.0376,通过
优质处方,0.2,0.15,12,101,96.83,90.06,104.1,-0.0322,0.0403,通过
优质处方,0.2,0.15,12,102,99.26,91.13,108.11,-0.0075,0.0476,通过
优质处方,0.2,0.15,12,103,98.07,90.88,105.83,-0.0195,0.0424,通过
优质处方,0.2,0.15,12,104,99.11,90.86,108.11,-0.0089,0.0484,通过
优质处方,0.2,0.15,12,105,104.96,97.55,112.94,0.0484,0.0408,通过
优质处方,0.2,0.15,12,106,100.3,94.08,106.94,0.003,0.0357,通过
优质处方,0.2,0.15,12,107,106.31,99.68,113.38,0.0612,0.0359,通过
优质处方,0.2,0.15,12,108,101.94,95.19,109.17,0.0192,0.0382,通过
优质处方,0.2,0.15,12,109,98.36,91.54,105.69,-0.0165,0.04,通过
优质处方,0.2,0.15,12,110,99.01,88.56,110.7,-0.0099,0.0621,通过
优质处方,0.2,0.15,12,111,100.82,93.96,108.19,0.0082,0.0393,通过
优质处方,0.2,0.15,12,112,108.71,99.14,119.22,0.0836,0.0513,通过
优质处方,0.2,0.15,12,113,103.93,96.43,112.01,0.0385,0.0417,通过
优质处方,0.2,0.15,12,114,97.54,88.62,107.37,-0.0249,0.0534,通过
优质处方,0.2,0.15,12,115,94.3,86.02,103.38,-0.0587,0.0512,通过
优质处方,0.2,0.15,12,116,108.28,98.43,119.11,0.0795,0.0531,通过
优质处方,0.2,0.15,12,117,102.36,94.58,110.79,0.0234,0.0441,通过
优质处方,0.2,0.15,12,118,94.0,87.0,101.56,-0.0619,0.0431,通过
优质处方,0.2,0.15,12,119,97.39,92.94,102.04,-0.0265,0.026,通过
优质处方,0.2,0.15,12,120,106.47,100.61,112.68,0.0627,0.0315,通过
优质处方,0.2,0.15,12,121,99.94,91.86,108.72,-0.0006,0.0469,通过
优质处方,0.2,0.15,12,122,102.89,93.59,113.12,0.0285,0.0528,通过
优质处方,0.2,0.15,12,123,92.92,84.27,102.45,-0.0735,0.0544,通过
优质处方,0.2,0.15,12,124,104.19,95.63,113.51,0.041,0.0477,通过
优质处方,0.2,0.15,12,125,102.46,96.87,108.37,0.0243,0.0312,通过
优质处方,0.2,0.15,12,126,103.41,92.6,115.49,0.0335,0.0615,通过
优质处方,0.2,0.15,12,127,102.28,95.76,109.23,0.0225,0.0366,通过
优质处方,0.2,0.15,12,128,95.3,89.62,101.35,-0.0481,0.0343,通过
优质处方,0.2,0.15,12,129,102.83,95.21,111.06,0.0279,0.0429,通过
优质处方,0.2,0.15,12,130,98.69,93.43,104.24,-0.0132,0.0305,通过
优质处方,0.2,0.15,12,131,99.36,90.1,109.57,-0.0064,0.0545,通过
优质处方,0.2,0.15,12,132,102.63,94.47,111.5,0.026,0.0462,通过
优质处方,0.2,0.15,12,133,97.46,90.3,105.18,-0.0258,0.0425,通过
优质处方,0.2,0.15,12,134,100.71,95.63,106.06,0.0071,0.0288,通过
优质处方,0.2,0.15,12,135,99.03,91.42,107.28,-0.0097,0.0446,通过
优质处方,0.2,0.15,12,136,107.43,100.51,114.82,0.0716,0.0371,通过
优质处方,0.2,0.15,12,137,102.4,94.33,111.17,0.0237,0.0457,通过
优质处方,0.2,0.15,12,138,99.56,92.2,107.5,-0.0044,0.0428,通过
优质处方,0.2,0.15,12,139,98.12,92.64,103.92,-0.019,0.032,通过
优质处方,0.2,0.15,12,140,104.06,98.73,109.68,0.0398,0.0293,通过
优质处方,0.2,0.15,12,141,97.37,90.61,104.65,-0.0266,0.0401,通过
优质处方,0.2,0.15,12,142,103.02,97.57,108.77,0.0297,0.0303,通过
优质处方,0.2,0.15,12,143,97.97,90.97,105.5,-0.0205,0.0412,通过
优质处方,0.2,0.15,12,144,96.18,87.36,105.89,-0.039,0.0536,通过
优质处方,0.2,0.15,12,145,107.08,99.99,114.68,0.0684,0.0382,通过
优质处方,0.2,0.15,12,146,95.19,84.57,107.16,-0.0492,0.0659,通过
优质处方,0.2,0.15,12,147,104.39,94.72,115.05,0.043,0.0541,通过
优质处方,0.2,0.15,12,148,97.43,88.55,107.19,-0.026,0.0532,通过
优质处方,0.2,0.15,12,149,95.28,86.05,105.5,-0.0484,0.0567,通过
优质处方,0.2,0.15,12,150,103.21,95.99,110.97,0.0316,0.0404,通过
优质处方,0.2,0.15,12,151,98.49,90.95,106.65,-0.0152,0.0443,通过
优质处方,0.2,0.15,12,152,94.51,87.3,102.32,-0.0564,0.0442,通过
优质处方,0.2,0.15,12,153,106.05,96.58,116.44,0.0587,0.052,通过
优质处方,0.2,0.15,12,154,101.1,92.08,111.01,0.011,0.052,通过
优质处方,0.2,0.15,12,155,103.64,93.56,114.8,0.0358,0.057,通过
优质处方,0.2,0.15,12,156,99.09,94.08,104.38,-0.0091,0.0289,通过
优质处方,0.2,0.15,12,157,110.05,102.49,118.17,0.0958,0.0396,通过
优质处方,0.2,0.15,12,158,96.98,90.68,103.72,-0.0306,0.0374,通过
优质处方,0.2,0.15,12,159,95.89,87.04,105.65,-0.0419,0.054,通过
优质处方,0.2,0.15,12,160,113.16,102.62,124.79,0.1237,0.0544,通过
优质处方,0.2,0.15,12,161,102.41,93.19,112.55,0.0239,0.0526,通过
优质处方,0.2,0.15,12,162,102.87,94.29,112.22,0.0283,0.0485,通过
优质处方,0.2,0.15,12,163,102.48,90.62,115.9,0.0245,0.0685,通过
优质处方,0.2,0.15,12,164,92.24,85.07,100.01,-0.0808,0.045,通过
优质处方,0.2,0.15,12,165,99.49,88.61,111.71,-0.0051,0.0645,通过
优质处方,0.2,0.15,12,166,101.3,92.99,110.34,0.0129,0.0476,通过
优质处方,0.2,0.15,12,167,104.47,97.89,111.49,0.0437,0.0362,通过
优质处方,0.2,0.15,12,168,98.73,90.41,107.8,-0.0128,0.049,通过
优质处方,0.2,0.15,12,169,104.29,100.01,108.75,0.042,0.0233,通过
优质处方,0.2,0.15,12,170,108.3,100.51,116.68,0.0797,0.0415,通过
优质处方,0.2,0.15,12,171,97.58,90.47,105.24,-0.0245,0.0421,通过
优质处方,0.2,0.15,12,172,96.86,91.12,102.96,-0.0319,0.034,通过
优质处方,0.2,0.15,12,173,104.14,93.39,116.12,0.0405,0.0606,通过
优质处方,0.2,0.15,12,174,96.32,87.49,106.04,-0.0375,0.0535,通过
优质处方,0.2,0.15,12,175,98.16,91.88,104.87,-0.0186,0.0368,通过
优质处方,0.2,0.15,12,176,107.08,97.29,117.85,0.0684,0.0534,通过
优质处方,0.2,0.15,12,177,94.95,88.57,101.79,-0.0518,0.0387,通过
优质处方,0.2,0.15,12,178,104.33,98.2,110.84,0.0424,0.0337,通过
优质处方,0.2,0.15,12,179,97.38,88.4,107.26,-0.0266,0.0539,通过
优质处方,0.2,0.15,12,180,102.62,94.68,111.23,0.0259,0.0448,通过
优质处方,0.2,0.15,12,181,99.64,92.82,106.96,-0.0036,0.0395,通过
优质处方,0.2,0.15,12,182,102.62,97.18,108.37,0.0259,0.0303,通过
优质处方,0.2,0.15,12,183,102.37,93.88,111.62,0.0234,0.0482,通过
优质处方,0.2,0.15,12,184,97.0,92.7,101.5,-0.0304,0.0252,通过
优质处方,0.2,0.15,12,185,99.82,93.42,106.67,-0.0018,0.0369,通过
优质处方,0.2,0.15,12,186,102.55,92.72,113.43,0.0252,0.0561,通过
优质处方,0.2,0.15,12,187,101.94,94.35,110.15,0.0192,0.0431,通过
优质处方,0.2,0.15,12,188,100.25,92.38,108.8,0.0025,0.0455,通过
优质处方,0.2,0.15,12,189,95.41,87.22,104.36,-0.047,0.05,通过
优质处方,0.2,0.15,12,190,103.26,95.24,111.95,0.0321,0.045,通过
优质处方,0.2,0.15,12,191,99.41,90.07,109.72,-0.0059,0.0549,通过
优质处方,0.2,0.15,12,192,99.74,89.94,110.61,-0.0026,0.0576,通过
优质处方,0.2,0.15,12,193,106.94,98.8,115.75,0.0671,0.0441,通过
优质处方,0.2,0.15,12,194,92.68,86.78,98.99,-0.076,0.0367,通过
优质处方,0.2,0.15,12,195,106.84,100.27,113.83,0.0661,0.0353,通过
优质处方,0.2,0.15,12,196,107.7,100.97,114.88,0.0742,0.0359,通过
优质处方,0.2,0.15,12,197,104.74,95.07,115.4,0.0463,0.054,通过
优质处方,0.2,0.15,12,198,108.65,102.92,114.69,0.0829,0.0302,通过
优质处方,0.2,0.15,12,199,92.44,85.06,100.45,-0.0786,0.0463,通过
优质处方,0.2,0.15,12,200,95.92,86.84,105.94,-0.0417,0.0553,通过
优质处方,0.2,0.15,12,201,101.19,92.58,110.61,0.0119,0.0495,通过
优质处方,0.2,0.15,12,202,100.09,91.39,109.63,0.0009,0.0507,通过
优质处方,0.2,0.15,12,203,106.42,98.16,115.38,0.0622,0.045,通过
优质处方,0.2,0.15,12,204,105.9,97.85,114.61,0.0573,0.044,通过
优质处方,0.2,0.15,12,205,103.22,97.37,109.43,0.0317,0.0325,通过
优质处方,0.2,0.15,12,206,92.86,86.53,99.66,-0.0741,0.0393,通过
优质处方,0.2,0.15,12,207,103.74,98.31,109.46,0.0367,0.0299,通过
优质处方,0.2,0.15,12,208,95.47,87.24,104.48,-0.0463,0.0502,通过
优质处方,0.2,0.15,12,209,96.88,89.31,105.1,-0.0317,0.0453,通过
优质处方,0.2,0.15,12,210,96.45,88.35,105.29,-0.0362,0.0488,通过
优质处方,0.2,0.15,12,211,102.75,91.06,115.93,0.0271,0.0672,通过
优质处方,0.2,0.15,12,212,96.5,89.77,103.74,-0.0356,0.0403,通过
优质处方,0.2,0.15,12,213,106.18,98.3,114.7,0.06,0.043,通过
优质处方,0.2,0.15,12,214,104.77,95.93,114.41,0.0466,0.049,通过
优质处方,0.2,0.15,12,215,106.02,96.79,116.12,0.0584,0.0507,通过
优质处方,0.2,0.15,12,216,98.06,91.55,105.04,-0.0196,0.0382,通过
优质处方,0.2,0.15,12,217,105.55,98.45,113.16,0.054,0.0388,通过
优质处方,0.2,0.15,12,218,101.94,93.05,111.69,0.0192,0.0508,通过
优质处方,0.2,0.15,12,219,107.14,98.38,116.69,0.069,0.0475,通过
优质处方,0.2,0.15,12,220,109.31,100.62,118.76,0.089,0.0461,通过
优质处方,0.2,0.15,12,221,100.63,92.25,109.77,0.0063,0.0484,通过
优质处方,0.2,0.15,12,222,98.49,91.47,106.06,-0.0152,0.0412,通过
优质处方,0.2,0.15,12,223,100.32,94.29,106.73,0.0032,0.0345,通过
优质处方,0.2,0.15,12,224,103.93,94.0,114.91,0.0386,0.0559,通过
优质处方,0.2,0.15,12,225,100.88,94.86,107.28,0.0087,0.0342,通过
优质处方,0.2,0.15,12,226,107.33,101.25,113.77,0.0707,0.0324,通过
优质处方,0.2,0.15,12,227,92.99,88.73,97.46,-0.0727,0.0261,通过
优质处方,0.2,0.15,12,228,99.17,90.9,108.18,-0.0084,0.0484,通过
优质处方,0.2,0.15,12,229,92.01,83.98,100.81,-0.0832,0.0509,通过
优质处方,0.2,0.15,12,230,103.31,95.63,111.62,0.0326,0.043,通过
优质处方,0.2,0.15,12,231,97.31,89.97,105.24,-0.0273,0.0437,通过
优质处方,0.2,0.15,12,232,92.99,84.89,101.87,-0.0726,0.0508,通过
优质处方,0.2,0.15,12,233,91.73,85.93,97.91,-0.0864,0.0363,通过
优质处方,0.2,0.15,12,234,93.27,87.01,99.98,-0.0697,0.0387,通过
优质处方,0.2,0.15,12,235,97.78,90.4,105.77,-0.0224,0.0437,通过
优质处方,0.2,0.15,12,236,93.9,85.74,102.84,-0.0629,0.0506,通过
优质处方,0.2,0.15,12,237,101.62,94.22,109.61,0.0161,0.0421,通过
优质处方,0.2,0.15,12,238,93.61,86.07,101.81,-0.066,0.0468,通过
优质处方,0.2,0.15,12,239,106.76,97.85,116.48,0.0654,0.0485,通过
优质处方,0.2,0.15,12,240,97.75,88.61,107.84,-0.0227,0.0547,通过
优质处方,0.2,0.15,12,241,92.95,84.07,102.76,-0.0731,0.0559,通过
优质处方,0.2,0.15,12,242,103.97,96.84,111.62,0.0389,0.0395,通过
优质处方,0.2,0.15,12,243,97.88,91.12,105.15,-0.0214,0.0399,通过
优质处方,0.2,0.15,12,244,103.81,95.9,112.36,0.0374,0.0441,通过
优质处方,0.2,0.15,12,245,98.57,90.09,107.84,-0.0144,0.0501,通过
优质处方,0.2,0.15,12,246,109.12,98.62,120.74,0.0873,0.0563,通过
优质处方,0.2,0.15,12,247,103.44,97.41,109.84,0.0338,0.0334,通过
优质处方,0.2,0.15,12,248,98.54,93.53,103.83,-0.0147,0.0291,通过
优质处方,0.2,0.15,12,249,103.75,95.68,112.49,0.0368,0.0451,通过
优质处方,0.2,0.15,12,250,105.25,96.6,114.68,0.0512,0.0478,通过
优质处方,0.2,0.15,12,251,100.5,93.12,108.47,0.005,0.0425,通过
优质处方,0.2,0.15,12,252,91.31,85.08,97.98,-0.0909,0.0393,通过
优质处方,0.2,0.15,12,253,108.77,99.61,118.77,0.0841,0.049,通过
优质处方,0.2,0.15,12,254,104.87,95.62,115.01,0.0475,0.0514,通过
优质处方,0.2,0.15,12,255,101.83,93.9,110.43,0.0181,0.0451,通过
优质处方,0.2,0.15,12,256,101.49,92.89,110.89,0.0148,0.0493,通过
优质处方,0.2,0.15,12,257,104.41,93.4,116.72,0.0432,0.062,通过
优质处方,0.2,0.15,12,258,101.12,93.33,109.56,0.0111,0.0446,通过
优质处方,0.2,0.15,12,259,100.66,92.75,109.24,0.0066,0.0455,通过
优质处方,0.2,0.15,12,260,96.41,87.9,105.74,-0.0366,0.0514,通过
优质处方,0.2,0.15,12,261,107.72,98.32,118.01,0.0743,0.0508,通过
优质处方,0.2,0.15,12,262,98.81,89.83,108.69,-0.012,0.0531,通过
优质处方,0.2,0.15,12,263,98.59,89.51,108.58,-0.0142,0.0538,通过
优质处方,0.2,0.15,12,264,97.99,88.43,108.6,-0.0203,0.0572,通过
优质处方,0.2,0.15,12,265,101.57,95.78,107.71,0.0156,0.0327,通过
优质处方,0.2,0.15,12,266,100.68,92.61,109.45,0.0068,0.0465,通过
优质处方,0.2,0.15,12,267,103.03,95.43,111.24,0.0299,0.0427,通过
优质处方,0.2,0.15,12,268,96.88,89.4,104.98,-0.0317,0.0447,通过
优质处方,0.2,0.15,12,269,112.43,103.05,122.67,0.1172,0.0485,通过
优质处方,0.2,0.15,12,270,93.61,84.36,103.89,-0.066,0.058,通过
优质处方,0.2,0.15,12,271,99.79,93.53,106.48,-0.0021,0.0361,通过
优质处方,0.2,0.15,12,272,106.55,97.34,116.63,0.0634,0.0503,通过
优质处方,0.2,0.15,12,273,104.36,94.78,114.92,0.0427,0.0536,通过
优质处方,0.2,0.15,12,274,99.1,89.8,109.37,-0.009,0.0549,通过
优质处方,0.2,0.15,12,275,92.28,84.43,100.87,-0.0803,0.0495,通过
优质处方,0.2,0.15,12,276,95.82,88.44,103.8,-0.0428,0.0446,通过
优质处方,0.2,0.15,12,277,87.1,82.18,92.31,-0.1382,0.0324,通过
优质处方,0.2,0.15,12,278,102.05,95.76,108.75,0.0202,0.0354,通过
优质处方,0.2,0.15,12,279,103.38,94.43,113.17,0.0332,0.0504,通过
优质处方,0.2,0.15,12,280,107.01,99.46,115.15,0.0678,0.0408,通过
优质处方,0.2,0.15,12,281,103.15,95.41,111.51,0.031,0.0434,通过
优质处方,0.2,0.15,12,282,101.19,93.93,109.02,0.0119,0.0415,通过
优质处方,0.2,0.15,12,283,99.37,91.84,107.51,-0.0063,0.0439,通过
优质处方,0.2,0.15,12,284,94.32,83.99,105.92,-0.0584,0.0646,通过
优质处方,0.2,0.15,12,285,97.46,89.93,105.61,-0.0258,0.0447,通过
优质处方,0.2,0.15,12,286,101.31,93.43,109.87,0.0131,0.0451,通过
优质处方,0.2,0.15,12,287,100.47,91.83,109.92,0.0047,0.0501,通过
优质处方,0.2,0.15,12,288,108.41,99.66,117.93,0.0808,0.0469,通过
优质处方,0.2,0.15,12,289,99.87,92.15,108.25,-0.0013,0.0448,通过
优质处方,0.2,0.15,12,290,96.54,85.54,108.96,-0.0352,0.0674,通过
优质处方,0.2,0.15,12,291,111.62,101.27,123.02,0.1099,0.0541,通过
优质处方,0.2,0.15,12,292,102.44,93.29,112.49,0.0241,0.0521,通过
优质处方,0.2,0.15,12,293,101.76,93.92,110.24,0.0174,0.0446,通过
优质处方,0.2,0.15,12,294,95.38,88.32,103.02,-0.0473,0.0429,通过
优质处方,0.2,0.15,12,295,88.14,81.6,95.2,-0.1263,0.0429,通过
优质处方,0.2,0.15,12,296,101.21,92.76,110.44,0.012,0.0486,通过
优质处方,0.2,0.15,12,297,97.99,92.2,104.15,-0.0203,0.0339,通过
优质处方,0.2,0.15,12,298,99.14,89.51,109.81,-0.0086,0.0569,通过
优质处方,0.2,0.15,12,299,99.97,90.82,110.03,-0.0003,0.0534,通过
优质处方,0.2,0.15,12,300,97.33,89.09,106.34,-0.0271,0.0493,通过
优质处方,0.2,0.15,12,301,108.75,100.84,117.27,0.0839,0.042,通过
优质处方,0.2,0.15,12,302,96.94,90.23,104.16,-0.031,0.04,通过
优质处方,0.2,0.15,12,303,100.82,92.76,109.59,0.0082,0.0464,通过
优质处方,0.2,0.15,12,304,95.79,88.62,103.54,-0.043,0.0433,通过
优质处方,0.2,0.15,12,305,92.9,85.28,101.2,-0.0736,0.0477,通过
优质处方,0.2,0.15,12,306,90.48,84.5,96.87,-0.1001,0.038,通过
优质处方,0.2,0.15,12,307,97.51,89.89,105.77,-0.0253,0.0453,通过
优质处方,0.2,0.15,12,308,104.82,99.01,110.97,0.0471,0.0318,通过
优质处方,0.2,0.15,12,309,98.51,91.96,105.53,-0.015,0.0383,通过
优质处方,0.2,0.15,12,310,97.91,93.09,102.99,-0.0211,0.0281,通过
优质处方,0.2,0.15,12,311,99.5,92.52,107.01,-0.005,0.0405,通过
优质处方,0.2,0.15,12,312,100.19,94.17,106.59,0.0019,0.0345,通过
优质处方,0.2,0.15,12,313,98.14,90.12,106.87,-0.0188,0.0474,通过
优质处方,0.2,0.15,12,314,97.07,90.09,104.58,-0.0298,0.0415,通过
优质处方,0.2,0.15,12,315,99.91,94.42,105.72,-0.0009,0.0315,通过
优质处方,0.2,0.15,12,316,99.02,89.2,109.91,-0.0099,0.0581,通过
优质处方,0.2,0.15,12,317,92.74,85.9,100.13,-0.0754,0.0427,通过
优质处方,0.2,0.15,12,318,99.5,92.71,106.78,-0.005,0.0393,通过
优质处方,0.2,0.15,12,319,98.07,92.03,104.51,-0.0195,0.0354,通过
优质处方,0.2,0.15,12,320,98.87,93.11,105.0,-0.0113,0.0335,通过
优质处方,0.2,0.15,12,321,108.76,102.07,115.88,0.084,0.0353,通过
优质处方,0.2,0.15,12,322,97.67,88.37,107.95,-0.0236,0.0557,通过
优质处方,0.2,0.15,12,323,108.57,103.27,114.13,0.0822,0.0278,通过
优质处方,0.2,0.15,12,324,100.73,95.9,105.8,0.0072,0.0273,通过
优质处方,0.2,0.15,12,325,93.38,87.09,100.13,-0.0684,0.0388,通过
优质处方,0.2,0.15,12,326,104.39,95.38,114.24,0.0429,0.0502,通过
优质处方,0.2,0.15,12,327,105.57,99.63,111.87,0.0542,0.0323,通过
优质处方,0.2,0.15,12,328,100.05,92.24,108.52,0.0005,0.0452,通过
优质处方,0.2,0.15,12,329,104.82,98.72,111.29,0.047,0.0334,通过
优质处方,0.2,0.15,12,330,98.42,89.4,108.35,-0.016,0.0535,通过
优质处方,0.2,0.15,12,331,94.94,85.27,105.7,-0.052,0.0598,通过
优质处方,0.2,0.15,12,332,93.01,84.92,101.87,-0.0725,0.0507,通过
优质处方,0.2,0.15,12,333,102.93,95.46,110.99,0.0289,0.042,通过
优质处方,0.2,0.15,12,334,93.99,87.96,100.44,-0.062,0.0369,通过
优质处方,0.2,0.15,12,335,92.05,83.02,102.07,-0.0828,0.0575,通过
优质处方,0.2,0.15,12,336,95.63,89.42,102.27,-0.0447,0.0374,通过
优质处方,0.2,0.15,12,337,92.66,82.36,104.25,-0.0762,0.0656,通过
优质处方,0.2,0.15,12,338,105.9,98.16,114.25,0.0574,0.0423,通过
优质处方,0.2,0.15,12,339,105.64,95.65,116.68,0.0549,0.0553,通过
优质处方,0.2,0.15,12,340,96.62,88.49,105.5,-0.0344,0.049,通过
优质处方,0.2,0.15,12,341,101.06,91.59,111.52,0.0106,0.0548,通过
优质处方,0.2,0.15,12,342,106.79,97.19,117.33,0.0657,0.0524,通过
优质处方,0.2,0.15,12,343,106.63,95.5,119.07,0.0642,0.0614,通过
优质处方,0.2,0.15,12,344,107.09,98.89,115.96,0.0685,0.0443,通过
优质处方,0.2,0.15,12,345,100.07,92.22,108.57,0.0007,0.0454,通过
优质处方,0.2,0.15,12,346,98.85,92.62,105.49,-0.0116,0.0362,通过
优质处方,0.2,0.15,12,347,97.33,89.22,106.18,-0.027,0.0484,通过
优质处方,0.2,0.15,12,348,103.39,92.19,115.95,0.0334,0.0638,通过
优质处方,0.2,0.15,12,349,102.08,94.78,109.96,0.0206,0.0414,通过
优质处方,0.2,0.15,12,350,99.75,89.28,111.45,-0.0025,0.0617,通过
优质处方,0.2,0.15,12,351,106.33,96.3,117.4,0.0614,0.0551,通过
优质处方,0.2,0.15,12,352,102.55,93.05,113.01,0.0252,0.0541,通过
优质处方,0.2,0.15,12,353,104.27,97.61,111.38,0.0418,0.0368,通过
优质处方,0.2,0.15,12,354,102.08,96.12,108.4,0.0206,0.0335,通过
优质处方,0.2,0.15,12,355,105.59,95.81,116.37,0.0544,0.0541,通过
优质处方,0.2,0.15,12,356,96.88,89.11,105.32,-0.0317,0.0465,通过
优质处方,0.2,0.15,12,357,109.73,100.65,119.62,0.0928,0.0481,通过
优质处方,0.2,0.15,12,358,107.6,95.33,121.45,0.0732,0.0674,通过
优质处方,0.2,0.15,12,359,97.71,91.95,103.83,-0.0232,0.0338,通过
优质处方,0.2,0.15,12,360,113.09,106.28,120.34,0.123,0.0346,通过
优质处方,0.2,0.15,12,361,102.78,94.03,112.33,0.0274,0.0495,通过
优质处方,0.2,0.15,12,362,107.47,98.64,117.08,0.072,0.0477,通过
优质处方,0.2,0.15,12,363,90.32,80.55,101.28,-0.1018,0.0637,通过
优质处方,0.2,0.15,12,364,99.6,91.42,108.51,-0.004,0.0477,通过
优质处方,0.2,0.15,12,365,102.18,94.43,110.56,0.0216,0.0439,通过
优质处方,0.2,0.15,12,366,103.29,94.04,113.45,0.0324,0.0523,通过
优质处方,0.2,0.15,12,367,104.49,95.39,114.46,0.044,0.0507,通过
优质处方,0.2,0.15,12,368,104.43,98.44,110.79,0.0434,0.0329,通过
优质处方,0.2,0.15,12,369,106.05,94.9,118.51,0.0587,0.0618,通过
优质处方,0.2,0.15,12,370,95.74,91.18,100.53,-0.0435,0.0272,通过
优质处方,0.2,0.15,12,371,94.68,86.25,103.93,-0.0547,0.0519,通过
优质处方,0.2,0.15,12,372,104.01,94.47,114.51,0.0393,0.0536,通过
优质处方,0.2,0.15,12,373,96.57,87.8,106.21,-0.0349,0.053,通过
优质处方,0.2,0.15,12,374,105.88,98.42,113.9,0.0571,0.0407,通过
优质处方,0.2,0.15,12,375,98.06,91.24,105.4,-0.0196,0.0402,通过
优质处方,0.2,0.15,12,376,101.76,94.36,109.75,0.0175,0.0421,通过
优质处方,0.2,0.15,12,377,107.63,99.03,116.99,0.0736,0.0464,通过
优质处方,0.2,0.15,12,378,104.74,97.09,113.0,0.0463,0.0423,通过
优质处方,0.2,0.15,12,379,92.29,83.02,102.61,-0.0802,0.059,通过
优质处方,0.2,0.15,12,380,99.56,92.49,107.17,-0.0044,0.041,通过
优质处方,0.2,0.15,12,381,100.39,92.36,109.13,0.0039,0.0465,通过
优质处方,0.2,0.15,12,382,110.18,103.07,117.78,0.0969,0.0371,通过
优质处方,0.2,0.15,12,383,102.37,94.4,111.0,0.0234,0.0451,通过
优质处方,0.2,0.15,12,384,95.26,85.8,105.76,-0.0486,0.0582,通过
优质处方,0.2,0.15,12,385,102.56,96.89,108.57,0.0253,0.0317,通过
优质处方,0.2,0.15,12,386,110.14,101.79,119.18,0.0966,0.0439,通过
优质处方,0.2,0.15,12,387,108.87,98.43,120.42,0.085,0.0561,通过
优质处方,0.2,0.15,12,388,95.5,85.63,106.52,-0.046,0.0608,通过
优质处方,0.2,0.15,12,389,98.5,90.0,107.79,-0.0151,0.0502,通过
优质处方,0.2,0.15,12,390,99.8,94.38,105.53,-0.002,0.0311,通过
优质处方,0.2,0.15,12,391,104.54,98.44,111.01,0.0444,0.0335,通过
优质处方,0.2,0.15,12,392,94.76,88.07,101.96,-0.0538,0.0408,通过
优质处方,0.2,0.15,12,393,98.4,90.61,106.86,-0.0161,0.0459,通过
优质处方,0.2,0.15,12,394,97.39,88.36,107.35,-0.0264,0.0542,通过
优质处方,0.2,0.15,12,395,108.7,103.43,114.24,0.0834,0.0277,通过
优质处方,0.2,0.15,12,396,106.22,98.07,115.04,0.0603,0.0444,通过
优质处方,0.2,0.15,12,397,100.47,93.93,107.47,0.0047,0.0375,通过
优质处方,0.2,0.15,12,398,98.49,90.7,106.96,-0.0152,0.0459,通过
优质处方,0.2,0.15,12,399,96.92,88.22,106.47,-0.0313,0.0523,通过
优质处方,0.2,0.15,12,400,91.98,84.69,99.91,-0.0836,0.046,通过
优质处方,0.2,0.15,12,401,108.29,99.85,117.44,0.0796,0.0452,通过
优质处方,0.2,0.15,12,402,106.01,96.77,116.13,0.0583,0.0508,通过
优质处方,0.2,0.15,12,403,101.68,91.54,112.93,0.0166,0.0585,通过
优质处方,0.2,0.15,12,404,99.36,91.7,107.65,-0.0064,0.0446,通过
优质处方,0.2,0.15,12,405,101.69,93.27,110.88,0.0168,0.0482,通过
优质处方,0.2,0.15,12,406,101.84,94.61,109.62,0.0182,0.041,通过
优质处方,0.2,0.15,12,407,99.26,93.35,105.55,-0.0074,0.0342,通过
优质处方,0.2,0.15,12,408,103.29,96.92,110.07,0.0323,0.0354,通过
优质处方,0.2,0.15,12,409,102.61,95.98,109.71,0.0258,0.0372,通过
优质处方,0.2,0.15,12,410,101.72,93.73,110.4,0.0171,0.0456,通过
优质处方,0.2,0.15,12,411,96.47,90.19,103.19,-0.0359,0.0375,通过
优质处方,0.2,0.15,12,412,109.9,100.45,120.24,0.0944,0.0501,通过
优质处方,0.2,0.15,12,413,96.04,87.82,105.02,-0.0405,0.0498,通过
优质处方,0.2,0.15,12,414,96.54,91.7,101.63,-0.0352,0.0286,通过
优质处方,0.2,0.15,12,415,103.69,100.43,107.06,0.0362,0.0178,通过
优质处方,0.2,0.15,12,416,96.39,89.89,103.35,-0.0368,0.0389,通过
优质处方,0.2,0.15,12,417,100.33,91.25,110.31,0.0033,0.0528,通过
优质处方,0.2,0.15,12,418,101.43,94.41,108.97,0.0142,0.0399,通过
优质处方,0.2,0.15,12,419,96.33,89.55,103.63,-0.0374,0.0407,通过
优质处方,0.2,0.15,12,420,106.13,96.16,117.13,0.0595,0.0549,通过
优质处方,0.2,0.15,12,421,100.27,90.84,110.67,0.0027,0.055,通过
优质处方,0.2,0.15,12,422,106.47,99.45,113.99,0.0627,0.038,通过
优质处方,0.2,0.15,12,423,105.98,100.88,111.33,0.058,0.0274,通过
优质处方,0.2,0.15,12,424,96.44,87.79,105.95,-0.0362,0.0524,通过
优质处方,0.2,0.15,12,425,107.66,103.97,111.48,0.0738,0.0194,通过
优质处方,0.2,0.15,12,426,100.66,94.08,107.7,0.0066,0.0376,通过
优质处方,0.2,0.15,12,427,107.62,96.58,119.92,0.0735,0.0603,通过
优质处方,0.2,0.15,12,428,89.54,82.09,97.66,-0.1105,0.0483,通过
优质处方,0.2,0.15,12,429,98.36,90.37,107.06,-0.0165,0.0472,通过
优质处方,0.2,0.15,12,430,101.89,93.2,111.39,0.0187,0.0496,通过
优质处方,0.2,0.15,12,431,97.07,89.92,104.78,-0.0298,0.0426,通过
优质处方,0.2,0.15,12,432,101.34,97.63,105.19,0.0133,0.0208,通过
优质处方,0.2,0.15,12,433,94.07,87.05,101.64,-0.0612,0.0431,通过
优质处方,0.2,0.15,12,434,104.36,95.36,114.21,0.0427,0.0502,通过
优质处方,0.2,0.15,12,435,100.55,90.25,112.03,0.0055,0.0602,通过
优质处方,0.2,0.15,12,436,95.25,88.78,102.2,-0.0486,0.0392,通过
优质处方,0.2,0.15,12,437,107.79,99.32,116.99,0.075,0.0456,通过
优质处方,0.2,0.15,12,438,100.81,91.01,111.67,0.0081,0.0569,通过
优质处方,0.2,0.15,12,439,105.33,94.71,117.13,0.0519,0.0592,通过
优质处方,0.2,0.15,12,440,96.26,90.95,101.87,-0.0382,0.0316,通过
优质处方,0.2,0.15,12,441,95.18,86.69,104.5,-0.0494,0.052,通过
优质处方,0.2,0.15,12,442,100.6,93.98,107.68,0.006,0.0379,通过
优质处方,0.2,0.15,12,443,93.39,85.32,102.23,-0.0684,0.0503,通过
优质处方,0.2,0.15,12,444,100.9,92.84,109.66,0.009,0.0463,通过
优质处方,0.2,0.15,12,445,104.74,98.1,111.83,0.0463,0.0365,通过
优质处方,0.2,0.15,12,446,104.84,97.32,112.95,0.0473,0.0415,通过
优质处方,0.2,0.15,12,447,100.18,95.0,105.66,0.0018,0.0296,通过
优质处方,0.2,0.15,12,448,108.82,100.5,117.82,0.0845,0.0443,通过
优质处方,0.2,0.15,12,449,101.19,92.55,110.64,0.0119,0.0497,通过
优质处方,0.2,0.15,12,450,102.79,93.51,112.99,0.0275,0.0527,通过
优质处方,0.2,0.15,12,451,98.22,92.28,104.54,-0.018,0.0347,通过
优质处方,0.2,0.15,12,452,103.88,95.42,113.1,0.0381,0.0473,通过
优质处方,0.2,0.15,12,453,104.66,93.79,116.79,0.0456,0.061,通过
优质处方,0.2,0.15,12,454,102.7,93.12,113.26,0.0266,0.0545,通过
优质处方,0.2,0.15,12,455,99.12,90.65,108.38,-0.0088,0.0497,通过
优质处方,0.2,0.15,12,456,104.22,96.67,112.36,0.0413,0.0419,通过
优质处方,0.2,0.15,12,457,98.4,92.37,104.82,-0.0162,0.0352,通过
优质处方,0.2,0.15,12,458,105.52,98.95,112.52,0.0537,0.0358,通过
优质处方,0.2,0.15,12,459,104.07,98.58,109.86,0.0399,0.0302,通过
优质处方,0.2,0.15,12,460,93.82,82.32,106.92,-0.0638,0.0728,通过
优质处方,0.2,0.15,12,461,102.13,92.7,112.52,0.0211,0.054,通过
优质处方,0.2,0.15,12,462,100.78,91.55,110.95,0.0078,0.0535,通过
优质处方,0.2,0.15,12,463,94.99,89.2,101.17,-0.0514,0.0351,通过
优质处方,0.2,0.15,12,464,98.75,91.76,106.28,-0.0125,0.0409,通过
优质处方,0.2,0.15,12,465,94.48,89.17,100.1,-0.0568,0.0322,通过
优质处方,0.2,0.15,12,466,105.55,98.21,113.44,0.054,0.0401,通过
优质处方,0.2,0.15,12,467,105.14,97.07,113.88,0.0501,0.0445,通过
优质处方,0.2,0.15,12,468,98.55,91.92,105.66,-0.0146,0.0388,通过
优质处方,0.2,0.15,12,469,97.8,91.9,104.07,-0.0223,0.0346,通过
优质处方,0.2,0.15,12,470,104.02,95.95,112.76,0.0394,0.0449,通过
优质处方,0.2,0.15,12,471,104.26,95.77,113.5,0.0417,0.0473,通过
优质处方,0.2,0.15,12,472,105.88,98.64,113.64,0.0571,0.0394,通过
优质处方,0.2,0.15,12,473,100.18,93.0,107.91,0.0018,0.0414,通过
优质处方,0.2,0.15,12,474,108.46,99.43,118.31,0.0812,0.0484,通过
优质处方,0.2,0.15,12,475,105.16,97.79,113.09,0.0503,0.0405,通过
优质处方,0.2,0.15,12,476,101.38,94.95,108.24,0.0137,0.0365,通过
优质处方,0.2,0.15,12,477,101.64,97.15,106.34,0.0163,0.0252,通过
优质处方,0.2,0.15,12,478,106.8,98.56,115.72,0.0657,0.0447,通过
优质处方,0.2,0.15,12,479,97.88,90.08,106.37,-0.0214,0.0463,通过
优质处方,0.2,0.15,12,480,105.66,96.43,115.77,0.055,0.0509,通过
优质处方,0.2,0.15,12,481,105.64,96.53,115.6,0.0548,0.0502,通过
优质处方,0.2,0.15,12,482,93.12,85.77,101.1,-0.0713,0.0458,通过
优质处方,0.2,0.15,12,483,95.43,89.63,101.61,-0.0468,0.0349,通过
优质处方,0.2,0.15,12,484,99.97,91.62,109.08,-0.0003,0.0486,通过
优质处方,0.2,0.15,12,485,104.06,96.08,112.7,0.0398,0.0444,通过
优质处方,0.2,0.15,12,486,98.63,91.07,106.81,-0.0138,0.0444,通过
优质处方,0.2,0.15,12,487,93.42,87.34,99.93,-0.068,0.0375,通过
优质处方,0.2,0.15,12,488,103.97,96.03,112.57,0.039,0.0442,通过
优质处方,0.2,0.15,12,489,100.08,89.02,112.52,0.0008,0.0652,通过
优质处方,0.2,0.15,12,490,102.02,93.18,111.71,0.02,0.0505,通过
优质处方,0.2,0.15,12,491,101.32,91.07,112.73,0.0131,0.0594,通过
优质处方,0.2,0.15,12,492,108.0,99.89,116.76,0.0769,0.0435,通过
优质处方,0.2,0.15,12,493,110.92,100.71,122.17,0.1037,0.0538,通过
优质处方,0.2,0.15,12,494,108.34,100.07,117.29,0.0801,0.0442,通过
优质处方,0.2,0.15,12,495,98.43,90.65,106.87,-0.0159,0.0458,通过
优质处方,0.2,0.15,12,496,98.9,94.99,102.97,-0.0111,0.0225,通过
优质处方,0.2,0.15,12,497,92.18,83.94,101.23,-0.0815,0.0521,通过
优质处方,0.2,0.15,12,498,96.11,91.24,101.23,-0.0397,0.0289,通过
优质处方,0.2,0.15,12,499,106.01,100.91,111.36,0.0583,0.0274,通过
优质处方,0.2,0.15,12,500,98.94,91.73,106.72,-0.0107,0.0421,通过
优质处方,0.2,0.15,18,1,98.05,91.41,105.18,-0.0197,0.0403,通过
优质处方,0.2,0.15,18,2,102.71,95.9,110.01,0.0268,0.0394,通过
优质处方,0.2,0.15,18,3,108.86,104.36,113.55,0.0848,0.0243,通过
优质处方,0.2,0.15,18,4,100.36,93.37,107.88,0.0036,0.0415,通过
优质处方,0.2,0.15,18,5,99.14,93.44,105.19,-0.0086,0.034,通过
优质处方,0.2,0.15,18,6,101.02,96.66,105.58,0.0102,0.0254,通过
优质处方,0.2,0.15,18,7,101.34,95.68,107.35,0.0134,0.0331,通过
优质处方,0.2,0.15,18,8,100.84,95.41,106.57,0.0084,0.0318,通过
优质处方,0.2,0.15,18,9,101.51,93.22,110.54,0.015,0.049,通过
优质处方,0.2,0.15,18,10,103.64,97.16,110.54,0.0357,0.0371,通过
优质处方,0.2,0.15,18,11,94.75,90.06,99.69,-0.0539,0.0292,通过
优质处方,0.2,0.15,18,12,103.63,96.62,111.15,0.0356,0.0403,通过
优质处方,0.2,0.15,18,13,101.75,95.19,108.76,0.0173,0.0383,通过
优质处方,0.2,0.15,18,14,103.52,96.31,111.27,0.0346,0.0415,通过
优质处方,0.2,0.15,18,15,106.26,98.34,114.81,0.0607,0.0445,通过
优质处方,0.2,0.15,18,16,100.72,93.95,107.97,0.0071,0.04,通过
优质处方,0.2,0.15,18,17,97.13,91.24,103.39,-0.0292,0.0359,通过
优质处方,0.2,0.15,18,18,103.64,97.0,110.73,0.0357,0.0381,通过
优质处方,0.2,0.15,18,19,99.27,95.53,103.17,-0.0073,0.0221,通过
优质处方,0.2,0.15,18,20,97.94,93.0,103.14,-0.0208,0.0298,通过
优质处方,0.2,0.15,18,21,94.04,87.17,101.45,-0.0614,0.0436,通过
优质处方,0.2,0.15,18,22,100.45,93.27,108.19,0.0045,0.0427,通过
优质处方,0.2,0.15,18,23,104.99,97.7,112.83,0.0487,0.0414,通过
优质处方,0.2,0.15,18,24,102.1,94.29,110.55,0.0208,0.0457,通过
优质处方,0.2,0.15,18,25,94.6,90.48,98.9,-0.0555,0.0256,通过
优质处方,0.2,0.15,18,26,105.49,99.88,111.41,0.0534,0.0314,通过
优质处方,0.2,0.15,18,27,108.13,102.57,114.0,0.0782,0.0304,通过
优质处方,0.2,0.15,18,28,102.69,97.43,108.24,0.0266,0.0303,通过
优质处方,0.2,0.15,18,29,99.54,93.49,105.99,-0.0046,0.036,通过
优质处方,0.2,0.15,18,30,101.18,96.49,106.09,0.0117,0.0273,通过
优质处方,0.2,0.15,18,31,102.22,94.15,110.98,0.022,0.0473,通过
优质处方,0.2,0.15,18,32,94.52,88.47,100.99,-0.0564,0.038,通过
优质处方,0.2,0.15,18,33,100.06,95.05,105.35,0.0006,0.0296,通过
优质处方,0.2,0.15,18,34,107.46,100.11,115.35,0.072,0.0407,通过
优质处方,0.2,0.15,18,35,100.83,95.4,106.56,0.0082,0.0318,通过
优质处方,0.2,0.15,18,36,99.58,93.51,106.04,-0.0042,0.0362,通过
优质处方,0.2,0.15,18,37,107.81,98.93,117.49,0.0752,0.0494,通过
优质处方,0.2,0.15,18,38,98.31,90.06,107.33,-0.017,0.0504,通过
优质处方,0.2,0.15,18,39,99.05,90.44,108.47,-0.0096,0.0523,通过
优质处方,0.2,0.15,18,40,98.43,91.62,105.74,-0.0158,0.0412,通过
优质处方,0.2,0.15,18,41,99.18,94.05,104.59,-0.0082,0.0305,通过
优质处方,0.2,0.15,18,42,101.59,94.72,108.97,0.0158,0.0403,通过
优质处方,0.2,0.15,18,43,102.76,97.12,108.73,0.0272,0.0325,通过
优质处方,0.2,0.15,18,44,103.95,95.92,112.65,0.0387,0.0462,通过
优质处方,0.2,0.15,18,45,110.48,101.0,120.85,0.0997,0.0516,通过
优质处方,0.2,0.15,18,46,98.96,90.3,108.45,-0.0105,0.0526,通过
优质处方,0.2,0.15,18,47,99.9,95.55,104.46,-0.001,0.0256,通过
优质处方,0.2,0.15,18,48,108.57,101.92,115.65,0.0822,0.0363,通过
优质处方,0.2,0.15,18,49,108.09,102.16,114.37,0.0778,0.0325,通过
优质处方,0.2,0.15,18,50,100.69,94.27,107.54,0.0069,0.0378,通过
优质处方,0.2,0.15,18,51,102.05,94.36,110.37,0.0203,0.0451,通过
优质处方,0.2,0.15,18,52,99.84,94.51,105.48,-0.0016,0.0316,通过
优质处方,0.2,0.15,18,53,100.04,94.59,105.8,0.0004,0.0322,通过
优质处方,0.2,0.15,18,54,100.31,94.74,106.22,0.0031,0.0329,通过
优质处方,0.2,0.15,18,55,103.54,97.0,110.52,0.0348,0.0375,通过
优质处方,0.2,0.15,18,56,99.13,92.43,106.33,-0.0087,0.0403,通过
优质处方,0.2,0.15,18,57,103.24,96.85,110.04,0.0319,0.0367,通过
优质处方,0.2,0.15,18,58,107.7,98.64,117.6,0.0742,0.0505,通过
优质处方,0.2,0.15,18,59,98.38,91.22,106.09,-0.0164,0.0434,通过
优质处方,0.2,0.15,18,60,97.87,92.57,103.47,-0.0216,0.032,通过
优质处方,0.2,0.15,18,61,100.67,95.31,106.34,0.0067,0.0315,通过
优质处方,0.2,0.15,18,62,94.64,88.74,100.94,-0.0551,0.037,通过
优质处方,0.2,0.15,18,63,105.77,100.72,111.07,0.0561,0.0281,通过
优质处方,0.2,0.15,18,64,98.77,92.52,105.43,-0.0124,0.0375,通过
优质处方,0.2,0.15,18,65,106.36,99.63,113.54,0.0617,0.0376,通过
优质处方,0.2,0.15,18,66,104.32,97.93,111.12,0.0423,0.0363,通过
优质处方,0.2,0.15,18,67,107.48,101.61,113.69,0.0721,0.0323,通过
优质处方,0.2,0.15,18,68,104.67,98.83,110.87,0.0457,0.033,通过
优质处方,0.2,0.15,18,69,100.79,95.36,106.52,0.0078,0.0318,通过
优质处方,0.2,0.15,18,70,103.11,98.02,108.46,0.0306,0.0291,通过
优质处方,0.2,0.15,18,71,103.81,96.88,111.24,0.0374,0.0397,通过
优质处方,0.2,0.15,18,72,100.2,93.69,107.17,0.002,0.0386,通过
优质处方,0.2,0.15,18,73,108.61,101.94,115.71,0.0826,0.0364,通过
优质处方,0.2,0.15,18,74,102.14,94.88,109.94,0.0211,0.0423,通过
优质处方,0.2,0.15,18,75,102.43,94.31,111.24,0.024,0.0475,通过
优质处方,0.2,0.15,18,76,102.76,96.34,109.62,0.0272,0.0371,通过
优质处方,0.2,0.15,18,77,99.88,94.54,105.53,-0.0012,0.0316,通过
优质处方,0.2,0.15,18,78,105.29,99.79,111.09,0.0516,0.0308,通过
优质处方,0.2,0.15,18,79,100.13,93.96,106.71,0.0013,0.0366,通过
优质处方,0.2,0.15,18,80,101.38,94.22,109.08,0.0137,0.0421,通过
优质处方,0.2,0.15,18,81,101.05,94.63,107.91,0.0105,0.0377,通过
优质处方,0.2,0.15,18,82,105.93,100.84,111.28,0.0576,0.0283,通过
优质处方,0.2,0.15,18,83,100.21,95.39,105.28,0.0021,0.0283,通过
优质处方,0.2,0.15,18,84,98.32,93.11,103.82,-0.017,0.0313,通过
优质处方,0.2,0.15,18,85,101.13,95.14,107.5,0.0113,0.0351,通过
优质处方,0.2,0.15,18,86,97.77,91.89,104.02,-0.0226,0.0357,通过
优质处方,0.2,0.15,18,87,98.03,91.41,105.13,-0.0199,0.0402,通过
优质处方,0.2,0.15,18,88,93.59,90.09,97.22,-0.0662,0.0219,通过
优质处方,0.2,0.15,18,89,104.56,97.89,111.69,0.0446,0.0379,通过
优质处方,0.2,0.15,18,90,106.26,99.51,113.48,0.0608,0.0378,通过
优质处方,0.2,0.15,18,91,101.46,95.41,107.9,0.0145,0.0354,通过
优质处方,0.2,0.15,18,92,109.68,103.6,116.12,0.0924,0.0328,通过
优质处方,0.2,0.15,18,93,98.22,93.9,102.73,-0.018,0.0258,通过
优质处方,0.2,0.15,18,94,104.88,99.18,110.92,0.0477,0.0322,通过
优质处方,0.2,0.15,18,95,104.91,98.09,112.2,0.0479,0.0386,通过
优质处方,0.2,0.15,18,96,106.85,100.18,113.97,0.0663,0.0371,通过
优质处方,0.2,0.15,18,97,103.05,96.03,110.58,0.03,0.0405,通过
优质处方,0.2,0.15,18,98,99.34,91.73,107.57,-0.0067,0.0458,通过
优质处方,0.2,0.15,18,99,98.38,91.63,105.64,-0.0163,0.0409,通过
优质处方,0.2,0.15,18,100,94.83,90.1,99.81,-0.0531,0.0294,通过
优质处方,0.2,0.15,18,101,106.49,99.92,113.49,0.0629,0.0366,通过
优质处方,0.2,0.15,18,102,102.35,97.6,107.34,0.0232,0.0273,通过
优质处方,0.2,0.15,18,103,107.02,100.37,114.11,0.0678,0.0369,通过
优质处方,0.2,0.15,18,104,105.71,97.8,114.26,0.0555,0.0447,通过
优质处方,0.2,0.15,18,105,104.14,96.34,112.57,0.0405,0.0448,通过
优质处方,0.2,0.15,18,106,101.03,95.57,106.81,0.0103,0.032,通过
优质处方,0.2,0.15,18,107,98.96,93.29,104.99,-0.0104,0.034,通过
优质处方,0.2,0.15,18,108,107.78,101.4,114.56,0.0749,0.0351,通过
优质处方,0.2,0.15,18,109,101.6,94.46,109.28,0.0159,0.0419,通过
优质处方,0.2,0.15,18,110,104.45,98.78,110.45,0.0436,0.0321,通过
优质处方,0.2,0.15,18,111,99.02,91.77,106.85,-0.0098,0.0437,通过
优质处方,0.2,0.15,18,112,94.74,89.54,100.24,-0.054,0.0324,通过
优质处方,0.2,0.15,18,113,110.78,103.22,118.9,0.1024,0.0407,通过
优质处方,0.2,0.15,18,114,97.37,92.61,102.37,-0.0267,0.0288,通过
优质处方,0.2,0.15,18,115,99.51,94.86,104.4,-0.0049,0.0275,通过
优质处方,0.2,0.15,18,116,99.63,94.91,104.58,-0.0037,0.0279,通过
优质处方,0.2,0.15,18,117,101.59,93.8,110.03,0.0158,0.0459,通过
优质处方,0.2,0.15,18,118,95.36,89.46,101.64,-0.0476,0.0367,通过
优质处方,0.2,0.15,18,119,106.94,100.93,113.32,0.0671,0.0333,通过
优质处方,0.2,0.15,18,120,97.64,92.08,103.54,-0.0239,0.0337,通过
优质处方,0.2,0.15,18,121,100.15,95.13,105.43,0.0015,0.0296,通过
优质处方,0.2,0.15,18,122,104.48,99.38,109.85,0.0439,0.0288,通过
优质处方,0.2,0.15,18,123,102.03,94.99,109.6,0.0201,0.0411,通过
优质处方,0.2,0.15,18,124,99.49,91.67,107.97,-0.0051,0.0471,通过
优质处方,0.2,0.15,18,125,97.39,90.47,104.84,-0.0264,0.0424,通过
优质处方,0.2,0.15,18,126,102.46,96.95,108.29,0.0243,0.0318,通过
优质处方,0.2,0.15,18,127,105.46,99.65,111.62,0.0532,0.0326,通过
优质处方,0.2,0.15,18,128,106.28,100.85,112.01,0.0609,0.0302,通过
优质处方,0.2,0.15,18,129,102.29,95.38,109.71,0.0227,0.0402,通过
优质处方,0.2,0.15,18,130,106.1,99.44,113.19,0.0592,0.0372,通过
优质处方,0.2,0.15,18,131,107.41,98.51,117.12,0.0715,0.0497,通过
优质处方,0.2,0.15,18,132,95.48,90.29,100.97,-0.0462,0.0321,通过
优质处方,0.2,0.15,18,133,99.28,93.17,105.8,-0.0072,0.0365,通过
优质处方,0.2,0.15,18,134,104.04,98.37,110.04,0.0396,0.0322,通过
优质处方,0.2,0.15,18,135,100.29,94.29,106.66,0.0028,0.0355,通过
优质处方,0.2,0.15,18,136,104.66,98.47,111.24,0.0455,0.035,通过
优质处方,0.2,0.15,18,137,98.86,93.57,104.44,-0.0115,0.0316,通过
优质处方,0.2,0.15,18,138,97.72,91.34,104.55,-0.0231,0.0388,通过
优质处方,0.2,0.15,18,139,99.66,92.44,107.44,-0.0035,0.0432,通过
优质处方,0.2,0.15,18,140,102.16,95.49,109.3,0.0214,0.0388,通过
优质处方,0.2,0.15,18,141,103.47,95.83,111.73,0.0341,0.0441,通过
优质处方,0.2,0.15,18,142,104.8,96.95,113.28,0.0469,0.0447,通过
优质处方,0.2,0.15,18,143,100.36,94.16,106.97,0.0036,0.0367,通过
优质处方,0.2,0.15,18,144,106.63,101.27,112.28,0.0642,0.0297,通过
优质处方,0.2,0.15,18,145,99.93,93.65,106.62,-0.0007,0.0373,通过
优质处方,0.2,0.15,18,146,105.15,99.34,111.3,0.0502,0.0327,通过
优质处方,0.2,0.15,18,147,103.38,97.01,110.16,0.0332,0.0366,通过
优质处方,0.2,0.15,18,148,102.34,94.81,110.45,0.0231,0.0439,通过
优质处方,0.2,0.15,18,149,99.66,93.8,105.89,-0.0034,0.0349,通过
优质处方,0.2,0.15,18,150,98.23,90.54,106.57,-0.0179,0.0468,通过
优质处方,0.2,0.15,18,151,103.17,96.42,110.39,0.0312,0.0389,通过
优质处方,0.2,0.15,18,152,99.54,93.56,105.9,-0.0046,0.0356,通过
优质处方,0.2,0.15,18,153,100.16,92.79,108.11,0.0016,0.0439,通过
优质处方,0.2,0.15,18,154,96.08,89.05,103.66,-0.04,0.0436,通过
优质处方,0.2,0.15,18,155,104.59,97.87,111.77,0.0449,0.0382,通过
优质处方,0.2,0.15,18,156,99.22,94.54,104.13,-0.0078,0.0278,通过
优质处方,0.2,0.15,18,157,95.79,90.88,100.97,-0.043,0.0303,通过
优质处方,0.2,0.15,18,158,100.39,93.55,107.73,0.0039,0.0406,通过
优质处方,0.2,0.15,18,159,98.67,92.05,105.77,-0.0134,0.0399,通过
优质处方,0.2,0.15,18,160,106.56,98.48,115.31,0.0636,0.0454,通过
优质处方,0.2,0.15,18,161,102.72,97.64,108.07,0.0269,0.0292,通过
优质处方,0.2,0.15,18,162,101.59,94.76,108.91,0.0158,0.04,通过
优质处方,0.2,0.15,18,163,103.82,96.69,111.47,0.0375,0.0409,通过
优质处方,0.2,0.15,18,164,103.23,98.52,108.17,0.0318,0.0268,通过
优质处方,0.2,0.15,18,165,101.3,94.9,108.15,0.013,0.0376,通过
优质处方,0.2,0.15,18,166,99.87,94.36,105.69,-0.0013,0.0326,通过
优质处方,0.2,0.15,18,167,101.01,96.15,106.11,0.01,0.0283,通过
优质处方,0.2,0.15,18,168,104.91,100.33,109.7,0.0479,0.0257,通过
优质处方,0.2,0.15,18,169,95.26,89.41,101.49,-0.0486,0.0364,通过
优质处方,0.2,0.15,18,170,98.55,92.72,104.75,-0.0146,0.0351,通过
优质处方,0.2,0.15,18,171,101.63,97.4,106.04,0.0162,0.0245,通过
优质处方,0.2,0.15,18,172,103.14,97.84,108.73,0.0309,0.0303,通过
优质处方,0.2,0.15,18,173,99.75,92.54,107.52,-0.0025,0.0431,通过
优质处方,0.2,0.15,18,174,96.97,90.79,103.58,-0.0307,0.0379,通过
优质处方,0.2,0.15,18,175,99.15,91.99,106.87,-0.0085,0.0431,通过
优质处方,0.2,0.15,18,176,105.53,96.61,115.28,0.0538,0.0508,通过
优质处方,0.2,0.15,18,177,97.51,90.22,105.4,-0.0252,0.0447,通过
优质处方,0.2,0.15,18,178,102.74,96.24,109.67,0.027,0.0375,通过
优质处方,0.2,0.15,18,179,99.39,93.9,105.2,-0.0061,0.0327,通过
优质处方,0.2,0.15,18,180,99.79,94.71,105.15,-0.0021,0.0301,通过
优质处方,0.2,0.15,18,181,100.78,94.38,107.62,0.0078,0.0378,通过
优质处方,0.2,0.15,18,182,103.39,98.59,108.42,0.0333,0.0273,通过
优质处方,0.2,0.15,18,183,103.82,97.48,110.56,0.0375,0.0362,通过
优质处方,0.2,0.15,18,184,102.79,96.32,109.7,0.0275,0.0374,通过
优质处方,0.2,0.15,18,185,98.07,93.74,102.6,-0.0195,0.026,通过
优质处方,0.2,0.15,18,186,108.25,101.34,115.64,0.0793,0.038,通过
优质处方,0.2,0.15,18,187,97.6,92.91,102.52,-0.0243,0.0283,通过
优质处方,0.2,0.15,18,188,102.77,95.5,110.59,0.0273,0.0422,通过
优质处方,0.2,0.15,18,189,98.8,94.51,103.29,-0.0121,0.0255,通过
优质处方,0.2,0.15,18,190,93.8,86.79,101.38,-0.064,0.0447,通过
优质处方,0.2,0.15,18,191,95.8,89.69,102.33,-0.0429,0.0379,通过
优质处方,0.2,0.15,18,192,99.53,93.9,105.5,-0.0047,0.0335,通过
优质处方,0.2,0.15,18,193,102.08,96.67,107.79,0.0206,0.0313,通过
优质处方,0.2,0.15,18,194,96.93,92.32,101.77,-0.0312,0.028,通过
优质处方,0.2,0.15,18,195,99.34,92.51,106.67,-0.0066,0.0409,通过
优质处方,0.2,0.15,18,196,102.14,95.47,109.27,0.0211,0.0388,通过
优质处方,0.2,0.15,18,197,99.91,94.57,105.55,-0.0009,0.0316,通过
优质处方,0.2,0.15,18,198,109.82,104.61,115.29,0.0937,0.028,通过
优质处方,0.2,0.15,18,199,101.75,95.85,108.02,0.0174,0.0343,通过
优质处方,0.2,0.15,18,200,97.08,91.93,102.52,-0.0296,0.0313,通过
优质处方,0.2,0.15,18,201,104.74,99.38,110.39,0.0463,0.0302,通过
优质处方,0.2,0.15,18,202,100.2,93.77,107.06,0.002,0.0381,通过
优质处方,0.2,0.15,18,203,99.45,93.13,106.2,-0.0055,0.0377,通过
优质处方,0.2,0.15,18,204,98.95,93.91,104.25,-0.0106,0.03,通过
优质处方,0.2,0.15,18,205,100.1,95.77,104.62,0.001,0.0254,通过
优质处方,0.2,0.15,18,206,101.55,95.45,108.03,0.0154,0.0356,通过
优质处方,0.2,0.15,18,207,113.42,104.47,123.14,0.126,0.0472,通过
优质处方,0.2,0.15,18,208,98.76,93.09,104.78,-0.0125,0.034,通过
优质处方,0.2,0.15,18,209,102.05,96.64,107.77,0.0203,0.0313,通过
优质处方,0.2,0.15,18,210,99.87,94.3,105.77,-0.0013,0.033,通过
优质处方,0.2,0.15,18,211,101.5,96.99,106.23,0.0149,0.0261,通过
优质处方,0.2,0.15,18,212,105.32,97.7,113.53,0.0518,0.0432,通过
优质处方,0.2,0.15,18,213,105.9,99.28,112.95,0.0573,0.0371,通过
优质处方,0.2,0.15,18,214,101.65,95.82,107.83,0.0163,0.0339,通过
优质处方,0.2,0.15,18,215,109.24,100.76,118.43,0.0884,0.0465,通过
优质处方,0.2,0.15,18,216,100.97,94.66,107.69,0.0096,0.0371,通过
优质处方,0.2,0.15,18,217,103.0,96.22,110.26,0.0296,0.0392,通过
优质处方,0.2,0.15,18,218,102.96,97.16,109.11,0.0292,0.0333,通过
优质处方,0.2,0.15,18,219,104.77,97.92,112.11,0.0466,0.0389,通过
优质处方,0.2,0.15,18,220,97.15,88.19,107.01,-0.0289,0.0556,通过
优质处方,0.2,0.15,18,221,99.48,90.96,108.79,-0.0053,0.0514,通过
优质处方,0.2,0.15,18,222,101.1,97.64,104.69,0.011,0.02,通过
优质处方,0.2,0.15,18,223,103.83,96.71,111.47,0.0375,0.0408,通过
优质处方,0.2,0.15,18,224,103.31,97.32,109.67,0.0326,0.0343,通过
优质处方,0.2,0.15,18,225,100.2,92.42,108.63,0.002,0.0465,通过
优质处方,0.2,0.15,18,226,97.63,92.19,103.4,-0.024,0.033,通过
优质处方,0.2,0.15,18,227,105.11,98.86,111.74,0.0498,0.0352,通过
优质处方,0.2,0.15,18,228,108.26,100.65,116.44,0.0794,0.0419,通过
优质处方,0.2,0.15,18,229,95.94,89.09,103.33,-0.0414,0.0426,通过
优质处方,0.2,0.15,18,230,97.65,89.53,106.5,-0.0238,0.0499,通过
优质处方,0.2,0.15,18,231,104.7,98.61,111.18,0.046,0.0345,通过
优质处方,0.2,0.15,18,232,104.07,96.84,111.84,0.0399,0.0414,通过
优质处方,0.2,0.15,18,233,105.44,99.14,112.14,0.0529,0.0354,通过
优质处方,0.2,0.15,18,234,97.17,90.55,104.26,-0.0287,0.0405,通过
优质处方,0.2,0.15,18,235,102.74,98.64,107.02,0.0271,0.0234,通过
优质处方,0.2,0.15,18,236,105.52,98.46,113.09,0.0538,0.0398,通过
优质处方,0.2,0.15,18,237,102.15,95.09,109.74,0.0213,0.0412,通过
优质处方,0.2,0.15,18,238,96.92,91.61,102.55,-0.0312,0.0324,通过
优质处方,0.2,0.15,18,239,94.74,88.43,101.5,-0.0541,0.0396,通过
优质处方,0.2,0.15,18,240,99.16,93.87,104.75,-0.0084,0.0315,通过
优质处方,0.2,0.15,18,241,95.0,89.39,100.97,-0.0513,0.035,通过
优质处方,0.2,0.15,18,242,111.03,103.01,119.67,0.1046,0.0431,通过
优质处方,0.2,0.15,18,243,98.31,92.47,104.51,-0.0171,0.0352,通过
优质处方,0.2,0.15,18,244,105.17,99.88,110.73,0.0504,0.0296,通过
优质处方,0.2,0.15,18,245,100.59,95.21,106.27,0.0059,0.0316,通过
优质处方,0.2,0.15,18,246,105.22,100.15,110.54,0.0509,0.0284,通过
优质处方,0.2,0.15,18,247,103.23,97.21,109.63,0.0318,0.0345,通过
优质处方,0.2,0.15,18,248,104.46,97.31,112.13,0.0436,0.0408,通过
优质处方,0.2,0.15,18,249,101.53,94.45,109.14,0.0152,0.0416,通过
优质处方,0.2,0.15,18,250,99.41,92.98,106.29,-0.0059,0.0385,通过
优质处方,0.2,0.15,18,251,104.83,99.78,110.13,0.0471,0.0284,通过
优质处方,0.2,0.15,18,252,97.05,91.0,103.5,-0.03,0.037,通过
优质处方,0.2,0.15,18,253,105.02,100.35,109.9,0.0489,0.0261,通过
优质处方,0.2,0.15,18,254,104.65,97.77,112.01,0.0455,0.0391,通过
优质处方,0.2,0.15,18,255,101.54,95.18,108.31,0.0152,0.0371,通过
优质处方,0.2,0.15,18,256,104.8,99.77,110.09,0.0469,0.0283,通过
优质处方,0.2,0.15,18,257,102.81,96.46,109.58,0.0278,0.0367,通过
优质处方,0.2,0.15,18,258,103.6,95.83,112.01,0.0354,0.0448,通过
优质处方,0.2,0.15,18,259,97.32,91.84,103.12,-0.0272,0.0333,通过
优质处方,0.2,0.15,18,260,99.61,93.68,105.9,-0.0039,0.0352,通过
优质处方,0.2,0.15,18,261,105.26,96.43,114.91,0.0513,0.0504,通过
优质处方,0.2,0.15,18,262,104.43,98.98,110.18,0.0433,0.0308,通过
优质处方,0.2,0.15,18,263,98.25,91.72,105.24,-0.0177,0.0395,通过
优质处方,0.2,0.15,18,264,100.36,91.83,109.7,0.0036,0.0511,通过
优质处方,0.2,0.15,18,265,103.65,98.29,109.3,0.0359,0.0305,通过
优质处方,0.2,0.15,18,266,108.82,103.42,114.5,0.0845,0.0292,通过
优质处方,0.2,0.15,18,267,98.04,90.76,105.91,-0.0198,0.0444,通过
优质处方,0.2,0.15,18,268,99.94,93.94,106.33,-0.0006,0.0356,通过
优质处方,0.2,0.15,18,269,101.19,95.03,107.76,0.0119,0.0361,通过
优质处方,0.2,0.15,18,270,96.02,91.99,100.23,-0.0406,0.0246,通过
优质处方,0.2,0.15,18,271,107.89,102.21,113.89,0.076,0.0311,通过
优质处方,0.2,0.15,18,272,95.58,88.76,102.93,-0.0452,0.0425,通过
优质处方,0.2,0.15,18,273,109.87,103.31,116.86,0.0942,0.0354,通过
优质处方,0.2,0.15,18,274,104.3,98.81,110.09,0.0421,0.0311,通过
优质处方,0.2,0.15,18,275,96.07,92.98,99.26,-0.0401,0.0188,通过
优质处方,0.2,0.15,18,276,96.98,91.36,102.95,-0.0307,0.0344,通过
优质处方,0.2,0.15,18,277,95.29,90.11,100.77,-0.0482,0.0321,通过
优质处方,0.2,0.15,18,278,104.91,97.51,112.86,0.0479,0.042,通过
优质处方,0.2,0.15,18,279,103.22,96.49,110.42,0.0317,0.0387,通过
优质处方,0.2,0.15,18,280,106.77,99.57,114.49,0.0655,0.0401,通过
优质处方,0.2,0.15,18,281,105.43,98.64,112.7,0.0529,0.0383,通过
优质处方,0.2,0.15,18,282,96.57,90.2,103.4,-0.0349,0.0393,通过
优质处方,0.2,0.15,18,283,105.51,99.31,112.09,0.0536,0.0348,通过
优质处方,0.2,0.15,18,284,106.95,100.43,113.89,0.0671,0.0362,通过
优质处方,0.2,0.15,18,285,103.37,97.95,109.09,0.0331,0.031,通过
优质处方,0.2,0.15,18,286,97.94,92.05,104.21,-0.0208,0.0356,通过
优质处方,0.2,0.15,18,287,105.59,96.25,115.85,0.0544,0.0533,通过
优质处方,0.2,0.15,18,288,100.33,94.64,106.38,0.0033,0.0336,通过
优质处方,0.2,0.15,18,289,102.01,94.75,109.83,0.0199,0.0425,通过
优质处方,0.2,0.15,18,290,105.37,97.76,113.57,0.0523,0.0431,通过
优质处方,0.2,0.15,18,291,103.46,98.11,109.11,0.034,0.0305,通过
优质处方,0.2,0.15,18,292,92.77,87.64,98.2,-0.0751,0.0327,通过
优质处方,0.2,0.15,18,293,94.24,88.28,100.61,-0.0593,0.0376,通过
优质处方,0.2,0.15,18,294,101.67,96.11,107.54,0.0165,0.0323,通过
优质处方,0.2,0.15,18,295,99.01,92.65,105.82,-0.0099,0.0382,通过
优质处方,0.2,0.15,18,296,107.17,101.57,113.08,0.0692,0.0309,通过
优质处方,0.2,0.15,18,297,101.5,96.13,107.18,0.0149,0.0313,通过
优质处方,0.2,0.15,18,298,102.44,97.22,107.95,0.0241,0.0301,通过
优质处方,0.2,0.15,18,299,98.81,91.85,106.3,-0.0119,0.042,通过
优质处方,0.2,0.15,18,300,105.3,98.8,112.22,0.0516,0.0366,通过
优质处方,0.2,0.15,18,301,100.51,93.58,107.95,0.0051,0.0411,通过
优质处方,0.2,0.15,18,302,99.38,92.67,106.58,-0.0062,0.0402,通过
优质处方,0.2,0.15,18,303,99.83,92.68,107.54,-0.0017,0.0428,通过
优质处方,0.2,0.15,18,304,102.8,96.76,109.21,0.0276,0.0348,通过
优质处方,0.2,0.15,18,305,108.32,102.3,114.69,0.0799,0.0329,通过
优质处方,0.2,0.15,18,306,100.21,93.52,107.37,0.0021,0.0397,通过
优质处方,0.2,0.15,18,307,94.64,89.26,100.35,-0.0551,0.0337,通过
优质处方,0.2,0.15,18,308,99.27,93.38,105.53,-0.0074,0.0352,通过
优质处方,0.2,0.15,18,309,102.09,94.84,109.9,0.0207,0.0424,通过
优质处方,0.2,0.15,18,310,103.53,98.29,109.05,0.0347,0.0299,通过
优质处方,0.2,0.15,18,311,104.82,98.31,111.77,0.0471,0.0369,通过
优质处方,0.2,0.15,18,312,101.32,95.47,107.52,0.0131,0.0342,通过
优质处方,0.2,0.15,18,313,98.84,92.4,105.73,-0.0117,0.0387,通过
优质处方,0.2,0.15,18,314,100.66,94.24,107.51,0.0065,0.0379,通过
优质处方,0.2,0.15,18,315,104.39,98.53,110.6,0.043,0.0332,通过
优质处方,0.2,0.15,18,316,102.57,96.42,109.11,0.0254,0.0355,通过
优质处方,0.2,0.15,18,317,101.26,95.48,107.39,0.0125,0.0338,通过
优质处方,0.2,0.15,18,318,94.92,88.84,101.41,-0.0522,0.038,通过
优质处方,0.2,0.15,18,319,95.01,89.36,101.02,-0.0512,0.0353,通过
优质处方,0.2,0.15,18,320,102.55,95.69,109.91,0.0252,0.0398,通过
优质处方,0.2,0.15,18,321,98.49,92.86,104.46,-0.0152,0.0338,通过
优质处方,0.2,0.15,18,322,95.54,89.78,101.67,-0.0456,0.0357,通过
优质处方,0.2,0.15,18,323,90.54,84.56,96.95,-0.0993,0.0393,通过
优质处方,0.2,0.15,18,324,101.74,94.86,109.12,0.0173,0.0403,通过
优质处方,0.2,0.15,18,325,100.17,93.94,106.82,0.0017,0.0369,通过
优质处方,0.2,0.15,18,326,96.64,90.8,102.85,-0.0342,0.0358,通过
优质处方,0.2,0.15,18,327,99.75,95.22,104.49,-0.0025,0.0267,通过
优质处方,0.2,0.15,18,328,101.01,94.59,107.86,0.01,0.0378,通过
优质处方,0.2,0.15,18,329,103.04,97.43,108.97,0.03,0.0322,通过
优质处方,0.2,0.15,18,330,107.7,100.81,115.05,0.0742,0.038,通过
优质处方,0.2,0.15,18,331,100.39,94.62,106.52,0.0039,0.034,通过
优质处方,0.2,0.15,18,332,101.77,95.71,108.23,0.0176,0.0353,通过
优质处方,0.2,0.15,18,333,105.46,98.5,112.92,0.0532,0.0393,通过
优质处方,0.2,0.15,18,334,97.85,92.92,103.04,-0.0218,0.0297,通过
优质处方,0.2,0.15,18,335,97.29,91.41,103.56,-0.0274,0.0359,通过
优质处方,0.2,0.15,18,336,102.45,97.31,107.86,0.0242,0.0296,通过
优质处方,0.2,0.15,18,337,103.46,97.8,109.45,0.034,0.0323,通过
优质处方,0.2,0.15,18,338,98.53,91.27,106.37,-0.0148,0.044,通过
优质处方,0.2,0.15,18,339,107.21,102.85,111.75,0.0696,0.0239,通过
优质处方,0.2,0.15,18,340,99.01,93.62,104.71,-0.0099,0.0322,通过
优质处方,0.2,0.15,18,341,105.79,99.48,112.49,0.0563,0.0353,通过
优质处方,0.2,0.15,18,342,99.89,94.1,106.04,-0.0011,0.0343,通过
优质处方,0.2,0.15,18,343,97.52,94.27,100.89,-0.0251,0.0195,通过
优质处方,0.2,0.15,18,344,102.05,96.73,107.67,0.0203,0.0308,通过
优质处方,0.2,0.15,18,345,102.87,97.61,108.41,0.0283,0.0301,通过
优质处方,0.2,0.15,18,346,101.09,93.92,108.81,0.0109,0.0423,通过
优质处方,0.2,0.15,18,347,103.05,96.53,110.01,0.03,0.0376,通过
优质处方,0.2,0.15,18,348,103.45,96.91,110.44,0.034,0.0376,通过
优质处方,0.2,0.15,18,349,94.04,87.66,100.89,-0.0614,0.0404,通过
优质处方,0.2,0.15,18,350,103.44,97.34,109.92,0.0338,0.0349,通过
优质处方,0.2,0.15,18,351,101.25,93.43,109.72,0.0124,0.0462,通过
优质处方,0.2,0.15,18,352,96.53,92.8,100.41,-0.0353,0.0226,通过
优质处方,0.2,0.15,18,353,101.21,94.44,108.48,0.0121,0.0398,通过
优质处方,0.2,0.15,18,354,99.76,93.83,106.06,-0.0024,0.0352,通过
优质处方,0.2,0.15,18,355,108.06,101.18,115.41,0.0775,0.0378,通过
优质处方,0.2,0.15,18,356,96.91,91.17,103.01,-0.0314,0.0351,通过
优质处方,0.2,0.15,18,357,104.0,97.4,111.04,0.0392,0.0377,通过
优质处方,0.2,0.15,18,358,102.21,94.85,110.14,0.0218,0.0429,通过
优质处方,0.2,0.15,18,359,99.87,93.83,106.29,-0.0013,0.0358,通过
优质处方,0.2,0.15,18,360,102.28,94.62,110.57,0.0226,0.0448,通过
优质处方,0.2,0.15,18,361,95.89,90.95,101.09,-0.042,0.0304,通过
优质处方,0.2,0.15,18,362,101.14,94.79,107.91,0.0113,0.0373,通过
优质处方,0.2,0.15,18,363,96.11,91.22,101.27,-0.0397,0.0301,通过
优质处方,0.2,0.15,18,364,103.63,97.3,110.37,0.0356,0.0362,通过
优质处方,0.2,0.15,18,365,101.52,93.5,110.22,0.0151,0.0473,通过
优质处方,0.2,0.15,18,366,100.74,95.0,106.84,0.0074,0.0338,通过
优质处方,0.2,0.15,18,367,102.92,96.1,110.24,0.0288,0.0395,通过
优质处方,0.2,0.15,18,368,100.49,95.12,106.17,0.0049,0.0316,通过
优质处方,0.2,0.15,18,369,100.24,94.52,106.32,0.0024,0.0338,通过
优质处方,0.2,0.15,18,370,97.58,91.26,104.33,-0.0245,0.0385,通过
优质处方,0.2,0.15,18,371,100.74,95.72,106.02,0.0074,0.0294,通过
优质处方,0.2,0.15,18,372,105.53,98.59,112.96,0.0538,0.0391,通过
优质处方,0.2,0.15,18,373,101.15,95.74,106.86,0.0114,0.0316,通过
优质处方,0.2,0.15,18,374,97.74,90.64,105.41,-0.0228,0.0434,通过
优质处方,0.2,0.15,18,375,99.46,95.62,103.45,-0.0054,0.0226,通过
优质处方,0.2,0.15,18,376,101.24,94.92,107.98,0.0123,0.037,通过
优质处方,0.2,0.15,18,377,97.5,91.4,104.0,-0.0254,0.0371,通过
优质处方,0.2,0.15,18,378,105.56,100.0,111.44,0.0541,0.0311,通过
优质处方,0.2,0.15,18,379,102.98,97.18,109.14,0.0294,0.0334,通过
优质处方,0.2,0.15,18,380,96.41,91.12,102.0,-0.0366,0.0324,通过
优质处方,0.2,0.15,18,381,103.01,96.96,109.44,0.0296,0.0348,通过
优质处方,0.2,0.15,18,382,97.55,91.75,103.71,-0.0248,0.0352,通过
优质处方,0.2,0.15,18,383,95.42,89.51,101.72,-0.0469,0.0368,通过
优质处方,0.2,0.15,18,384,98.81,92.54,105.51,-0.0119,0.0377,通过
优质处方,0.2,0.15,18,385,97.61,90.99,104.71,-0.0242,0.0404,通过
优质处方,0.2,0.15,18,386,104.77,98.59,111.34,0.0466,0.0349,通过
优质处方,0.2,0.15,18,387,98.74,93.99,103.73,-0.0127,0.0283,通过
优质处方,0.2,0.15,18,388,104.97,98.08,112.35,0.0485,0.039,通过
优质处方,0.2,0.15,18,389,96.91,90.63,103.62,-0.0314,0.0385,通过
优质处方,0.2,0.15,18,390,103.47,97.05,110.31,0.0341,0.0368,通过
优质处方,0.2,0.15,18,391,97.93,90.92,105.47,-0.021,0.0427,通过
优质处方,0.2,0.15,18,392,99.12,91.86,106.95,-0.0088,0.0437,通过
优质处方,0.2,0.15,18,393,100.56,94.56,106.95,0.0056,0.0354,通过
优质处方,0.2,0.15,18,394,98.59,93.51,103.94,-0.0142,0.0304,通过
优质处方,0.2,0.15,18,395,103.58,97.69,109.82,0.0352,0.0337,通过
优质处方,0.2,0.15,18,396,98.46,93.43,103.77,-0.0155,0.0302,通过
优质处方,0.2,0.15,18,397,98.67,90.51,107.57,-0.0134,0.0496,通过
优质处方,0.2,0.15,18,398,104.75,98.3,111.63,0.0464,0.0366,通过
优质处方,0.2,0.15,18,399,102.1,94.99,109.74,0.0208,0.0415,通过
优质处方,0.2,0.15,18,400,108.15,102.47,114.14,0.0784,0.031,通过
优质处方,0.2,0.15,18,401,99.25,93.56,105.29,-0.0075,0.034,通过
优质处方,0.2,0.15,18,402,106.6,98.24,115.67,0.0639,0.0469,通过
优质处方,0.2,0.15,18,403,98.04,92.77,103.62,-0.0198,0.0318,通过
优质处方,0.2,0.15,18,404,104.04,97.84,110.64,0.0396,0.0353,通过
优质处方,0.2,0.15,18,405,99.25,93.71,105.13,-0.0075,0.0331,通过
优质处方,0.2,0.15,18,406,95.3,90.58,100.26,-0.0482,0.0292,通过
优质处方,0.2,0.15,18,407,94.27,88.28,100.67,-0.059,0.0378,通过
优质处方,0.2,0.15,18,408,103.78,96.73,111.34,0.0371,0.0404,通过
优质处方,0.2,0.15,18,409,97.76,91.2,104.79,-0.0227,0.0399,通过
优质处方,0.2,0.15,18,410,98.08,93.69,102.68,-0.0194,0.0263,通过
优质处方,0.2,0.15,18,411,97.53,91.69,103.74,-0.025,0.0355,通过
优质处方,0.2,0.15,18,412,95.42,88.93,102.39,-0.0469,0.0405,通过
优质处方,0.2,0.15,18,413,99.98,92.91,107.57,-0.0002,0.0421,通过
优质处方,0.2,0.15,18,414,96.31,91.46,101.42,-0.0376,0.0297,通过
优质处方,0.2,0.15,18,415,100.42,94.02,107.26,0.0042,0.0379,通过
优质处方,0.2,0.15,18,416,101.78,95.91,108.02,0.0177,0.0342,通过
优质处方,0.2,0.15,18,417,102.05,95.69,108.82,0.0203,0.0369,通过
优质处方,0.2,0.15,18,418,100.3,94.61,106.34,0.003,0.0336,通过
优质处方,0.2,0.15,18,419,104.99,99.41,110.88,0.0487,0.0314,通过
优质处方,0.2,0.15,18,420,102.13,96.42,108.18,0.0211,0.0331,通过
优质处方,0.2,0.15,18,421,105.64,99.89,111.71,0.0548,0.0321,通过
优质处方,0.2,0.15,18,422,96.55,89.74,103.88,-0.0351,0.0421,通过
优质处方,0.2,0.15,18,423,106.77,99.49,114.58,0.0655,0.0406,通过
优质处方,0.2,0.15,18,424,101.72,96.45,107.27,0.017,0.0306,通过
优质处方,0.2,0.15,18,425,98.69,92.06,105.8,-0.0132,0.04,通过
优质处方,0.2,0.15,18,426,99.47,93.47,105.86,-0.0053,0.0358,通过
优质处方,0.2,0.15,18,427,101.14,94.7,108.02,0.0114,0.0378,通过
优质处方,0.2,0.15,18,428,101.73,95.62,108.24,0.0172,0.0357,通过
优质处方,0.2,0.15,18,429,96.09,91.15,101.29,-0.0399,0.0303,通过
优质处方,0.2,0.15,18,430,94.48,87.49,102.02,-0.0568,0.0441,通过
优质处方,0.2,0.15,18,431,97.88,90.85,105.46,-0.0214,0.0429,通过
优质处方,0.2,0.15,18,432,106.01,100.38,111.96,0.0584,0.0314,通过
优质处方,0.2,0.15,18,433,97.57,90.82,104.81,-0.0246,0.0412,通过
优质处方,0.2,0.15,18,434,101.82,94.44,109.77,0.018,0.0432,通过
优质处方,0.2,0.15,18,435,104.05,97.92,110.58,0.0397,0.0349,通过
优质处方,0.2,0.15,18,436,103.86,97.96,110.1,0.0378,0.0336,通过
优质处方,0.2,0.15,18,437,108.66,101.8,115.99,0.0831,0.0375,通过
优质处方,0.2,0.15,18,438,101.96,96.49,107.75,0.0195,0.0317,通过
优质处方,0.2,0.15,18,439,97.08,91.54,102.95,-0.0296,0.0338,通过
优质处方,0.2,0.15,18,440,103.06,96.56,110.0,0.0301,0.0375,通过
优质处方,0.2,0.15,18,441,99.91,93.34,106.95,-0.0009,0.0391,通过
优质处方,0.2,0.15,18,442,98.44,92.84,104.39,-0.0157,0.0337,通过
优质处方,0.2,0.15,18,443,99.37,93.29,105.84,-0.0064,0.0363,通过
优质处方,0.2,0.15,18,444,104.01,97.6,110.84,0.0394,0.0366,通过
优质处方,0.2,0.15,18,445,96.21,89.53,103.37,-0.0387,0.0413,通过
优质处方,0.2,0.15,18,446,102.23,94.31,110.83,0.0221,0.0464,通过
优质处方,0.2,0.15,18,447,103.42,96.99,110.27,0.0336,0.0369,通过
优质处方,0.2,0.15,18,448,103.36,96.05,111.22,0.0331,0.0421,通过
优质处方,0.2,0.15,18,449,97.47,90.74,104.71,-0.0256,0.0411,通过
优质处方,0.2,0.15,18,450,99.92,93.64,106.62,-0.0008,0.0373,通过
优质处方,0.2,0.15,18,451,99.04,92.18,106.41,-0.0096,0.0413,通过
优质处方,0.2,0.15,18,452,99.36,92.48,106.76,-0.0064,0.0413,通过
优质处方,0.2,0.15,18,453,104.31,98.41,110.57,0.0422,0.0335,通过
优质处方,0.2,0.15,18,454,101.17,95.5,107.17,0.0116,0.0332,通过
优质处方,0.2,0.15,18,455,106.31,99.15,113.99,0.0612,0.0401,通过
优质处方,0.2,0.15,18,456,102.31,97.67,107.17,0.0228,0.0267,通过
优质处方,0.2,0.15,18,457,103.46,95.36,112.25,0.034,0.0469,通过
优质处方,0.2,0.15,18,458,104.42,97.85,111.43,0.0433,0.0373,通过
优质处方,0.2,0.15,18,459,91.09,85.52,97.03,-0.0933,0.0363,通过
优质处方,0.2,0.15,18,460,99.92,92.41,108.06,-0.0008,0.045,通过
优质处方,0.2,0.15,18,461,94.41,87.87,101.44,-0.0575,0.0413,通过
优质处方,0.2,0.15,18,462,99.71,94.3,105.42,-0.0029,0.032,通过
优质处方,0.2,0.15,18,463,103.21,96.56,110.32,0.0316,0.0383,通过
优质处方,0.2,0.15,18,464,99.79,93.24,106.8,-0.0021,0.039,通过
优质处方,0.2,0.15,18,465,101.77,95.27,108.71,0.0175,0.0379,通过
优质处方,0.2,0.15,18,466,97.99,93.89,102.28,-0.0203,0.0246,通过
优质处方,0.2,0.15,18,467,99.56,94.58,104.8,-0.0044,0.0295,通过
优质处方,0.2,0.15,18,468,97.07,89.17,105.68,-0.0297,0.0488,通过
优质处方,0.2,0.15,18,469,103.19,97.55,109.16,0.0314,0.0323,通过
优质处方,0.2,0.15,18,470,105.49,99.3,112.07,0.0534,0.0348,通过
优质处方,0.2,0.15,18,471,96.77,90.83,103.1,-0.0328,0.0364,通过
优质处方,0.2,0.15,18,472,98.73,92.45,105.44,-0.0128,0.0378,通过
优质处方,0.2,0.15,18,473,95.99,90.18,102.18,-0.0409,0.0359,通过
优质处方,0.2,0.15,18,474,105.15,101.25,109.19,0.0502,0.0217,通过
优质处方,0.2,0.15,18,475,108.33,101.23,115.93,0.08,0.039,通过
优质处方,0.2,0.15,18,476,91.29,85.98,96.92,-0.0911,0.0344,通过
优质处方,0.2,0.15,18,477,105.57,99.06,112.51,0.0542,0.0366,通过
优质处方,0.2,0.15,18,478,97.46,91.43,103.9,-0.0257,0.0367,通过
优质处方,0.2,0.15,18,479,101.46,95.6,107.68,0.0145,0.0342,通过
优质处方,0.2,0.15,18,480,100.32,94.77,106.18,0.0032,0.0327,通过
优质处方,0.2,0.15,18,481,105.85,99.23,112.91,0.0569,0.0371,通过
优质处方,0.2,0.15,18,482,102.25,95.99,108.92,0.0222,0.0363,通过
优质处方,0.2,0.15,18,483,99.23,92.31,106.67,-0.0077,0.0416,通过
优质处方,0.2,0.15,18,484,93.11,87.28,99.33,-0.0714,0.0372,通过
优质处方,0.2,0.15,18,485,100.08,94.3,106.21,0.0008,0.0342,通过
优质处方,0.2,0.15,18,486,105.22,98.56,112.33,0.0509,0.0376,通过
优质处方,0.2,0.15,18,487,101.78,96.46,107.4,0.0177,0.0309,通过
优质处方,0.2,0.15,18,488,100.53,94.25,107.22,0.0053,0.0371,通过
优质处方,0.2,0.15,18,489,102.59,95.36,110.36,0.0255,0.042,通过
优质处方,0.2,0.15,18,490,107.85,101.72,114.35,0.0756,0.0336,通过
优质处方,0.2,0.15,18,491,102.3,97.86,106.93,0.0227,0.0255,通过
优质处方,0.2,0.15,18,492,103.96,97.85,110.46,0.0389,0.0348,通过
优质处方,0.2,0.15,18,493,97.65,91.96,103.69,-0.0238,0.0345,通过
优质处方,0.2,0.15,18,494,99.91,95.42,104.61,-0.0009,0.0264,通过
优质处方,0.2,0.15,18,495,103.21,98.24,108.43,0.0316,0.0284,通过
优质处方,0.2,0.15,18,496,94.13,89.86,98.6,-0.0605,0.0267,通过
优质处方,0.2,0.15,18,497,100.58,94.08,107.54,0.0058,0.0384,通过
优质处方,0.2,0.15,18,498,97.46,90.4,105.09,-0.0257,0.0433,通过
优质处方,0.2,0.15,18,499,99.85,94.51,105.49,-0.0015,0.0316,通过
优质处方,0.2,0.15,18,500,98.61,93.34,104.17,-0.014,0.0315,通过
优质处方,0.2,0.15,24,1,102.77,96.5,109.44,0.0273,0.0367,通过
优质处方,0.2,0.15,24,2,103.83,98.73,109.19,0.0376,0.0294,通过
优质处方,0.2,0.15,24,3,98.4,93.01,104.11,-0.0161,0.0329,通过
优质处方,0.2,0.15,24,4,100.74,94.85,106.99,0.0073,0.0351,通过
优质处方,0.2,0.15,24,5,103.85,97.58,110.51,0.0377,0.0363,通过
优质处方,0.2,0.15,24,6,99.85,92.92,107.3,-0.0015,0.042,通过
优质处方,0.2,0.15,24,7,99.65,93.73,105.96,-0.0035,0.0358,通过
优质处方,0.2,0.15,24,8,100.12,95.81,104.62,0.0012,0.0257,通过
优质处方,0.2,0.15,24,9,93.79,87.59,100.44,-0.0641,0.04,通过
优质处方,0.2,0.15,24,10,104.67,100.15,109.41,0.0457,0.0258,通过
优质处方,0.2,0.15,24,11,105.5,100.43,110.82,0.0535,0.0287,通过
优质处方,0.2,0.15,24,12,101.15,95.24,107.44,0.0115,0.0352,通过
优质处方,0.2,0.15,24,13,99.27,95.04,103.69,-0.0073,0.0254,通过
优质处方,0.2,0.15,24,14,101.56,95.95,107.49,0.0155,0.0331,通过
优质处方,0.2,0.15,24,15,100.57,95.73,105.65,0.0057,0.0288,通过
优质处方,0.2,0.15,24,16,100.46,93.58,107.83,0.0045,0.0413,通过
优质处方,0.2,0.15,24,17,99.18,94.11,104.51,-0.0083,0.0306,通过
优质处方,0.2,0.15,24,18,101.59,97.56,105.79,0.0158,0.0236,通过
优质处方,0.2,0.15,24,19,105.8,101.12,110.71,0.0564,0.0264,通过
优质处方,0.2,0.15,24,20,104.38,98.43,110.7,0.0429,0.0343,通过
优质处方,0.2,0.15,24,21,98.47,93.54,103.66,-0.0155,0.03,通过
优质处方,0.2,0.15,24,22,99.44,95.0,104.1,-0.0056,0.0267,通过
优质处方,0.2,0.15,24,23,98.06,92.06,104.46,-0.0195,0.0369,通过
优质处方,0.2,0.15,24,24,101.57,97.13,106.22,0.0156,0.0261,通过
优质处方,0.2,0.15,24,25,103.32,96.75,110.34,0.0327,0.0383,通过
优质处方,0.2,0.15,24,26,98.47,93.87,103.29,-0.0154,0.0279,通过
优质处方,0.2,0.15,24,27,100.86,96.06,105.91,0.0086,0.0285,通过
优质处方,0.2,0.15,24,28,105.96,99.6,112.73,0.0579,0.0361,通过
优质处方,0.2,0.15,24,29,97.23,92.55,102.15,-0.0281,0.0288,通过
优质处方,0.2,0.15,24,30,101.31,96.64,106.21,0.013,0.0275,通过
优质处方,0.2,0.15,24,31,99.65,95.39,104.1,-0.0035,0.0255,通过
优质处方,0.2,0.15,24,32,98.85,93.79,104.18,-0.0116,0.0307,通过
优质处方,0.2,0.15,24,33,106.73,100.07,113.83,0.0651,0.0376,通过
优质处方,0.2,0.15,24,34,100.91,95.18,106.98,0.009,0.0341,通过
优质处方,0.2,0.15,24,35,100.95,96.64,105.46,0.0095,0.0255,通过
优质处方,0.2,0.15,24,36,101.07,94.88,107.65,0.0106,0.0368,通过
优质处方,0.2,0.15,24,37,99.35,93.68,105.37,-0.0065,0.0343,通过
优质处方,0.2,0.15,24,38,107.34,102.13,112.83,0.0709,0.0291,通过
优质处方,0.2,0.15,24,39,100.55,95.48,105.88,0.0054,0.0302,通过
优质处方,0.2,0.15,24,40,105.76,100.16,111.67,0.056,0.0317,通过
优质处方,0.2,0.15,24,41,102.77,97.59,108.23,0.0273,0.0302,通过
优质处方,0.2,0.15,24,42,99.33,94.02,104.95,-0.0067,0.0321,通过
优质处方,0.2,0.15,24,43,100.38,95.08,105.98,0.0038,0.0316,通过
优质处方,0.2,0.15,24,44,101.41,96.48,106.58,0.014,0.029,通过
优质处方,0.2,0.15,24,45,102.89,97.46,108.62,0.0285,0.0316,通过
优质处方,0.2,0.15,24,46,100.84,96.91,104.93,0.0084,0.0232,通过
优质处方,0.2,0.15,24,47,104.21,99.37,109.29,0.0413,0.0277,通过
优质处方,0.2,0.15,24,48,100.27,95.79,104.96,0.0027,0.0267,通过
优质处方,0.2,0.15,24,49,102.95,97.92,108.24,0.0291,0.0292,通过
优质处方,0.2,0.15,24,50,100.25,95.14,105.63,0.0025,0.0305,通过
优质处方,0.2,0.15,24,51,98.86,94.35,103.58,-0.0115,0.0272,通过
优质处方,0.2,0.15,24,52,99.06,91.82,106.88,-0.0094,0.0443,通过
优质处方,0.2,0.15,24,53,105.12,98.76,111.89,0.05,0.0364,通过
优质处方,0.2,0.15,24,54,110.77,105.29,116.53,0.1023,0.0296,通过
优质处方,0.2,0.15,24,55,99.63,93.52,106.14,-0.0037,0.0369,通过
优质处方,0.2,0.15,24,56,103.12,98.92,107.5,0.0307,0.0243,通过
优质处方,0.2,0.15,24,57,104.99,99.44,110.85,0.0487,0.0317,通过
优质处方,0.2,0.15,24,58,103.34,97.94,109.05,0.0329,0.0314,通过
优质处方,0.2,0.15,24,59,103.24,97.78,109.01,0.0319,0.0317,通过
优质处方,0.2,0.15,24,60,98.55,94.04,103.29,-0.0146,0.0274,通过
优质处方,0.2,0.15,24,61,98.97,93.0,105.33,-0.0104,0.0363,通过
优质处方,0.2,0.15,24,62,100.59,96.43,104.92,0.0059,0.0246,通过
优质处方,0.2,0.15,24,63,106.9,101.8,112.27,0.0668,0.0286,通过
优质处方,0.2,0.15,24,64,103.05,97.49,108.92,0.03,0.0323,通过
优质处方,0.2,0.15,24,65,97.65,92.96,102.57,-0.0238,0.0287,通过
优质处方,0.2,0.15,24,66,102.12,96.74,107.8,0.021,0.0316,通过
优质处方,0.2,0.15,24,67,97.65,91.71,103.98,-0.0238,0.0366,通过
优质处方,0.2,0.15,24,68,101.58,96.28,107.17,0.0157,0.0313,通过
优质处方,0.2,0.15,24,69,95.1,91.21,99.15,-0.0503,0.0244,通过
优质处方,0.2,0.15,24,70,99.41,94.59,104.47,-0.006,0.029,通过
优质处方,0.2,0.15,24,71,103.56,98.93,108.4,0.035,0.0267,通过
优质处方,0.2,0.15,24,72,94.37,89.69,99.3,-0.0579,0.0297,通过
优质处方,0.2,0.15,24,73,105.77,99.02,112.97,0.0561,0.0385,通过
优质处方,0.2,0.15,24,74,96.9,92.03,102.03,-0.0315,0.0301,通过
优质处方,0.2,0.15,24,75,99.25,93.24,105.66,-0.0075,0.0365,通过
优质处方,0.2,0.15,24,76,101.47,96.25,106.97,0.0146,0.0308,通过
优质处方,0.2,0.15,24,77,101.93,96.05,108.18,0.0191,0.0347,通过
优质处方,0.2,0.15,24,78,99.58,94.66,104.75,-0.0042,0.0296,通过
优质处方,0.2,0.15,24,79,99.43,93.42,105.82,-0.0057,0.0363,通过
优质处方,0.2,0.15,24,80,101.14,97.27,105.17,0.0114,0.0228,通过
优质处方,0.2,0.15,24,81,102.07,96.09,108.43,0.0205,0.0352,通过
优质处方,0.2,0.15,24,82,103.61,96.97,110.72,0.0355,0.0387,通过
优质处方,0.2,0.15,24,83,101.78,95.93,107.98,0.0176,0.0345,通过
优质处方,0.2,0.15,24,84,102.4,97.53,107.51,0.0237,0.0284,通过
优质处方,0.2,0.15,24,85,102.5,96.99,108.33,0.0247,0.0323,通过
优质处方,0.2,0.15,24,86,99.96,94.56,105.68,-0.0004,0.0325,通过
优质处方,0.2,0.15,24,87,97.67,93.27,102.29,-0.0236,0.0269,通过
优质处方,0.2,0.15,24,88,101.74,96.43,107.35,0.0173,0.0313,通过
优质处方,0.2,0.15,24,89,99.57,94.57,104.82,-0.0043,0.03,通过
优质处方,0.2,0.15,24,90,102.0,94.48,110.12,0.0198,0.0447,通过
优质处方,0.2,0.15,24,91,100.72,95.14,106.62,0.0071,0.0332,通过
优质处方,0.2,0.15,24,92,104.32,98.19,110.83,0.0423,0.0353,通过
优质处方,0.2,0.15,24,93,96.57,92.08,101.28,-0.0349,0.0278,通过
优质处方,0.2,0.15,24,94,98.77,93.54,104.29,-0.0124,0.0317,通过
优质处方,0.2,0.15,24,95,103.89,98.21,109.9,0.0382,0.0328,通过
优质处方,0.2,0.15,24,96,99.1,93.68,104.83,-0.009,0.0328,通过
优质处方,0.2,0.15,24,97,98.65,93.23,104.38,-0.0136,0.033,通过
优质处方,0.2,0.15,24,98,102.05,96.7,107.69,0.0203,0.0314,通过
优质处方,0.2,0.15,24,99,97.19,91.58,103.14,-0.0285,0.0347,通过
优质处方,0.2,0.15,24,100,103.3,98.56,108.26,0.0325,0.0274,通过
优质处方,0.2,0.15,24,101,99.52,94.13,105.21,-0.0049,0.0325,通过
优质处方,0.2,0.15,24,102,105.69,99.61,112.15,0.0554,0.0346,通过
优质处方,0.2,0.15,24,103,100.17,95.55,105.01,0.0017,0.0275,通过
优质处方,0.2,0.15,24,104,96.79,92.38,101.4,-0.0327,0.0272,通过
优质处方,0.2,0.15,24,105,101.27,96.12,106.7,0.0126,0.0305,通过
优质处方,0.2,0.15,24,106,103.75,97.35,110.56,0.0368,0.0371,通过
优质处方,0.2,0.15,24,107,104.69,99.33,110.35,0.0459,0.0307,通过
优质处方,0.2,0.15,24,108,106.5,100.3,113.08,0.0629,0.035,通过
优质处方,0.2,0.15,24,109,102.26,98.27,106.4,0.0223,0.0232,通过
优质处方,0.2,0.15,24,110,106.54,101.27,112.08,0.0633,0.0296,通过
优质处方,0.2,0.15,24,111,101.28,95.48,107.42,0.0127,0.0344,通过
优质处方,0.2,0.15,24,112,102.15,97.57,106.96,0.0213,0.0268,通过
优质处方,0.2,0.15,24,113,99.85,95.05,104.9,-0.0015,0.0288,通过
优质处方,0.2,0.15,24,114,102.02,96.03,108.39,0.02,0.0353,通过
优质处方,0.2,0.15,24,115,100.48,95.01,106.27,0.0048,0.0327,通过
优质处方,0.2,0.15,24,116,101.1,95.05,107.53,0.0109,0.036,通过
优质处方,0.2,0.15,24,117,97.16,91.58,103.08,-0.0288,0.0345,通过
优质处方,0.2,0.15,24,118,99.68,95.24,104.32,-0.0032,0.0266,通过
优质处方,0.2,0.15,24,119,102.16,96.24,108.45,0.0214,0.0348,通过
优质处方,0.2,0.15,24,120,102.05,96.35,108.09,0.0203,0.0335,通过
优质处方,0.2,0.15,24,121,108.18,100.97,115.91,0.0786,0.0403,通过
优质处方,0.2,0.15,24,122,104.59,100.05,109.34,0.0449,0.0259,通过
优质处方,0.2,0.15,24,123,94.79,90.2,99.61,-0.0535,0.029,通过
优质处方,0.2,0.15,24,124,104.8,98.6,111.39,0.0468,0.0356,通过
优质处方,0.2,0.15,24,125,98.32,92.56,104.44,-0.0169,0.0352,通过
优质处方,0.2,0.15,24,126,103.73,98.89,108.8,0.0366,0.0279,通过
优质处方,0.2,0.15,24,127,106.19,100.88,111.78,0.0601,0.0299,通过
优质处方,0.2,0.15,24,128,96.18,90.5,102.21,-0.039,0.0355,通过
优质处方,0.2,0.15,24,129,99.0,94.46,103.77,-0.01,0.0274,通过
优质处方,0.2,0.15,24,130,98.11,94.19,102.2,-0.019,0.0238,通过
优质处方,0.2,0.15,24,131,105.12,99.74,110.8,0.05,0.0307,通过
优质处方,0.2,0.15,24,132,106.85,101.04,113.0,0.0663,0.0326,通过
优质处方,0.2,0.15,24,133,104.35,99.01,109.98,0.0426,0.0306,通过
优质处方,0.2,0.15,24,134,103.1,97.67,108.83,0.0305,0.0315,通过
优质处方,0.2,0.15,24,135,104.01,98.58,109.74,0.0394,0.0313,通过
优质处方,0.2,0.15,24,136,100.07,95.02,105.39,0.0007,0.0302,通过
优质处方,0.2,0.15,24,137,101.95,96.36,107.86,0.0193,0.0329,通过
优质处方,0.2,0.15,24,138,104.16,97.98,110.73,0.0407,0.0357,通过
优质处方,0.2,0.15,24,139,102.8,96.0,110.08,0.0276,0.04,通过
优质处方,0.2,0.15,24,140,100.51,94.72,106.67,0.0051,0.0347,通过
优质处方,0.2,0.15,24,141,103.65,98.65,108.9,0.0358,0.0289,通过
优质处方,0.2,0.15,24,142,98.55,92.67,104.8,-0.0146,0.0359,通过
优质处方,0.2,0.15,24,143,103.07,96.42,110.17,0.0302,0.0389,通过
优质处方,0.2,0.15,24,144,99.36,93.37,105.73,-0.0064,0.0363,通过
优质处方,0.2,0.15,24,145,97.53,93.09,102.19,-0.025,0.0272,通过
优质处方,0.2,0.15,24,146,106.58,99.96,113.64,0.0637,0.0374,通过
优质处方,0.2,0.15,24,147,102.47,97.85,107.31,0.0244,0.0269,通过
优质处方,0.2,0.15,24,148,97.3,91.42,103.55,-0.0274,0.0363,通过
优质处方,0.2,0.15,24,149,102.43,97.76,107.32,0.024,0.0272,通过
优质处方,0.2,0.15,24,150,99.2,93.83,104.87,-0.008,0.0324,通过
优质处方,0.2,0.15,24,151,102.63,96.96,108.62,0.0259,0.0331,通过
优质处方,0.2,0.15,24,152,97.09,91.46,103.06,-0.0296,0.0349,通过
优质处方,0.2,0.15,24,153,99.07,94.47,103.9,-0.0093,0.0278,通过
优质处方,0.2,0.15,24,154,105.73,100.02,111.77,0.0558,0.0324,通过
优质处方,0.2,0.15,24,155,101.11,95.19,107.4,0.0111,0.0352,通过
优质处方,0.2,0.15,24,156,100.71,95.7,105.98,0.0071,0.0298,通过
优质处方,0.2,0.15,24,157,95.62,89.78,101.85,-0.0448,0.0368,通过
优质处方,0.2,0.15,24,158,107.33,101.43,113.57,0.0707,0.033,通过
优质处方,0.2,0.15,24,159,101.45,97.04,106.06,0.0144,0.0259,通过
优质处方,0.2,0.15,24,160,106.04,99.38,113.13,0.0586,0.0378,通过
优质处方,0.2,0.15,24,161,104.79,100.48,109.3,0.0468,0.0246,通过
优质处方,0.2,0.15,24,162,99.07,94.72,103.63,-0.0093,0.0262,通过
优质处方,0.2,0.15,24,163,98.14,93.28,103.25,-0.0188,0.0297,通过
优质处方,0.2,0.15,24,164,103.63,97.53,110.11,0.0356,0.0354,通过
优质处方,0.2,0.15,24,165,104.84,98.78,111.26,0.0473,0.0347,通过
优质处方,0.2,0.15,24,166,96.98,91.7,102.56,-0.0307,0.0326,通过
优质处方,0.2,0.15,24,167,102.39,96.45,108.69,0.0236,0.0348,通过
优质处方,0.2,0.15,24,168,105.1,100.51,109.91,0.0498,0.0261,通过
优质处方,0.2,0.15,24,169,99.82,94.97,104.92,-0.0018,0.0291,通过
优质处方,0.2,0.15,24,170,98.47,92.64,104.66,-0.0154,0.0356,通过
优质处方,0.2,0.15,24,171,98.42,93.74,103.32,-0.016,0.0284,通过
优质处方,0.2,0.15,24,172,99.65,94.86,104.69,-0.0035,0.0288,通过
优质处方,0.2,0.15,24,173,105.62,100.53,110.97,0.0547,0.0288,通过
优质处方,0.2,0.15,24,174,98.11,93.3,103.17,-0.0191,0.0293,通过
优质处方,0.2,0.15,24,175,100.71,96.25,105.37,0.007,0.0264,通过
优质处方,0.2,0.15,24,176,100.54,95.15,106.23,0.0053,0.0321,通过
优质处方,0.2,0.15,24,177,101.74,98.28,105.33,0.0172,0.0202,通过
优质处方,0.2,0.15,24,178,98.58,92.82,104.7,-0.0143,0.0351,通过
优质处方,0.2,0.15,24,179,100.04,94.09,106.37,0.0004,0.0358,通过
优质处方,0.2,0.15,24,180,101.92,98.1,105.88,0.019,0.0223,通过
优质处方,0.2,0.15,24,181,100.71,95.57,106.13,0.0071,0.0306,通过
优质处方,0.2,0.15,24,182,102.88,95.45,110.89,0.0284,0.0438,通过
优质处方,0.2,0.15,24,183,100.74,95.28,106.51,0.0074,0.0325,通过
优质处方,0.2,0.15,24,184,98.19,92.12,104.67,-0.0183,0.0373,通过
优质处方,0.2,0.15,24,185,105.16,99.65,110.97,0.0503,0.0314,通过
优质处方,0.2,0.15,24,186,102.74,96.2,109.72,0.027,0.0384,通过
优质处方,0.2,0.15,24,187,94.76,88.92,100.97,-0.0539,0.0371,通过
优质处方,0.2,0.15,24,188,98.23,93.25,103.47,-0.0179,0.0303,通过
优质处方,0.2,0.15,24,189,98.81,93.53,104.39,-0.0119,0.032,通过
优质处方,0.2,0.15,24,190,100.79,94.58,107.41,0.0079,0.0371,通过
优质处方,0.2,0.15,24,191,102.21,95.67,109.2,0.0219,0.0386,通过
优质处方,0.2,0.15,24,192,103.35,98.59,108.35,0.033,0.0275,通过
优质处方,0.2,0.15,24,193,99.58,94.56,104.87,-0.0042,0.0302,通过
优质处方,0.2,0.15,24,194,99.44,94.82,104.29,-0.0056,0.0278,通过
优质处方,0.2,0.15,24,195,101.16,96.78,105.74,0.0115,0.0258,通过
优质处方,0.2,0.15,24,196,99.58,94.63,104.79,-0.0042,0.0298,通过
优质处方,0.2,0.15,24,197,103.96,98.93,109.25,0.0388,0.0289,通过
优质处方,0.2,0.15,24,198,101.03,95.37,107.02,0.0102,0.0336,通过
优质处方,0.2,0.15,24,199,98.2,94.93,101.59,-0.0181,0.0198,通过
优质处方,0.2,0.15,24,200,98.16,93.83,102.69,-0.0186,0.0263,通过
优质处方,0.2,0.15,24,201,99.52,95.32,103.91,-0.0048,0.0252,通过
优质处方,0.2,0.15,24,202,97.93,92.72,103.44,-0.0209,0.0319,通过
优质处方,0.2,0.15,24,203,100.87,96.66,105.27,0.0087,0.0249,通过
优质处方,0.2,0.15,24,204,102.16,96.29,108.39,0.0214,0.0345,通过
优质处方,0.2,0.15,24,205,107.69,102.9,112.71,0.0741,0.0266,通过
优质处方,0.2,0.15,24,206,101.67,95.93,107.75,0.0165,0.0339,通过
优质处方,0.2,0.15,24,207,97.75,93.27,102.45,-0.0227,0.0274,通过
优质处方,0.2,0.15,24,208,97.91,93.39,102.65,-0.0211,0.0276,通过
优质处方,0.2,0.15,24,209,101.58,95.46,108.1,0.0157,0.0363,通过
优质处方,0.2,0.15,24,210,99.09,93.27,105.28,-0.0091,0.0354,通过
优质处方,0.2,0.15,24,211,96.74,91.65,102.12,-0.0331,0.0316,通过
优质处方,0.2,0.15,24,212,100.63,95.14,106.43,0.0062,0.0327,通过
优质处方,0.2,0.15,24,213,100.32,94.78,106.18,0.0032,0.0331,通过
优质处方,0.2,0.15,24,214,96.85,91.44,102.58,-0.032,0.0335,通过
优质处方,0.2,0.15,24,215,95.38,90.26,100.79,-0.0473,0.0322,通过
优质处方,0.2,0.15,24,216,107.13,101.63,112.93,0.0689,0.0308,通过
优质处方,0.2,0.15,24,217,101.18,95.64,107.04,0.0117,0.0328,通过
优质处方,0.2,0.15,24,218,98.46,94.66,102.41,-0.0156,0.023,通过
优质处方,0.2,0.15,24,219,97.6,91.56,104.05,-0.0242,0.0373,通过
优质处方,0.2,0.15,24,220,98.97,94.63,103.51,-0.0103,0.0262,通过
优质处方,0.2,0.15,24,221,98.74,92.99,104.85,-0.0127,0.035,通过
优质处方,0.2,0.15,24,222,103.03,98.11,108.2,0.0299,0.0285,通过
优质处方,0.2,0.15,24,223,102.54,95.91,109.63,0.0251,0.039,通过
优质处方,0.2,0.15,24,224,109.89,104.63,115.41,0.0943,0.0286,通过
优质处方,0.2,0.15,24,225,103.92,98.72,109.38,0.0384,0.0299,通过
优质处方,0.2,0.15,24,226,102.57,96.76,108.74,0.0254,0.0341,通过
优质处方,0.2,0.15,24,227,94.17,88.98,99.66,-0.0601,0.0331,通过
优质处方,0.2,0.15,24,228,100.4,94.34,106.84,0.0039,0.0363,通过
优质处方,0.2,0.15,24,229,98.73,92.56,105.31,-0.0128,0.0377,通过
优质处方,0.2,0.15,24,230,99.63,94.25,105.31,-0.0037,0.0324,通过
优质处方,0.2,0.15,24,231,96.84,92.12,101.81,-0.0321,0.0292,通过
优质处方,0.2,0.15,24,232,95.56,90.86,100.5,-0.0455,0.0294,通过
优质处方,0.2,0.15,24,233,95.91,90.54,101.59,-0.0418,0.0336,通过
优质处方,0.2,0.15,24,234,97.89,93.48,102.52,-0.0213,0.0269,通过
优质处方,0.2,0.15,24,235,98.83,94.0,103.91,-0.0117,0.0292,通过
优质处方,0.2,0.15,24,236,100.9,95.28,106.86,0.009,0.0335,通过
优质处方,0.2,0.15,24,237,100.18,95.1,105.54,0.0018,0.0304,通过
优质处方,0.2,0.15,24,238,105.97,101.0,111.17,0.0579,0.028,通过
优质处方,0.2,0.15,24,239,99.98,94.92,105.31,-0.0002,0.0303,通过
优质处方,0.2,0.15,24,240,97.9,93.25,102.78,-0.0212,0.0284,通过
优质处方,0.2,0.15,24,241,100.33,94.86,106.11,0.0033,0.0327,通过
优质处方,0.2,0.15,24,242,97.88,93.43,102.53,-0.0215,0.0271,通过
优质处方,0.2,0.15,24,243,99.99,95.3,104.9,-0.0001,0.028,通过
优质处方,0.2,0.15,24,244,104.2,98.42,110.32,0.0411,0.0333,通过
优质处方,0.2,0.15,24,245,101.26,95.67,107.17,0.0125,0.0331,通过
优质处方,0.2,0.15,24,246,97.89,91.06,105.23,-0.0213,0.0422,通过
优质处方,0.2,0.15,24,247,100.22,95.15,105.56,0.0022,0.0303,通过
优质处方,0.2,0.15,24,248,98.0,93.65,102.55,-0.0202,0.0265,通过
优质处方,0.2,0.15,24,249,102.09,96.55,107.96,0.0207,0.0326,通过
优质处方,0.2,0.15,24,250,101.71,95.73,108.08,0.017,0.0354,通过
优质处方,0.2,0.15,24,251,101.73,97.07,106.62,0.0172,0.0274,通过
优质处方,0.2,0.15,24,252,96.75,91.57,102.22,-0.0331,0.0321,通过
优质处方,0.2,0.15,24,253,99.24,94.24,104.5,-0.0077,0.0301,通过
优质处方,0.2,0.15,24,254,100.24,93.8,107.12,0.0024,0.0387,通过
优质处方,0.2,0.15,24,255,105.13,99.48,111.09,0.05,0.0322,通过
优质处方,0.2,0.15,24,256,102.51,97.59,107.67,0.0248,0.0287,通过
优质处方,0.2,0.15,24,257,100.9,96.21,105.81,0.0089,0.0277,通过
优质处方,0.2,0.15,24,258,104.03,99.41,108.87,0.0395,0.0265,通过
优质处方,0.2,0.15,24,259,97.39,92.09,102.99,-0.0265,0.0326,通过
优质处方,0.2,0.15,24,260,98.38,93.78,103.2,-0.0164,0.0279,通过
优质处方,0.2,0.15,24,261,102.56,97.45,107.94,0.0253,0.0298,通过
优质处方,0.2,0.15,24,262,96.02,92.58,99.59,-0.0406,0.0213,通过
优质处方,0.2,0.15,24,263,102.25,95.87,109.06,0.0223,0.0376,通过
优质处方,0.2,0.15,24,264,101.93,96.22,107.99,0.0192,0.0337,通过
优质处方,0.2,0.15,24,265,96.16,91.12,101.46,-0.0392,0.0314,通过
优质处方,0.2,0.15,24,266,101.28,95.77,107.1,0.0127,0.0326,通过
优质处方,0.2,0.15,24,267,99.59,94.05,105.45,-0.0041,0.0334,通过
优质处方,0.2,0.15,24,268,104.4,98.47,110.7,0.0431,0.0342,通过
优质处方,0.2,0.15,24,269,98.66,93.88,103.69,-0.0134,0.029,通过
优质处方,0.2,0.15,24,270,103.47,97.0,110.38,0.0341,0.0377,通过
优质处方,0.2,0.15,24,271,101.41,96.28,106.81,0.014,0.0303,通过
优质处方,0.2,0.15,24,272,99.87,94.32,105.74,-0.0013,0.0334,通过
优质处方,0.2,0.15,24,273,102.05,95.95,108.54,0.0203,0.036,通过
优质处方,0.2,0.15,24,274,97.89,92.81,103.24,-0.0213,0.0311,通过
优质处方,0.2,0.15,24,275,101.13,94.56,108.15,0.0112,0.0392,通过
优质处方,0.2,0.15,24,276,98.67,93.1,104.57,-0.0134,0.0339,通过
优质处方,0.2,0.15,24,277,98.68,92.76,104.97,-0.0133,0.0361,通过
优质处方,0.2,0.15,24,278,98.74,94.21,103.48,-0.0127,0.0274,通过
优质处方,0.2,0.15,24,279,103.02,98.65,107.58,0.0297,0.0253,通过
优质处方,0.2,0.15,24,280,94.43,88.85,100.35,-0.0574,0.0355,通过
优质处方,0.2,0.15,24,281,101.27,95.41,107.48,0.0126,0.0347,通过
优质处方,0.2,0.15,24,282,101.03,95.73,106.62,0.0102,0.0314,通过
优质处方,0.2,0.15,24,283,98.79,94.25,103.56,-0.0122,0.0275,通过
优质处方,0.2,0.15,24,284,99.73,94.75,104.97,-0.0027,0.0299,通过
优质处方,0.2,0.15,24,285,102.9,98.37,107.63,0.0286,0.0263,通过
优质处方,0.2,0.15,24,286,102.56,99.31,105.92,0.0253,0.0188,通过
优质处方,0.2,0.15,24,287,96.42,90.06,103.23,-0.0365,0.0398,通过
优质处方,0.2,0.15,24,288,100.91,95.35,106.79,0.009,0.0331,通过
优质处方,0.2,0.15,24,289,100.2,94.9,105.79,0.002,0.0317,通过
优质处方,0.2,0.15,24,290,101.49,96.2,107.07,0.0148,0.0312,通过
优质处方,0.2,0.15,24,291,97.74,93.23,102.47,-0.0228,0.0276,通过
优质处方,0.2,0.15,24,292,104.6,97.89,111.76,0.045,0.0387,通过
优质处方,0.2,0.15,24,293,100.22,95.11,105.61,0.0022,0.0306,通过
优质处方,0.2,0.15,24,294,99.28,95.98,102.69,-0.0072,0.0197,通过
优质处方,0.2,0.15,24,295,98.29,93.23,103.63,-0.0172,0.0309,通过
优质处方,0.2,0.15,24,296,104.62,98.54,111.08,0.0452,0.0349,通过
优质处方,0.2,0.15,24,297,104.29,98.06,110.91,0.042,0.0359,通过
优质处方,0.2,0.15,24,298,104.97,100.17,110.0,0.0485,0.0273,通过
优质处方,0.2,0.15,24,299,103.05,96.61,109.93,0.0301,0.0377,通过
优质处方,0.2,0.15,24,300,99.97,94.91,105.3,-0.0003,0.0303,通过
优质处方,0.2,0.15,24,301,94.21,89.09,99.63,-0.0596,0.0326,通过
优质处方,0.2,0.15,24,302,96.78,92.33,101.44,-0.0328,0.0275,通过
优质处方,0.2,0.15,24,303,100.34,94.68,106.34,0.0034,0.0339,通过
优质处方,0.2,0.15,24,304,102.76,97.43,108.37,0.0272,0.031,通过
优质处方,0.2,0.15,24,305,100.49,95.57,105.67,0.0049,0.0293,通过
优质处方,0.2,0.15,24,306,96.47,92.67,100.42,-0.036,0.0234,通过
优质处方,0.2,0.15,24,307,104.42,99.21,109.89,0.0432,0.0298,通过
优质处方,0.2,0.15,24,308,98.45,92.42,104.87,-0.0156,0.0369,通过
优质处方,0.2,0.15,24,309,102.04,95.93,108.54,0.0202,0.036,通过
优质处方,0.2,0.15,24,310,98.71,94.34,103.29,-0.013,0.0264,通过
优质处方,0.2,0.15,24,311,98.49,93.47,103.79,-0.0152,0.0305,通过
优质处方,0.2,0.15,24,312,105.42,101.42,109.58,0.0528,0.0226,通过
优质处方,0.2,0.15,24,313,100.94,96.46,105.64,0.0094,0.0265,通过
优质处方,0.2,0.15,24,314,100.72,94.35,107.52,0.0072,0.0381,通过
优质处方,0.2,0.15,24,315,104.33,98.4,110.63,0.0424,0.0342,通过
优质处方,0.2,0.15,24,316,100.0,94.72,105.57,0.0,0.0316,通过
优质处方,0.2,0.15,24,317,99.48,92.23,107.31,-0.0052,0.0442,通过
优质处方,0.2,0.15,24,318,103.74,98.31,109.47,0.0367,0.0314,通过
优质处方,0.2,0.15,24,319,97.99,93.16,103.07,-0.0203,0.0295,通过
优质处方,0.2,0.15,24,320,96.73,91.96,101.76,-0.0332,0.0295,通过
优质处方,0.2,0.15,24,321,101.62,95.42,108.23,0.0161,0.0367,通过
优质处方,0.2,0.15,24,322,104.54,98.11,111.39,0.0444,0.0371,通过
优质处方,0.2,0.15,24,323,102.22,95.91,108.95,0.022,0.0372,通过
优质处方,0.2,0.15,24,324,97.06,90.76,103.79,-0.0299,0.0391,通过
优质处方,0.2,0.15,24,325,99.75,93.56,106.35,-0.0025,0.0374,通过
优质处方,0.2,0.15,24,326,108.16,102.17,114.5,0.0785,0.0332,通过
优质处方,0.2,0.15,24,327,98.7,93.73,103.92,-0.0131,0.0301,通过
优质处方,0.2,0.15,24,328,97.84,92.88,103.05,-0.0219,0.0303,通过
优质处方,0.2,0.15,24,329,100.83,94.94,107.09,0.0083,0.0351,通过
优质处方,0.2,0.15,24,330,100.79,96.28,105.51,0.0079,0.0267,通过
优质处方,0.2,0.15,24,331,104.12,99.74,108.7,0.0404,0.0251,通过
优质处方,0.2,0.15,24,332,99.2,94.03,104.65,-0.0081,0.0312,通过
优质处方,0.2,0.15,24,333,100.01,94.66,105.65,0.0001,0.032,通过
优质处方,0.2,0.15,24,334,109.42,105.88,113.08,0.09,0.0192,通过
优质处方,0.2,0.15,24,335,107.18,101.49,113.19,0.0693,0.0318,通过
优质处方,0.2,0.15,24,336,99.84,94.48,105.49,-0.0016,0.0322,通过
优质处方,0.2,0.15,24,337,102.53,96.72,108.7,0.025,0.0341,通过
优质处方,0.2,0.15,24,338,100.46,95.54,105.62,0.0046,0.0292,通过
优质处方,0.2,0.15,24,339,101.37,95.1,108.06,0.0136,0.0373,通过
优质处方,0.2,0.15,24,340,101.62,96.36,107.17,0.0161,0.031,通过
优质处方,0.2,0.15,24,341,97.53,91.79,103.63,-0.025,0.0354,通过
优质处方,0.2,0.15,24,342,98.34,93.04,103.95,-0.0167,0.0323,通过
优质处方,0.2,0.15,24,343,100.27,94.7,106.16,0.0027,0.0333,通过
优质处方,0.2,0.15,24,344,104.04,97.97,110.48,0.0396,0.0351,通过
优质处方,0.2,0.15,24,345,104.48,99.23,110.0,0.0438,0.03,通过
优质处方,0.2,0.15,24,346,101.64,97.3,106.17,0.0163,0.0255,通过
优质处方,0.2,0.15,24,347,95.1,87.78,103.02,-0.0503,0.0467,通过
优质处方,0.2,0.15,24,348,97.92,92.49,103.67,-0.021,0.0333,通过
优质处方,0.2,0.15,24,349,104.32,98.82,110.13,0.0423,0.0316,通过
优质处方,0.2,0.15,24,350,103.54,98.17,109.21,0.0348,0.0311,通过
优质处方,0.2,0.15,24,351,99.12,93.79,104.75,-0.0088,0.0323,通过
优质处方,0.2,0.15,24,352,99.62,94.36,105.17,-0.0038,0.0317,通过
优质处方,0.2,0.15,24,353,105.79,101.72,110.03,0.0563,0.0229,通过
优质处方,0.2,0.15,24,354,100.99,95.52,106.78,0.0099,0.0325,通过
优质处方,0.2,0.15,24,355,101.0,95.47,106.85,0.01,0.0328,通过
优质处方,0.2,0.15,24,356,98.17,92.93,103.71,-0.0184,0.032,通过
优质处方,0.2,0.15,24,357,100.89,94.35,107.87,0.0088,0.0391,通过
优质处方,0.2,0.15,24,358,97.76,93.34,102.37,-0.0227,0.0269,通过
优质处方,0.2,0.15,24,359,98.07,93.6,102.74,-0.0195,0.0272,通过
优质处方,0.2,0.15,24,360,98.91,93.42,104.73,-0.0109,0.0334,通过
优质处方,0.2,0.15,24,361,103.73,98.27,109.5,0.0366,0.0316,通过
优质处方,0.2,0.15,24,362,98.08,92.99,103.45,-0.0194,0.0311,通过
优质处方,0.2,0.15,24,363,98.34,94.83,101.97,-0.0168,0.0212,通过
优质处方,0.2,0.15,24,364,101.95,96.61,107.58,0.0193,0.0314,通过
优质处方,0.2,0.15,24,365,100.87,96.3,105.66,0.0087,0.0271,通过
优质处方,0.2,0.15,24,366,99.93,94.51,105.66,-0.0007,0.0326,通过
优质处方,0.2,0.15,24,367,96.45,91.53,101.64,-0.0361,0.0306,通过
优质处方,0.2,0.15,24,368,104.18,100.42,108.09,0.041,0.0215,通过
优质处方,0.2,0.15,24,369,99.05,94.41,103.93,-0.0095,0.028,通过
优质处方,0.2,0.15,24,370,102.84,96.13,110.02,0.028,0.0394,通过
优质处方,0.2,0.15,24,371,104.73,99.97,109.73,0.0463,0.0272,通过
优质处方,0.2,0.15,24,372,105.47,100.12,111.11,0.0533,0.0304,通过
优质处方,0.2,0.15,24,373,104.17,97.39,111.43,0.0409,0.0393,通过
优质处方,0.2,0.15,24,374,97.87,91.99,104.12,-0.0216,0.0362,通过
优质处方,0.2,0.15,24,375,98.59,92.71,104.86,-0.0142,0.0359,通过
优质处方,0.2,0.15,24,376,102.01,95.6,108.85,0.0199,0.0379,通过
优质处方,0.2,0.15,24,377,95.35,90.07,100.95,-0.0476,0.0333,通过
优质处方,0.2,0.15,24,378,99.76,95.04,104.71,-0.0024,0.0283,通过
优质处方,0.2,0.15,24,379,100.51,95.16,106.15,0.0051,0.0319,通过
优质处方,0.2,0.15,24,380,107.8,101.11,114.94,0.0751,0.0374,通过
优质处方,0.2,0.15,24,381,98.45,93.06,104.16,-0.0156,0.0329,通过
优质处方,0.2,0.15,24,382,103.42,98.48,108.6,0.0336,0.0285,通过
优质处方,0.2,0.15,24,383,98.37,92.64,104.46,-0.0164,0.035,通过
优质处方,0.2,0.15,24,384,99.67,95.48,104.04,-0.0033,0.0251,通过
优质处方,0.2,0.15,24,385,99.52,93.98,105.39,-0.0048,0.0334,通过
优质处方,0.2,0.15,24,386,99.79,94.44,105.45,-0.0021,0.0322,通过
优质处方,0.2,0.15,24,387,100.7,94.69,107.1,0.007,0.0359,通过
优质处方,0.2,0.15,24,388,97.88,92.43,103.65,-0.0214,0.0334,通过
优质处方,0.2,0.15,24,389,98.04,93.2,103.13,-0.0198,0.0295,通过
优质处方,0.2,0.15,24,390,105.88,100.27,111.81,0.0572,0.0318,通过
优质处方,0.2,0.15,24,391,97.65,92.85,102.7,-0.0238,0.0294,通过
优质处方,0.2,0.15,24,392,102.44,97.58,107.54,0.0241,0.0284,通过
优质处方,0.2,0.15,24,393,98.85,92.78,105.31,-0.0116,0.037,通过
优质处方,0.2,0.15,24,394,96.76,92.02,101.75,-0.0329,0.0293,通过
优质处方,0.2,0.15,24,395,98.69,94.56,102.99,-0.0132,0.0249,通过
优质处方,0.2,0.15,24,396,99.92,94.6,105.55,-0.0008,0.032,通过
优质处方,0.2,0.15,24,397,103.65,98.42,109.16,0.0359,0.0302,通过
优质处方,0.2,0.15,24,398,103.54,98.84,108.47,0.0348,0.0271,通过
优质处方,0.2,0.15,24,399,98.92,94.42,103.62,-0.0109,0.0271,通过
优质处方,0.2,0.15,24,400,99.09,94.58,103.82,-0.0091,0.0272,通过
优质处方,0.2,0.15,24,401,99.45,93.45,105.83,-0.0055,0.0363,通过
优质处方,0.2,0.15,24,402,97.4,92.56,102.51,-0.0263,0.0298,通过
优质处方,0.2,0.15,24,403,96.55,90.67,102.8,-0.0351,0.0366,通过
优质处方,0.2,0.15,24,404,98.54,92.99,104.43,-0.0147,0.0339,通过
优质处方,0.2,0.15,24,405,100.57,94.93,106.55,0.0057,0.0337,通过
优质处方,0.2,0.15,24,406,101.74,97.14,106.55,0.0172,0.027,通过
优质处方,0.2,0.15,24,407,96.38,91.19,101.87,-0.0369,0.0323,通过
优质处方,0.2,0.15,24,408,102.14,95.93,108.74,0.0211,0.0365,通过
优质处方,0.2,0.15,24,409,100.36,94.33,106.77,0.0036,0.0361,通过
优质处方,0.2,0.15,24,410,101.81,96.38,107.55,0.018,0.032,通过
优质处方,0.2,0.15,24,411,101.93,95.5,108.78,0.0191,0.038,通过
优质处方,0.2,0.15,24,412,100.48,95.52,105.69,0.0048,0.0295,通过
优质处方,0.2,0.15,24,413,99.23,94.44,104.26,-0.0078,0.0288,通过
优质处方,0.2,0.15,24,414,99.95,92.98,107.45,-0.0005,0.0422,通过
优质处方,0.2,0.15,24,415,100.19,94.3,106.43,0.0018,0.0353,通过
优质处方,0.2,0.15,24,416,98.82,92.56,105.5,-0.0119,0.0382,通过
优质处方,0.2,0.15,24,417,105.92,99.61,112.62,0.0575,0.0358,通过
优质处方,0.2,0.15,24,418,103.12,97.84,108.67,0.0307,0.0306,通过
优质处方,0.2,0.15,24,419,98.87,93.22,104.87,-0.0113,0.0344,通过
优质处方,0.2,0.15,24,420,99.27,93.77,105.09,-0.0074,0.0332,通过
优质处方,0.2,0.15,24,421,99.81,94.33,105.61,-0.0019,0.0329,通过
优质处方,0.2,0.15,24,422,95.72,91.09,100.59,-0.0437,0.0289,通过
优质处方,0.2,0.15,24,423,101.08,95.4,107.09,0.0107,0.0337,通过
优质处方,0.2,0.15,24,424,102.72,95.35,110.66,0.0268,0.0434,通过
优质处方,0.2,0.15,24,425,99.27,93.64,105.23,-0.0073,0.034,通过
优质处方,0.2,0.15,24,426,101.9,95.1,109.18,0.0188,0.0403,通过
优质处方,0.2,0.15,24,427,105.17,100.13,110.46,0.0504,0.0286,通过
优质处方,0.2,0.15,24,428,96.53,90.69,102.75,-0.0353,0.0364,通过
优质处方,0.2,0.15,24,429,104.11,98.92,109.57,0.0403,0.0298,通过
优质处方,0.2,0.15,24,430,97.73,91.78,104.07,-0.023,0.0366,通过
优质处方,0.2,0.15,24,431,95.91,91.9,100.09,-0.0418,0.0249,通过
优质处方,0.2,0.15,24,432,96.69,92.29,101.29,-0.0337,0.0271,通过
优质处方,0.2,0.15,24,433,97.71,92.06,103.71,-0.0232,0.0347,通过
优质处方,0.2,0.15,24,434,100.62,95.14,106.41,0.0062,0.0327,通过
优质处方,0.2,0.15,24,435,105.4,98.68,112.58,0.0526,0.0385,通过
优质处方,0.2,0.15,24,436,97.08,91.94,102.51,-0.0297,0.0317,通过
优质处方,0.2,0.15,24,437,99.16,94.52,104.02,-0.0085,0.0279,通过
优质处方,0.2,0.15,24,438,101.13,96.15,106.36,0.0112,0.0295,通过
优质处方,0.2,0.15,24,439,95.04,90.97,99.3,-0.0509,0.0256,通过
优质处方,0.2,0.15,24,440,100.06,94.23,106.25,0.0006,0.035,通过
优质处方,0.2,0.15,24,441,104.76,97.66,112.37,0.0465,0.0409,通过
优质处方,0.2,0.15,24,442,104.66,100.1,109.44,0.0456,0.026,通过
优质处方,0.2,0.15,24,443,101.54,97.21,106.06,0.0153,0.0254,通过
优质处方,0.2,0.15,24,444,99.26,94.25,104.53,-0.0075,0.0302,通过
优质处方,0.2,0.15,24,445,103.21,98.78,107.84,0.0316,0.0256,通过
优质处方,0.2,0.15,24,446,105.18,99.72,110.95,0.0505,0.0311,通过
优质处方,0.2,0.15,24,447,98.98,92.63,105.76,-0.0103,0.0387,通过
优质处方,0.2,0.15,24,448,101.98,96.98,107.24,0.0196,0.0293,通过
优质处方,0.2,0.15,24,449,100.14,95.69,104.79,0.0014,0.0265,通过
优质处方,0.2,0.15,24,450,103.3,98.86,107.94,0.0325,0.0256,通过
优质处方,0.2,0.15,24,451,103.65,98.4,109.18,0.0359,0.0303,通过
优质处方,0.2,0.15,24,452,96.38,91.11,101.96,-0.0368,0.0328,通过
优质处方,0.2,0.15,24,453,101.12,96.02,106.49,0.0111,0.0302,通过
优质处方,0.2,0.15,24,454,94.58,88.82,100.72,-0.0557,0.0367,通过
优质处方,0.2,0.15,24,455,104.35,98.8,110.2,0.0426,0.0319,通过
优质处方,0.2,0.15,24,456,103.58,98.73,108.67,0.0352,0.028,通过
优质处方,0.2,0.15,24,457,97.83,91.99,104.04,-0.0219,0.0359,通过
优质处方,0.2,0.15,24,458,106.91,101.69,112.39,0.0668,0.0292,通过
优质处方,0.2,0.15,24,459,103.39,96.89,110.33,0.0334,0.0379,通过
优质处方,0.2,0.15,24,460,101.14,96.45,106.05,0.0113,0.0277,通过
优质处方,0.2,0.15,24,461,96.03,92.0,100.23,-0.0405,0.025,通过
优质处方,0.2,0.15,24,462,94.61,89.91,99.56,-0.0554,0.0297,通过
优质处方,0.2,0.15,24,463,102.83,96.61,109.45,0.0279,0.0364,通过
优质处方,0.2,0.15,24,464,105.6,100.74,110.69,0.0545,0.0275,通过
优质处方,0.2,0.15,24,465,100.85,96.22,105.71,0.0085,0.0275,通过
优质处方,0.2,0.15,24,466,105.27,99.17,111.75,0.0514,0.0348,通过
优质处方,0.2,0.15,24,467,103.62,99.69,107.7,0.0355,0.0225,通过
优质处方,0.2,0.15,24,468,97.67,93.53,101.99,-0.0236,0.0253,通过
优质处方,0.2,0.15,24,469,107.97,103.85,112.25,0.0767,0.0227,通过
优质处方,0.2,0.15,24,470,99.17,94.86,103.68,-0.0083,0.0259,通过
优质处方,0.2,0.15,24,471,101.99,96.93,107.3,0.0197,0.0297,通过
优质处方,0.2,0.15,24,472,101.54,97.31,105.96,0.0153,0.0248,通过
优质处方,0.2,0.15,24,473,103.37,98.64,108.32,0.0331,0.0273,通过
优质处方,0.2,0.15,24,474,102.55,97.77,107.56,0.0251,0.0278,通过
优质处方,0.2,0.15,24,475,102.04,96.83,107.52,0.0202,0.0305,通过
优质处方,0.2,0.15,24,476,104.77,98.48,111.45,0.0466,0.0361,通过
优质处方,0.2,0.15,24,477,108.23,101.94,114.9,0.079,0.0349,通过
优质处方,0.2,0.15,24,478,100.73,95.4,106.36,0.0073,0.0317,通过
优质处方,0.2,0.15,24,479,97.19,91.33,103.43,-0.0285,0.0363,通过
优质处方,0.2,0.15,24,480,103.45,97.14,110.18,0.0339,0.0368,通过
优质处方,0.2,0.15,24,481,96.09,91.18,101.26,-0.0399,0.0306,通过
优质处方,0.2,0.15,24,482,106.71,101.74,111.92,0.0649,0.0278,通过
优质处方,0.2,0.15,24,483,95.99,91.73,100.46,-0.0409,0.0265,通过
优质处方,0.2,0.15,24,484,105.53,100.42,110.9,0.0538,0.029,通过
优质处方,0.2,0.15,24,485,98.78,93.66,104.18,-0.0123,0.0311,通过
优质处方,0.2,0.15,24,486,103.32,97.32,109.69,0.0327,0.0349,通过
优质处方,0.2,0.15,24,487,103.67,97.63,110.08,0.036,0.035,通过
优质处方,0.2,0.15,24,488,97.11,92.39,102.08,-0.0293,0.0291,通过
优质处方,0.2,0.15,24,489,103.47,97.52,109.77,0.0341,0.0345,通过
优质处方,0.2,0.15,24,490,100.63,96.1,105.38,0.0063,0.0269,通过
优质处方,0.2,0.15,24,491,103.57,98.62,108.77,0.0351,0.0286,通过
优质处方,0.2,0.15,24,492,96.61,91.29,102.24,-0.0345,0.033,通过
优质处方,0.2,0.15,24,493,101.48,96.51,106.71,0.0147,0.0293,通过
优质处方,0.2,0.15,24,494,103.59,98.23,109.24,0.0352,0.031,通过
优质处方,0.2,0.15,24,495,104.44,99.97,109.11,0.0434,0.0255,通过
优质处方,0.2,0.15,24,496,97.69,93.38,102.2,-0.0234,0.0263,通过
优质处方,0.2,0.15,24,497,96.69,91.55,102.12,-0.0336,0.0319,通过
优质处方,0.2,0.15,24,498,104.67,98.85,110.83,0.0456,0.0334,通过
优质处方,0.2,0.15,24,499,101.74,96.92,106.79,0.0172,0.0283,通过
优质处方,0.2,0.15,24,500,98.42,93.07,104.08,-0.0159,0.0326,通过
优质处方,0.2,0.15,36,1,104.15,99.79,108.69,0.0406,0.0253,通过
优质处方,0.2,0.15,36,2,104.8,99.89,109.95,0.0469,0.0284,通过
优质处方,0.2,0.15,36,3,102.63,98.42,107.01,0.0259,0.0247,通过
优质处方,0.2,0.15,36,4,103.9,99.51,108.49,0.0383,0.0256,通过
优质处方,0.2,0.15,36,5,102.48,98.63,106.48,0.0245,0.0227,通过
优质处方,0.2,0.15,36,6,101.09,96.64,105.75,0.0108,0.0267,通过
优质处方,0.2,0.15,36,7,105.95,101.65,110.42,0.0578,0.0245,通过
优质处方,0.2,0.15,36,8,104.76,101.08,108.57,0.0465,0.0212,通过
优质处方,0.2,0.15,36,9,101.99,96.65,107.61,0.0197,0.0318,通过
优质处方,0.2,0.15,36,10,103.16,99.08,107.4,0.0311,0.0239,通过
优质处方,0.2,0.15,36,11,101.84,98.31,105.5,0.0183,0.0209,通过
优质处方,0.2,0.15,36,12,104.18,100.02,108.51,0.041,0.0241,通过
优质处方,0.2,0.15,36,13,101.53,98.11,105.06,0.0151,0.0202,通过
优质处方,0.2,0.15,36,14,100.13,95.96,104.49,0.0013,0.0252,通过
优质处方,0.2,0.15,36,15,103.27,98.55,108.22,0.0322,0.0277,通过
优质处方,0.2,0.15,36,16,102.5,99.16,105.94,0.0247,0.0196,通过
优质处方,0.2,0.15,36,17,98.18,93.19,103.43,-0.0184,0.0309,通过
优质处方,0.2,0.15,36,18,99.74,95.02,104.7,-0.0026,0.0287,通过
优质处方,0.2,0.15,36,19,99.67,95.87,103.62,-0.0033,0.023,通过
优质处方,0.2,0.15,36,20,103.0,98.13,108.11,0.0296,0.0287,通过
优质处方,0.2,0.15,36,21,103.46,97.98,109.24,0.034,0.0322,通过
优质处方,0.2,0.15,36,22,102.41,97.18,107.91,0.0238,0.031,通过
优质处方,0.2,0.15,36,23,107.49,102.15,113.1,0.0722,0.0301,通过
优质处方,0.2,0.15,36,24,100.31,95.62,105.22,0.0031,0.0283,通过
优质处方,0.2,0.15,36,25,99.08,95.09,103.24,-0.0092,0.0243,通过
优质处方,0.2,0.15,36,26,99.51,95.48,103.7,-0.0049,0.0244,通过
优质处方,0.2,0.15,36,27,96.79,93.03,100.7,-0.0326,0.0234,通过
优质处方,0.2,0.15,36,28,98.14,93.84,102.63,-0.0188,0.0265,通过
优质处方,0.2,0.15,36,29,99.44,95.24,103.83,-0.0056,0.0255,通过
优质处方,0.2,0.15,36,30,100.17,95.17,105.43,0.0017,0.0303,通过
优质处方,0.2,0.15,36,31,98.39,94.31,102.65,-0.0162,0.0251,通过
优质处方,0.2,0.15,36,32,102.82,97.91,107.98,0.0279,0.029,通过
优质处方,0.2,0.15,36,33,103.74,98.14,109.66,0.0367,0.0328,通过
优质处方,0.2,0.15,36,34,99.6,96.18,103.14,-0.004,0.0207,通过
优质处方,0.2,0.15,36,35,102.92,98.72,107.3,0.0288,0.0247,通过
优质处方,0.2,0.15,36,36,100.46,97.61,103.39,0.0046,0.017,通过
优质处方,0.2,0.15,36,37,101.54,96.71,106.6,0.0153,0.0288,通过
优质处方,0.2,0.15,36,38,95.71,91.73,99.87,-0.0438,0.0252,通过
优质处方,0.2,0.15,36,39,100.17,96.54,103.94,0.0017,0.0218,通过
优质处方,0.2,0.15,36,40,106.83,102.49,111.36,0.0661,0.0246,通过
优质处方,0.2,0.15,36,41,101.96,98.09,105.98,0.0194,0.0229,通过
优质处方,0.2,0.15,36,42,99.26,94.45,104.32,-0.0074,0.0294,通过
优质处方,0.2,0.15,36,43,100.6,96.36,105.03,0.006,0.0255,通过
优质处方,0.2,0.15,36,44,97.3,93.83,100.9,-0.0274,0.0215,通过
优质处方,0.2,0.15,36,45,99.44,95.95,103.06,-0.0056,0.0212,通过
优质处方,0.2,0.15,36,46,98.92,94.32,103.74,-0.0109,0.0282,通过
优质处方,0.2,0.15,36,47,98.7,94.94,102.62,-0.013,0.023,通过
优质处方,0.2,0.15,36,48,100.29,95.72,105.07,0.0028,0.0276,通过
优质处方,0.2,0.15,36,49,102.37,98.54,106.35,0.0235,0.0226,通过
优质处方,0.2,0.15,36,50,101.56,97.68,105.6,0.0155,0.0231,通过
优质处方,0.2,0.15,36,51,104.88,100.48,109.48,0.0477,0.0254,通过
优质处方,0.2,0.15,36,52,102.07,97.35,107.01,0.0205,0.028,通过
优质处方,0.2,0.15,36,53,101.87,96.82,107.18,0.0185,0.0301,通过
优质处方,0.2,0.15,36,54,101.78,97.39,106.35,0.0176,0.026,通过
优质处方,0.2,0.15,36,55,100.99,96.23,105.98,0.0099,0.0286,通过
优质处方,0.2,0.15,36,56,103.19,99.27,107.26,0.0314,0.0229,通过
优质处方,0.2,0.15,36,57,98.43,93.09,104.08,-0.0158,0.033,通过
优质处方,0.2,0.15,36,58,99.77,94.84,104.96,-0.0023,0.03,通过
优质处方,0.2,0.15,36,59,99.06,94.72,103.6,-0.0095,0.0265,通过
优质处方,0.2,0.15,36,60,97.7,93.78,101.78,-0.0233,0.0242,通过
优质处方,0.2,0.15,36,61,97.63,93.81,101.6,-0.024,0.0236,通过
优质处方,0.2,0.15,36,62,105.25,99.96,110.82,0.0512,0.0305,通过
优质处方,0.2,0.15,36,63,107.93,104.06,111.94,0.0763,0.0216,通过
优质处方,0.2,0.15,36,64,101.07,96.22,106.17,0.0107,0.0291,通过
优质处方,0.2,0.15,36,65,99.22,95.48,103.09,-0.0079,0.0227,通过
优质处方,0.2,0.15,36,66,101.22,97.45,105.13,0.0121,0.0225,通过
优质处方,0.2,0.15,36,67,106.36,102.19,110.69,0.0616,0.0237,通过
优质处方,0.2,0.15,36,68,100.8,96.58,105.21,0.008,0.0253,通过
优质处方,0.2,0.15,36,69,103.13,99.16,107.27,0.0308,0.0233,通过
优质处方,0.2,0.15,36,70,99.87,95.52,104.41,-0.0013,0.0263,通过
优质处方,0.2,0.15,36,71,101.05,96.77,105.51,0.0104,0.0256,通过
优质处方,0.2,0.15,36,72,99.77,95.11,104.65,-0.0023,0.0283,通过
优质处方,0.2,0.15,36,73,99.39,95.29,103.66,-0.0062,0.0249,通过
优质处方,0.2,0.15,36,74,98.81,94.74,103.05,-0.012,0.0249,通过
优质处方,0.2,0.15,36,75,101.33,97.04,105.81,0.0132,0.0256,通过
优质处方,0.2,0.15,36,76,98.3,94.2,102.57,-0.0172,0.0252,通过
优质处方,0.2,0.15,36,77,96.52,91.73,101.56,-0.0354,0.0301,通过
优质处方,0.2,0.15,36,78,100.04,96.12,104.13,0.0004,0.0237,通过
优质处方,0.2,0.15,36,79,101.71,97.92,105.64,0.0169,0.0224,通过
优质处方,0.2,0.15,36,80,99.06,95.14,103.14,-0.0095,0.0239,通过
优质处方,0.2,0.15,36,81,96.58,92.32,101.04,-0.0348,0.0267,通过
优质处方,0.2,0.15,36,82,97.99,93.42,102.77,-0.0203,0.0282,通过
优质处方,0.2,0.15,36,83,102.56,97.89,107.45,0.0253,0.0276,通过
优质处方,0.2,0.15,36,84,103.49,99.02,108.17,0.0344,0.0262,通过
优质处方,0.2,0.15,36,85,100.6,96.31,105.09,0.006,0.0258,通过
优质处方,0.2,0.15,36,86,97.8,93.26,102.56,-0.0222,0.0281,通过
优质处方,0.2,0.15,36,87,100.6,96.62,104.75,0.006,0.0239,通过
优质处方,0.2,0.15,36,88,101.1,96.71,105.68,0.0109,0.0263,通过
优质处方,0.2,0.15,36,89,102.3,98.23,106.55,0.0228,0.024,通过
优质处方,0.2,0.15,36,90,95.54,91.11,100.18,-0.0456,0.0281,通过
优质处方,0.2,0.15,36,91,100.04,95.05,105.3,0.0004,0.0303,通过
优质处方,0.2,0.15,36,92,95.92,90.96,101.15,-0.0416,0.0314,通过
优质处方,0.2,0.15,36,93,95.02,90.68,99.56,-0.0511,0.0277,通过
优质处方,0.2,0.15,36,94,101.66,97.98,105.48,0.0165,0.0218,通过
优质处方,0.2,0.15,36,95,100.13,96.01,104.43,0.0013,0.0249,通过
优质处方,0.2,0.15,36,96,98.04,93.36,102.95,-0.0198,0.0289,通过
优质处方,0.2,0.15,36,97,101.86,96.98,106.99,0.0184,0.0291,通过
优质处方,0.2,0.15,36,98,101.32,98.14,104.61,0.0131,0.0189,通过
优质处方,0.2,0.15,36,99,97.98,94.4,101.69,-0.0205,0.022,通过
优质处方,0.2,0.15,36,100,99.46,94.35,104.85,-0.0054,0.0312,通过
优质处方,0.2,0.15,36,101,99.62,95.94,103.45,-0.0038,0.0223,通过
优质处方,0.2,0.15,36,102,97.7,92.15,103.59,-0.0233,0.0346,通过
优质处方,0.2,0.15,36,103,95.03,90.76,99.51,-0.051,0.0272,通过
优质处方,0.2,0.15,36,104,98.27,93.52,103.27,-0.0174,0.0293,通过
优质处方,0.2,0.15,36,105,100.18,95.74,104.81,0.0018,0.0268,通过
优质处方,0.2,0.15,36,106,101.92,97.0,107.08,0.019,0.0293,通过
优质处方,0.2,0.15,36,107,100.3,96.18,104.6,0.003,0.0248,通过
优质处方,0.2,0.15,36,108,102.52,98.44,106.76,0.0249,0.024,通过
优质处方,0.2,0.15,36,109,101.12,96.78,105.66,0.0112,0.026,通过
优质处方,0.2,0.15,36,110,102.73,98.92,106.69,0.027,0.0224,通过
优质处方,0.2,0.15,36,111,99.09,95.19,103.16,-0.0091,0.0238,通过
优质处方,0.2,0.15,36,112,104.53,100.23,109.01,0.0443,0.0248,通过
优质处方,0.2,0.15,36,113,101.38,96.86,106.12,0.0137,0.027,通过
优质处方,0.2,0.15,36,114,99.05,94.64,103.66,-0.0096,0.0269,通过
优质处方,0.2,0.15,36,115,102.25,98.56,106.07,0.0222,0.0217,通过
优质处方,0.2,0.15,36,116,103.11,98.77,107.64,0.0306,0.0254,通过
优质处方,0.2,0.15,36,117,102.09,98.07,106.27,0.0207,0.0238,通过
优质处方,0.2,0.15,36,118,99.26,95.05,103.65,-0.0075,0.0256,通过
优质处方,0.2,0.15,36,119,102.57,98.21,107.13,0.0254,0.0257,通过
优质处方,0.2,0.15,36,120,100.97,96.24,105.93,0.0096,0.0284,通过
优质处方,0.2,0.15,36,121,98.48,94.44,102.69,-0.0153,0.0248,通过
优质处方,0.2,0.15,36,122,101.51,97.52,105.66,0.015,0.0237,通过
优质处方,0.2,0.15,36,123,99.54,96.52,102.66,-0.0046,0.0182,通过
优质处方,0.2,0.15,36,124,101.59,98.0,105.33,0.0158,0.0213,通过
优质处方,0.2,0.15,36,125,101.02,96.21,106.07,0.0101,0.0289,通过
优质处方,0.2,0.15,36,126,101.08,96.94,105.4,0.0107,0.0248,通过
优质处方,0.2,0.15,36,127,99.46,94.95,104.19,-0.0054,0.0275,通过
优质处方,0.2,0.15,36,128,100.47,95.39,105.82,0.0047,0.0307,通过
优质处方,0.2,0.15,36,129,106.2,101.15,111.5,0.0601,0.0288,通过
优质处方,0.2,0.15,36,130,100.2,95.78,104.83,0.002,0.0267,通过
优质处方,0.2,0.15,36,131,104.95,101.29,108.74,0.0483,0.021,通过
优质处方,0.2,0.15,36,132,104.06,99.66,108.66,0.0398,0.0256,通过
优质处方,0.2,0.15,36,133,101.35,97.22,105.66,0.0134,0.0246,通过
优质处方,0.2,0.15,36,134,105.25,100.58,110.15,0.0512,0.0269,通过
优质处方,0.2,0.15,36,135,102.67,98.53,106.99,0.0264,0.0244,通过
优质处方,0.2,0.15,36,136,103.12,98.63,107.82,0.0308,0.0264,通过
优质处方,0.2,0.15,36,137,99.3,94.59,104.24,-0.007,0.0287,通过
优质处方,0.2,0.15,36,138,104.05,99.43,108.88,0.0397,0.0269,通过
优质处方,0.2,0.15,36,139,99.1,95.3,103.04,-0.0091,0.0231,通过
优质处方,0.2,0.15,36,140,105.75,101.4,110.28,0.0559,0.0248,通过
优质处方,0.2,0.15,36,141,100.35,96.67,104.17,0.0035,0.0221,通过
优质处方,0.2,0.15,36,142,102.6,97.8,107.64,0.0257,0.0284,通过
优质处方,0.2,0.15,36,143,99.97,95.38,104.79,-0.0003,0.0279,通过
优质处方,0.2,0.15,36,144,104.71,99.63,110.05,0.046,0.0294,通过
优质处方,0.2,0.15,36,145,104.59,100.06,109.33,0.0449,0.0262,通过
优质处方,0.2,0.15,36,146,99.78,95.81,103.91,-0.0022,0.024,通过
优质处方,0.2,0.15,36,147,100.58,96.42,104.93,0.0058,0.0251,通过
优质处方,0.2,0.15,36,148,104.63,100.8,108.61,0.0453,0.0221,通过
优质处方,0.2,0.15,36,149,98.64,93.86,103.65,-0.0137,0.0294,通过
优质处方,0.2,0.15,36,150,100.86,95.18,106.88,0.0085,0.0343,通过
优质处方,0.2,0.15,36,151,101.63,97.77,105.65,0.0162,0.0229,通过
优质处方,0.2,0.15,36,152,101.93,97.85,106.18,0.0191,0.0242,通过
优质处方,0.2,0.15,36,153,104.61,100.01,109.41,0.045,0.0266,通过
优质处方,0.2,0.15,36,154,94.99,90.7,99.49,-0.0514,0.0274,通过
优质处方,0.2,0.15,36,155,100.12,96.39,103.99,0.0012,0.0225,通过
优质处方,0.2,0.15,36,156,100.85,95.79,106.18,0.0085,0.0305,通过
优质处方,0.2,0.15,36,157,98.86,94.55,103.37,-0.0114,0.0264,通过
优质处方,0.2,0.15,36,158,103.99,99.0,109.23,0.0392,0.0291,通过
优质处方,0.2,0.15,36,159,95.56,91.96,99.3,-0.0454,0.0227,通过
优质处方,0.2,0.15,36,160,105.13,100.96,109.47,0.05,0.0239,通过
优质处方,0.2,0.15,36,161,102.56,97.63,107.73,0.0253,0.0291,通过
优质处方,0.2,0.15,36,162,99.92,96.01,104.0,-0.0008,0.0236,通过
优质处方,0.2,0.15,36,163,101.92,97.94,106.06,0.019,0.0236,通过
优质处方,0.2,0.15,36,164,99.68,96.32,103.16,-0.0032,0.0203,通过
优质处方,0.2,0.15,36,165,98.97,94.45,103.71,-0.0104,0.0277,通过
优质处方,0.2,0.15,36,166,100.9,96.7,105.28,0.0089,0.0252,通过
优质处方,0.2,0.15,36,167,103.57,99.32,108.0,0.0351,0.0248,通过
优质处方,0.2,0.15,36,168,101.7,97.13,106.47,0.0168,0.0272,通过
优质处方,0.2,0.15,36,169,103.06,98.98,107.3,0.0301,0.0239,通过
优质处方,0.2,0.15,36,170,99.99,95.56,104.63,-0.0001,0.0268,通过
优质处方,0.2,0.15,36,171,98.21,94.2,102.4,-0.018,0.0247,通过
优质处方,0.2,0.15,36,172,104.15,100.15,108.31,0.0407,0.0232,通过
优质处方,0.2,0.15,36,173,101.93,97.27,106.8,0.0191,0.0277,通过
优质处方,0.2,0.15,36,174,96.17,92.48,100.01,-0.0391,0.0232,通过
优质处方,0.2,0.15,36,175,99.89,95.03,105.0,-0.0011,0.0295,通过
优质处方,0.2,0.15,36,176,96.57,92.66,100.65,-0.0349,0.0245,通过
优质处方,0.2,0.15,36,177,100.61,96.2,105.21,0.006,0.0265,通过
优质处方,0.2,0.15,36,178,97.66,92.62,102.99,-0.0236,0.0314,通过
优质处方,0.2,0.15,36,179,102.71,97.96,107.7,0.0268,0.028,通过
优质处方,0.2,0.15,36,180,101.6,97.1,106.32,0.0159,0.0268,通过
优质处方,0.2,0.15,36,181,101.39,97.03,105.94,0.0138,0.026,通过
优质处方,0.2,0.15,36,182,99.36,94.73,104.23,-0.0064,0.0283,通过
优质处方,0.2,0.15,36,183,98.65,92.97,104.68,-0.0136,0.0351,通过
优质处方,0.2,0.15,36,184,97.73,93.03,102.67,-0.0229,0.0292,通过
优质处方,0.2,0.15,36,185,95.35,91.76,99.09,-0.0476,0.0228,通过
优质处方,0.2,0.15,36,186,98.02,94.02,102.18,-0.02,0.0246,通过
优质处方,0.2,0.15,36,187,102.71,98.96,106.59,0.0267,0.022,通过
优质处方,0.2,0.15,36,188,103.31,98.55,108.29,0.0326,0.0279,通过
优质处方,0.2,0.15,36,189,105.38,101.19,109.75,0.0524,0.024,通过
优质处方,0.2,0.15,36,190,101.99,97.29,106.92,0.0197,0.028,通过
优质处方,0.2,0.15,36,191,99.8,95.83,103.93,-0.002,0.024,通过
优质处方,0.2,0.15,36,192,102.22,98.35,106.24,0.0219,0.0228,通过
优质处方,0.2,0.15,36,193,99.38,96.04,102.84,-0.0062,0.0202,通过
优质处方,0.2,0.15,36,194,99.13,94.68,103.78,-0.0088,0.0272,通过
优质处方,0.2,0.15,36,195,100.73,96.16,105.52,0.0073,0.0275,通过
优质处方,0.2,0.15,36,196,105.29,101.74,108.97,0.0516,0.0203,通过
优质处方,0.2,0.15,36,197,100.09,95.43,104.98,0.0009,0.0282,通过
优质处方,0.2,0.15,36,198,99.0,94.88,103.3,-0.01,0.0252,通过
优质处方,0.2,0.15,36,199,100.41,96.62,104.34,0.004,0.0227,通过
优质处方,0.2,0.15,36,200,100.81,97.3,104.46,0.0081,0.021,通过
优质处方,0.2,0.15,36,201,102.83,98.02,107.88,0.0279,0.0283,通过
优质处方,0.2,0.15,36,202,100.64,96.76,104.66,0.0063,0.0232,通过
优质处方,0.2,0.15,36,203,100.89,96.84,105.12,0.0089,0.0243,通过
优质处方,0.2,0.15,36,204,94.48,90.48,98.67,-0.0568,0.0257,通过
优质处方,0.2,0.15,36,205,103.15,98.24,108.3,0.031,0.0288,通过
优质处方,0.2,0.15,36,206,104.81,100.92,108.85,0.047,0.0224,通过
优质处方,0.2,0.15,36,207,102.71,96.88,108.89,0.0268,0.0346,通过
优质处方,0.2,0.15,36,208,99.78,95.55,104.19,-0.0022,0.0256,通过
优质处方,0.2,0.15,36,209,103.98,99.63,108.52,0.039,0.0253,通过
优质处方,0.2,0.15,36,210,93.84,90.64,97.16,-0.0636,0.0205,通过
优质处方,0.2,0.15,36,211,105.09,100.36,110.04,0.0496,0.0273,通过
优质处方,0.2,0.15,36,212,104.06,100.25,108.01,0.0398,0.0221,通过
优质处方,0.2,0.15,36,213,103.5,98.34,108.92,0.0344,0.0302,通过
优质处方,0.2,0.15,36,214,100.46,95.45,105.72,0.0046,0.0302,通过
优质处方,0.2,0.15,36,215,97.63,94.34,101.03,-0.024,0.0203,通过
优质处方,0.2,0.15,36,216,99.85,94.68,105.3,-0.0015,0.0315,通过
优质处方,0.2,0.15,36,217,101.84,98.17,105.65,0.0182,0.0217,通过
优质处方,0.2,0.15,36,218,102.75,98.08,107.64,0.0271,0.0275,通过
优质处方,0.2,0.15,36,219,98.96,95.23,102.83,-0.0105,0.0227,通过
优质处方,0.2,0.15,36,220,101.46,97.59,105.48,0.0145,0.023,通过
优质处方,0.2,0.15,36,221,100.56,95.42,105.98,0.0056,0.0311,通过
优质处方,0.2,0.15,36,222,97.56,92.33,103.08,-0.0247,0.0326,通过
优质处方,0.2,0.15,36,223,99.46,94.25,104.96,-0.0054,0.0319,通过
优质处方,0.2,0.15,36,224,101.52,97.09,106.15,0.0151,0.0264,通过
优质处方,0.2,0.15,36,225,100.39,95.35,105.69,0.0039,0.0305,通过
优质处方,0.2,0.15,36,226,95.99,91.54,100.65,-0.041,0.0281,通过
优质处方,0.2,0.15,36,227,104.27,99.6,109.16,0.0418,0.0271,通过
优质处方,0.2,0.15,36,228,102.94,97.95,108.18,0.0289,0.0294,通过
优质处方,0.2,0.15,36,229,103.95,99.83,108.25,0.0388,0.024,通过
优质处方,0.2,0.15,36,230,99.41,95.36,103.63,-0.0059,0.0246,通过
优质处方,0.2,0.15,36,231,100.09,95.66,104.73,0.0009,0.0268,通过
优质处方,0.2,0.15,36,232,104.94,99.7,110.46,0.0482,0.0303,通过
优质处方,0.2,0.15,36,233,97.67,93.63,101.88,-0.0236,0.025,通过
优质处方,0.2,0.15,36,234,100.75,96.19,105.53,0.0075,0.0274,通过
优质处方,0.2,0.15,36,235,101.44,97.17,105.91,0.0143,0.0255,通过
优质处方,0.2,0.15,36,236,100.25,96.04,104.64,0.0025,0.0254,通过
优质处方,0.2,0.15,36,237,104.97,99.99,110.2,0.0485,0.0288,通过
优质处方,0.2,0.15,36,238,98.64,94.16,103.32,-0.0137,0.0275,通过
优质处方,0.2,0.15,36,239,99.52,95.83,103.35,-0.0048,0.0224,通过
优质处方,0.2,0.15,36,240,98.41,95.2,101.73,-0.016,0.0196,通过
优质处方,0.2,0.15,36,241,98.96,95.05,103.03,-0.0104,0.0239,通过
优质处方,0.2,0.15,36,242,101.2,96.32,106.31,0.0119,0.0292,通过
优质处方,0.2,0.15,36,243,95.99,91.86,100.31,-0.0409,0.0261,通过
优质处方,0.2,0.15,36,244,99.34,94.96,103.93,-0.0066,0.0267,通过
优质处方,0.2,0.15,36,245,99.18,95.7,102.79,-0.0082,0.0212,通过
优质处方,0.2,0.15,36,246,107.15,103.26,111.18,0.069,0.0219,通过
优质处方,0.2,0.15,36,247,99.38,95.09,103.86,-0.0062,0.0261,通过
优质处方,0.2,0.15,36,248,101.06,97.13,105.16,0.0106,0.0235,通过
优质处方,0.2,0.15,36,249,97.89,93.31,102.7,-0.0213,0.0284,通过
优质处方,0.2,0.15,36,250,102.79,98.85,106.89,0.0275,0.0232,通过
优质处方,0.2,0.15,36,251,107.72,103.19,112.45,0.0743,0.0254,通过
优质处方,0.2,0.15,36,252,102.04,98.09,106.14,0.0202,0.0234,通过
优质处方,0.2,0.15,36,253,104.36,100.24,108.64,0.0426,0.0238,通过
优质处方,0.2,0.15,36,254,98.25,93.54,103.19,-0.0177,0.029,通过
优质处方,0.2,0.15,36,255,106.32,101.35,111.53,0.0613,0.0283,通过
优质处方,0.2,0.15,36,256,99.51,95.35,103.86,-0.0049,0.0253,通过
优质处方,0.2,0.15,36,257,102.83,98.27,107.61,0.0279,0.0269,通过
优质处方,0.2,0.15,36,258,99.3,95.56,103.19,-0.007,0.0227,通过
优质处方,0.2,0.15,36,259,97.42,92.22,102.92,-0.0261,0.0325,通过
优质处方,0.2,0.15,36,260,99.59,95.95,103.36,-0.0041,0.022,通过
优质处方,0.2,0.15,36,261,102.45,98.67,106.37,0.0242,0.0223,通过
优质处方,0.2,0.15,36,262,103.12,98.69,107.74,0.0307,0.026,通过
优质处方,0.2,0.15,36,263,102.72,97.85,107.82,0.0268,0.0287,通过
优质处方,0.2,0.15,36,264,96.31,92.05,100.77,-0.0376,0.0268,通过
优质处方,0.2,0.15,36,265,100.89,95.97,106.06,0.0089,0.0296,通过
优质处方,0.2,0.15,36,266,101.34,96.89,106.0,0.0134,0.0266,通过
优质处方,0.2,0.15,36,267,108.23,103.97,112.66,0.0791,0.0238,通过
优质处方,0.2,0.15,36,268,101.88,97.03,106.96,0.0186,0.0288,通过
优质处方,0.2,0.15,36,269,101.19,97.31,105.23,0.0118,0.0232,通过
优质处方,0.2,0.15,36,270,99.79,95.25,104.56,-0.0021,0.0276,通过
优质处方,0.2,0.15,36,271,97.59,92.84,102.59,-0.0244,0.0296,通过
优质处方,0.2,0.15,36,272,97.38,92.26,102.79,-0.0265,0.032,通过
优质处方,0.2,0.15,36,273,99.48,95.13,104.04,-0.0052,0.0265,通过
优质处方,0.2,0.15,36,274,102.31,98.32,106.45,0.0228,0.0235,通过
优质处方,0.2,0.15,36,275,102.45,98.06,107.04,0.0242,0.0259,通过
优质处方,0.2,0.15,36,276,97.12,92.53,101.94,-0.0292,0.0287,通过
优质处方,0.2,0.15,36,277,98.59,94.21,103.17,-0.0142,0.0269,通过
优质处方,0.2,0.15,36,278,99.82,96.12,103.66,-0.0018,0.0223,通过
优质处方,0.2,0.15,36,279,103.14,98.85,107.63,0.0309,0.0252,通过
优质处方,0.2,0.15,36,280,94.3,90.03,98.77,-0.0587,0.0274,通过
优质处方,0.2,0.15,36,281,100.71,97.47,104.06,0.0071,0.0194,通过
优质处方,0.2,0.15,36,282,101.46,97.14,105.98,0.0145,0.0258,通过
优质处方,0.2,0.15,36,283,97.43,92.8,102.29,-0.026,0.0288,通过
优质处方,0.2,0.15,36,284,98.09,94.27,102.07,-0.0192,0.0235,通过
优质处方,0.2,0.15,36,285,105.67,100.92,110.64,0.0552,0.0272,通过
优质处方,0.2,0.15,36,286,102.87,98.3,107.65,0.0283,0.0269,通过
优质处方,0.2,0.15,36,287,101.93,98.31,105.68,0.0191,0.0214,通过
优质处方,0.2,0.15,36,288,97.13,93.49,100.92,-0.0291,0.0226,通过
优质处方,0.2,0.15,36,289,98.51,94.3,102.91,-0.015,0.0259,通过
优质处方,0.2,0.15,36,290,96.49,92.24,100.93,-0.0358,0.0266,通过
优质处方,0.2,0.15,36,291,100.66,95.5,106.11,0.0066,0.0312,通过
优质处方,0.2,0.15,36,292,102.19,98.83,105.65,0.0216,0.0198,通过
优质处方,0.2,0.15,36,293,104.08,99.36,109.03,0.04,0.0275,通过
优质处方,0.2,0.15,36,294,101.94,97.42,106.67,0.0192,0.0268,通过
优质处方,0.2,0.15,36,295,104.01,99.68,108.52,0.0393,0.0251,通过
优质处方,0.2,0.15,36,296,103.48,99.27,107.86,0.0342,0.0246,通过
优质处方,0.2,0.15,36,297,99.33,94.93,103.93,-0.0067,0.0268,通过
优质处方,0.2,0.15,36,298,101.02,95.89,106.41,0.0101,0.0308,通过
优质处方,0.2,0.15,36,299,102.3,98.63,106.11,0.0227,0.0216,通过
优质处方,0.2,0.15,36,300,102.89,98.25,107.75,0.0285,0.0273,通过
优质处方,0.2,0.15,36,301,102.99,98.63,107.55,0.0295,0.0256,通过
优质处方,0.2,0.15,36,302,100.5,96.87,104.26,0.005,0.0218,通过
优质处方,0.2,0.15,36,303,107.14,102.3,112.22,0.069,0.0274,通过
优质处方,0.2,0.15,36,304,98.77,95.42,102.24,-0.0124,0.0204,通过
优质处方,0.2,0.15,36,305,99.37,95.22,103.69,-0.0064,0.0252,通过
优质处方,0.2,0.15,36,306,97.05,92.59,101.73,-0.0299,0.0279,通过
优质处方,0.2,0.15,36,307,100.2,96.11,104.46,0.002,0.0247,通过
优质处方,0.2,0.15,36,308,101.04,96.8,105.47,0.0104,0.0254,通过
优质处方,0.2,0.15,36,309,103.72,98.62,109.09,0.0365,0.0299,通过
优质处方,0.2,0.15,36,310,100.31,95.8,105.05,0.0031,0.0273,通过
优质处方,0.2,0.15,36,311,105.23,100.12,110.61,0.051,0.0295,通过
优质处方,0.2,0.15,36,312,102.72,99.26,106.29,0.0268,0.0202,通过
优质处方,0.2,0.15,36,313,101.83,98.67,105.1,0.0182,0.0187,通过
优质处方,0.2,0.15,36,314,101.6,97.03,106.4,0.0159,0.0273,通过
优质处方,0.2,0.15,36,315,97.81,93.08,102.78,-0.0222,0.0293,通过
优质处方,0.2,0.15,36,316,104.89,100.3,109.69,0.0478,0.0265,通过
优质处方,0.2,0.15,36,317,98.0,94.27,101.87,-0.0202,0.023,通过
优质处方,0.2,0.15,36,318,103.47,98.37,108.83,0.0341,0.0299,通过
优质处方,0.2,0.15,36,319,101.58,96.74,106.66,0.0157,0.0289,通过
优质处方,0.2,0.15,36,320,97.84,93.91,101.93,-0.0218,0.0243,通过
优质处方,0.2,0.15,36,321,102.23,96.62,108.17,0.0221,0.0334,通过
优质处方,0.2,0.15,36,322,100.38,95.89,105.07,0.0038,0.027,通过
优质处方,0.2,0.15,36,323,99.18,95.9,102.58,-0.0082,0.0199,通过
优质处方,0.2,0.15,36,324,103.85,99.62,108.26,0.0377,0.0246,通过
优质处方,0.2,0.15,36,325,107.96,103.39,112.74,0.0766,0.0256,通过
优质处方,0.2,0.15,36,326,100.99,97.12,105.01,0.0098,0.0231,通过
优质处方,0.2,0.15,36,327,102.86,98.85,107.04,0.0282,0.0235,通过
优质处方,0.2,0.15,36,328,97.59,92.86,102.56,-0.0244,0.0294,通过
优质处方,0.2,0.15,36,329,102.74,98.74,106.9,0.027,0.0235,通过
优质处方,0.2,0.15,36,330,98.28,93.95,102.82,-0.0173,0.0267,通过
优质处方,0.2,0.15,36,331,104.86,100.92,108.95,0.0475,0.0227,通过
优质处方,0.2,0.15,36,332,103.61,99.87,107.48,0.0354,0.0217,通过
优质处方,0.2,0.15,36,333,107.63,102.86,112.63,0.0736,0.0269,通过
优质处方,0.2,0.15,36,334,101.27,96.99,105.75,0.0127,0.0256,通过
优质处方,0.2,0.15,36,335,103.52,99.41,107.79,0.0346,0.024,通过
优质处方,0.2,0.15,36,336,105.99,100.96,111.28,0.0582,0.0288,通过
优质处方,0.2,0.15,36,337,105.35,101.42,109.43,0.0521,0.0225,通过
优质处方,0.2,0.15,36,338,98.82,94.66,103.17,-0.0118,0.0255,通过
优质处方,0.2,0.15,36,339,100.55,95.88,105.45,0.0055,0.0281,通过
优质处方,0.2,0.15,36,340,107.43,102.39,112.72,0.0717,0.0284,通过
优质处方,0.2,0.15,36,341,97.61,92.92,102.53,-0.0242,0.0291,通过
优质处方,0.2,0.15,36,342,97.68,93.92,101.6,-0.0234,0.0233,通过
优质处方,0.2,0.15,36,343,103.28,98.85,107.9,0.0322,0.026,通过
优质处方,0.2,0.15,36,344,100.63,96.11,105.36,0.0063,0.0272,通过
优质处方,0.2,0.15,36,345,99.33,94.41,104.51,-0.0067,0.0301,通过
优质处方,0.2,0.15,36,346,99.0,95.66,102.46,-0.0101,0.0203,通过
优质处方,0.2,0.15,36,347,100.42,96.45,104.55,0.0042,0.0239,通过
优质处方,0.2,0.15,36,348,97.3,93.69,101.05,-0.0274,0.0224,通过
优质处方,0.2,0.15,36,349,97.65,93.43,102.07,-0.0238,0.0262,通过
优质处方,0.2,0.15,36,350,99.47,94.57,104.63,-0.0053,0.0299,通过
优质处方,0.2,0.15,36,351,104.59,99.73,109.68,0.0448,0.0282,通过
优质处方,0.2,0.15,36,352,101.52,97.49,105.73,0.0151,0.024,通过
优质处方,0.2,0.15,36,353,97.75,94.01,101.64,-0.0227,0.0231,通过
优质处方,0.2,0.15,36,354,100.62,96.68,104.71,0.0061,0.0236,通过
优质处方,0.2,0.15,36,355,97.63,93.92,101.49,-0.024,0.0229,通过
优质处方,0.2,0.15,36,356,103.32,99.18,107.63,0.0327,0.0242,通过
优质处方,0.2,0.15,36,357,100.14,95.84,104.63,0.0014,0.026,通过
优质处方,0.2,0.15,36,358,97.83,93.82,102.02,-0.0219,0.0248,通过
优质处方,0.2,0.15,36,359,100.58,95.74,105.67,0.0058,0.0292,通过
优质处方,0.2,0.15,36,360,103.61,98.84,108.61,0.0355,0.0279,通过
优质处方,0.2,0.15,36,361,100.41,96.09,104.93,0.0041,0.0261,通过
优质处方,0.2,0.15,36,362,103.27,98.68,108.08,0.0322,0.0269,通过
优质处方,0.2,0.15,36,363,101.96,98.67,105.36,0.0194,0.0194,通过
优质处方,0.2,0.15,36,364,100.72,96.71,104.9,0.0072,0.024,通过
优质处方,0.2,0.15,36,365,100.24,95.69,105.0,0.0024,0.0275,通过
优质处方,0.2,0.15,36,366,104.66,100.33,109.17,0.0456,0.025,通过
优质处方,0.2,0.15,36,367,101.0,96.34,105.88,0.0099,0.0279,通过
优质处方,0.2,0.15,36,368,104.76,100.28,109.45,0.0465,0.0259,通过
优质处方,0.2,0.15,36,369,101.21,96.57,106.08,0.0121,0.0278,通过
优质处方,0.2,0.15,36,370,103.06,98.43,107.92,0.0302,0.0272,通过
优质处方,0.2,0.15,36,371,99.39,95.0,103.99,-0.0061,0.0267,通过
优质处方,0.2,0.15,36,372,100.84,97.44,104.36,0.0084,0.0203,通过
优质处方,0.2,0.15,36,373,99.17,94.01,104.62,-0.0083,0.0317,通过
优质处方,0.2,0.15,36,374,99.48,95.55,103.58,-0.0052,0.0239,通过
优质处方,0.2,0.15,36,375,101.2,96.65,105.97,0.0119,0.0273,通过
优质处方,0.2,0.15,36,376,102.16,97.83,106.68,0.0214,0.0256,通过
优质处方,0.2,0.15,36,377,100.98,96.46,105.71,0.0097,0.0271,通过
优质处方,0.2,0.15,36,378,100.14,95.89,104.59,0.0014,0.0257,通过
优质处方,0.2,0.15,36,379,104.87,100.37,109.56,0.0475,0.0259,通过
优质处方,0.2,0.15,36,380,100.01,96.3,103.86,0.0001,0.0224,通过
优质处方,0.2,0.15,36,381,102.87,98.54,107.39,0.0283,0.0255,通过
优质处方,0.2,0.15,36,382,98.43,93.54,103.58,-0.0158,0.0302,通过
优质处方,0.2,0.15,36,383,100.59,95.93,105.49,0.0059,0.0281,通过
优质处方,0.2,0.15,36,384,99.71,95.92,103.65,-0.0029,0.0229,通过
优质处方,0.2,0.15,36,385,101.51,97.2,106.02,0.015,0.0257,通过
优质处方,0.2,0.15,36,386,100.11,95.64,104.79,0.0011,0.027,通过
优质处方,0.2,0.15,36,387,102.77,99.07,106.6,0.0273,0.0217,通过
优质处方,0.2,0.15,36,388,102.27,98.53,106.15,0.0224,0.022,通过
优质处方,0.2,0.15,36,389,99.1,94.39,104.05,-0.009,0.0288,通过
优质处方,0.2,0.15,36,390,100.65,96.52,104.95,0.0065,0.0248,通过
优质处方,0.2,0.15,36,391,102.8,99.08,106.66,0.0277,0.0218,通过
优质处方,0.2,0.15,36,392,95.89,91.96,100.0,-0.042,0.0248,通过
优质处方,0.2,0.15,36,393,99.43,94.47,104.65,-0.0057,0.0303,通过
优质处方,0.2,0.15,36,394,100.12,96.5,103.89,0.0012,0.0218,通过
优质处方,0.2,0.15,36,395,103.65,99.02,108.51,0.0359,0.0271,通过
优质处方,0.2,0.15,36,396,101.44,97.81,105.21,0.0143,0.0216,通过
优质处方,0.2,0.15,36,397,100.93,95.76,106.39,0.0093,0.0312,通过
优质处方,0.2,0.15,36,398,106.81,101.71,112.17,0.0659,0.029,通过
优质处方,0.2,0.15,36,399,103.2,99.67,106.86,0.0315,0.0206,通过
优质处方,0.2,0.15,36,400,100.91,95.62,106.48,0.009,0.0318,通过
优质处方,0.2,0.15,36,401,97.21,93.57,101.0,-0.0283,0.0226,通过
优质处方,0.2,0.15,36,402,98.97,94.08,104.13,-0.0103,0.03,通过
优质处方,0.2,0.15,36,403,103.28,98.66,108.12,0.0323,0.0271,通过
优质处方,0.2,0.15,36,404,99.96,95.82,104.27,-0.0004,0.025,通过
优质处方,0.2,0.15,36,405,98.84,94.6,103.27,-0.0117,0.0259,通过
优质处方,0.2,0.15,36,406,101.37,97.13,105.79,0.0136,0.0253,通过
优质处方,0.2,0.15,36,407,101.13,95.99,106.55,0.0113,0.0309,通过
优质处方,0.2,0.15,36,408,102.57,98.57,106.74,0.0254,0.0236,通过
优质处方,0.2,0.15,36,409,102.18,97.62,106.95,0.0215,0.027,通过
优质处方,0.2,0.15,36,410,102.44,98.78,106.24,0.0241,0.0215,通过
优质处方,0.2,0.15,36,411,103.15,98.4,108.14,0.031,0.0279,通过
优质处方,0.2,0.15,36,412,103.2,98.75,107.84,0.0315,0.0261,通过
优质处方,0.2,0.15,36,413,101.46,96.7,106.45,0.0145,0.0284,通过
优质处方,0.2,0.15,36,414,98.46,94.93,102.12,-0.0155,0.0216,通过
优质处方,0.2,0.15,36,415,101.41,97.09,105.92,0.014,0.0258,通过
优质处方,0.2,0.15,36,416,98.04,94.32,101.9,-0.0198,0.0229,通过
优质处方,0.2,0.15,36,417,101.95,98.08,105.97,0.0193,0.0229,通过
优质处方,0.2,0.15,36,418,96.62,92.73,100.68,-0.0343,0.0243,通过
优质处方,0.2,0.15,36,419,97.55,93.14,102.17,-0.0248,0.0274,通过
优质处方,0.2,0.15,36,420,100.25,95.62,105.1,0.0025,0.028,通过
优质处方,0.2,0.15,36,421,94.07,89.21,99.2,-0.0611,0.0314,通过
优质处方,0.2,0.15,36,422,99.24,93.92,104.86,-0.0077,0.0326,通过
优质处方,0.2,0.15,36,423,100.66,96.48,105.03,0.0066,0.0251,通过
优质处方,0.2,0.15,36,424,100.97,96.18,105.99,0.0096,0.0288,通过
优质处方,0.2,0.15,36,425,99.49,95.0,104.2,-0.0051,0.0273,通过
优质处方,0.2,0.15,36,426,102.21,97.82,106.79,0.0218,0.026,通过
优质处方,0.2,0.15,36,427,103.18,98.38,108.23,0.0313,0.0282,通过
优质处方,0.2,0.15,36,428,98.58,94.27,103.08,-0.0143,0.0264,通过
优质处方,0.2,0.15,36,429,99.53,95.54,103.67,-0.0047,0.0242,通过
优质处方,0.2,0.15,36,430,101.92,98.09,105.89,0.019,0.0226,通过
优质处方,0.2,0.15,36,431,99.96,95.16,104.99,-0.0004,0.0291,通过
优质处方,0.2,0.15,36,432,105.95,101.5,110.59,0.0578,0.0254,通过
优质处方,0.2,0.15,36,433,99.59,95.02,104.37,-0.0042,0.0278,通过
优质处方,0.2,0.15,36,434,100.26,96.58,104.07,0.0026,0.0221,通过
优质处方,0.2,0.15,36,435,101.29,96.57,106.25,0.0129,0.0283,通过
优质处方,0.2,0.15,36,436,100.84,96.62,105.23,0.0083,0.0253,通过
优质处方,0.2,0.15,36,437,104.24,99.29,109.44,0.0416,0.0288,通过
优质处方,0.2,0.15,36,438,106.77,101.92,111.85,0.0655,0.0275,通过
优质处方,0.2,0.15,36,439,98.49,93.51,103.74,-0.0152,0.0307,通过
优质处方,0.2,0.15,36,440,107.44,103.26,111.79,0.0717,0.0235,通过
优质处方,0.2,0.15,36,441,103.39,99.27,107.68,0.0334,0.0241,通过
优质处方,0.2,0.15,36,442,97.92,92.94,103.16,-0.021,0.0309,通过
优质处方,0.2,0.15,36,443,105.77,101.39,110.34,0.0561,0.025,通过
优质处方,0.2,0.15,36,444,104.79,100.27,109.52,0.0468,0.0261,通过
优质处方,0.2,0.15,36,445,99.76,95.93,103.75,-0.0024,0.0232,通过
优质处方,0.2,0.15,36,446,97.63,93.28,102.19,-0.024,0.027,通过
优质处方,0.2,0.15,36,447,104.35,100.3,108.56,0.0426,0.0234,通过
优质处方,0.2,0.15,36,448,99.0,94.87,103.31,-0.01,0.0252,通过
优质处方,0.2,0.15,36,449,96.61,91.83,101.63,-0.0345,0.03,通过
优质处方,0.2,0.15,36,450,102.75,97.72,108.05,0.0272,0.0297,通过
优质处方,0.2,0.15,36,451,102.54,98.28,106.99,0.0251,0.0251,通过
优质处方,0.2,0.15,36,452,100.88,97.19,104.72,0.0088,0.0221,通过
优质处方,0.2,0.15,36,453,98.65,95.32,102.09,-0.0136,0.0203,通过
优质处方,0.2,0.15,36,454,98.48,93.87,103.31,-0.0154,0.0284,通过
优质处方,0.2,0.15,36,455,99.23,94.7,103.98,-0.0077,0.0277,通过
优质处方,0.2,0.15,36,456,101.84,97.38,106.5,0.0182,0.0265,通过
优质处方,0.2,0.15,36,457,99.41,94.86,104.19,-0.0059,0.0278,通过
优质处方,0.2,0.15,36,458,102.91,98.12,107.93,0.0287,0.0282,通过
优质处方,0.2,0.15,36,459,99.82,95.46,104.37,-0.0018,0.0264,通过
优质处方,0.2,0.15,36,460,99.84,96.7,103.08,-0.0016,0.0189,通过
优质处方,0.2,0.15,36,461,103.76,99.06,108.68,0.0369,0.0274,通过
优质处方,0.2,0.15,36,462,99.89,94.08,106.06,-0.0011,0.0355,通过
优质处方,0.2,0.15,36,463,96.36,92.35,100.53,-0.0371,0.0251,通过
优质处方,0.2,0.15,36,464,101.77,97.34,106.4,0.0175,0.0263,通过
优质处方,0.2,0.15,36,465,102.87,98.57,107.37,0.0283,0.0253,通过
优质处方,0.2,0.15,36,466,104.2,99.54,109.07,0.0411,0.027,通过
优质处方,0.2,0.15,36,467,102.37,97.61,107.37,0.0235,0.0282,通过
优质处方,0.2,0.15,36,468,101.48,97.21,105.94,0.0147,0.0254,通过
优质处方,0.2,0.15,36,469,101.15,97.33,105.11,0.0114,0.0228,通过
优质处方,0.2,0.15,36,470,97.2,93.28,101.29,-0.0284,0.0244,通过
优质处方,0.2,0.15,36,471,98.41,94.14,102.87,-0.016,0.0262,通过
优质处方,0.2,0.15,36,472,102.4,96.95,108.16,0.0237,0.0324,通过
优质处方,0.2,0.15,36,473,98.52,93.26,104.07,-0.0149,0.0325,通过
优质处方,0.2,0.15,36,474,101.48,97.28,105.87,0.0147,0.025,通过
优质处方,0.2,0.15,36,475,103.05,98.79,107.49,0.03,0.025,通过
优质处方,0.2,0.15,36,476,103.18,99.59,106.91,0.0313,0.021,通过
优质处方,0.2,0.15,36,477,102.13,96.57,108.02,0.0211,0.0332,通过
优质处方,0.2,0.15,36,478,98.78,93.94,103.87,-0.0123,0.0297,通过
优质处方,0.2,0.15,36,479,100.4,95.89,105.12,0.004,0.0272,通过
优质处方,0.2,0.15,36,480,100.52,96.47,104.74,0.0052,0.0244,通过
优质处方,0.2,0.15,36,481,95.69,91.84,99.7,-0.044,0.0243,通过
优质处方,0.2,0.15,36,482,103.38,98.6,108.4,0.0333,0.028,通过
优质处方,0.2,0.15,36,483,99.76,95.44,104.27,-0.0024,0.0262,通过
优质处方,0.2,0.15,36,484,98.98,93.72,104.54,-0.0103,0.0323,通过
优质处方,0.2,0.15,36,485,106.93,102.75,111.28,0.067,0.0236,通过
优质处方,0.2,0.15,36,486,103.24,99.59,107.03,0.0319,0.0213,通过
优质处方,0.2,0.15,36,487,101.19,97.36,105.17,0.0118,0.0228,通过
优质处方,0.2,0.15,36,488,100.8,96.58,105.19,0.0079,0.0253,通过
优质处方,0.2,0.15,36,489,106.36,101.69,111.26,0.0617,0.0266,通过
优质处方,0.2,0.15,36,490,100.45,96.51,104.56,0.0045,0.0237,通过
优质处方,0.2,0.15,36,491,99.82,95.74,104.07,-0.0018,0.0247,通过
优质处方,0.2,0.15,36,492,97.84,93.61,102.25,-0.0219,0.0261,通过
优质处方,0.2,0.15,36,493,99.17,94.94,103.58,-0.0083,0.0258,通过
优质处方,0.2,0.15,36,494,100.5,96.54,104.61,0.005,0.0238,通过
优质处方,0.2,0.15,36,495,99.6,94.99,104.44,-0.004,0.0281,通过
优质处方,0.2,0.15,36,496,97.69,93.36,102.23,-0.0233,0.0268,通过
优质处方,0.2,0.15,36,497,107.27,103.04,111.67,0.0702,0.0238,通过
优质处方,0.2,0.15,36,498,102.67,98.34,107.2,0.0264,0.0255,通过
优质处方,0.2,0.15,36,499,98.41,93.98,103.05,-0.0161,0.0273,通过
优质处方,0.2,0.15,36,500,103.53,99.42,107.82,0.0347,0.024,通过
优质处方,0.2,0.15,48,1,99.44,95.19,103.89,-0.0056,0.0261,通过
优质处方,0.2,0.15,48,2,101.52,98.1,105.06,0.0151,0.0204,通过
优质处方,0.2,0.15,48,3,99.76,96.41,103.23,-0.0024,0.0204,通过
优质处方,0.2,0.15,48,4,99.17,95.64,102.82,-0.0084,0.0216,通过
优质处方,0.2,0.15,48,5,102.85,99.18,106.66,0.0281,0.0217,通过
优质处方,0.2,0.15,48,6,97.92,94.6,101.36,-0.021,0.0206,通过
优质处方,0.2,0.15,48,7,98.77,95.2,102.47,-0.0124,0.0219,通过
优质处方,0.2,0.15,48,8,101.48,97.91,105.19,0.0147,0.0214,通过
优质处方,0.2,0.15,48,9,101.6,97.29,106.09,0.0158,0.0258,通过
优质处方,0.2,0.15,48,10,96.49,92.9,100.22,-0.0357,0.0226,通过
优质处方,0.2,0.15,48,11,98.77,95.24,102.44,-0.0123,0.0217,通过
优质处方,0.2,0.15,48,12,97.64,94.32,101.07,-0.0239,0.0206,通过
优质处方,0.2,0.15,48,13,99.23,95.05,103.6,-0.0077,0.0257,通过
优质处方,0.2,0.15,48,14,101.93,97.79,106.24,0.0191,0.0247,通过
优质处方,0.2,0.15,48,15,103.02,99.05,107.15,0.0298,0.0234,通过
优质处方,0.2,0.15,48,16,102.25,98.89,105.73,0.0223,0.0199,通过
优质处方,0.2,0.15,48,17,102.34,98.49,106.33,0.0231,0.0228,通过
优质处方,0.2,0.15,48,18,101.4,97.43,105.54,0.0139,0.0238,通过
优质处方,0.2,0.15,48,19,98.81,95.21,102.55,-0.012,0.0221,通过
优质处方,0.2,0.15,48,20,102.78,98.46,107.29,0.0274,0.0256,通过
优质处方,0.2,0.15,48,21,102.32,98.42,106.38,0.023,0.0232,通过
优质处方,0.2,0.15,48,22,102.68,99.22,106.27,0.0265,0.0205,通过
优质处方,0.2,0.15,48,23,103.82,100.17,107.61,0.0375,0.0214,通过
优质处方,0.2,0.15,48,24,102.14,98.52,105.9,0.0212,0.0215,通过
优质处方,0.2,0.15,48,25,97.38,93.62,101.3,-0.0265,0.0235,通过
优质处方,0.2,0.15,48,26,100.63,97.01,104.37,0.0062,0.0218,通过
优质处方,0.2,0.15,48,27,100.27,97.07,103.58,0.0027,0.0193,通过
优质处方,0.2,0.15,48,28,104.27,99.84,108.89,0.0418,0.0259,通过
优质处方,0.2,0.15,48,29,105.82,101.92,109.87,0.0566,0.0224,通过
优质处方,0.2,0.15,48,30,99.96,96.49,103.56,-0.0004,0.021,通过
优质处方,0.2,0.15,48,31,103.51,99.71,107.45,0.0345,0.0223,通过
优质处方,0.2,0.15,48,32,102.71,98.36,107.26,0.0267,0.0258,通过
优质处方,0.2,0.15,48,33,98.98,95.35,102.75,-0.0103,0.0223,通过
优质处方,0.2,0.15,48,34,99.12,95.12,103.29,-0.0088,0.0246,通过
优质处方,0.2,0.15,48,35,99.4,95.51,103.45,-0.006,0.0238,通过
优质处方,0.2,0.15,48,36,101.31,98.27,104.43,0.013,0.0181,通过
优质处方,0.2,0.15,48,37,100.03,95.92,104.31,0.0003,0.025,通过
优质处方,0.2,0.15,48,38,100.99,97.3,104.83,0.0099,0.0222,通过
优质处方,0.2,0.15,48,39,103.56,100.15,107.07,0.0349,0.0199,通过
优质处方,0.2,0.15,48,40,103.99,100.19,107.94,0.0392,0.0222,通过
优质处方,0.2,0.15,48,41,97.54,93.6,101.65,-0.0249,0.0246,通过
优质处方,0.2,0.15,48,42,100.7,97.19,104.35,0.007,0.0212,通过
优质处方,0.2,0.15,48,43,100.45,95.89,105.23,0.0045,0.0277,通过
优质处方,0.2,0.15,48,44,100.75,96.8,104.87,0.0075,0.0238,通过
优质处方,0.2,0.15,48,45,100.22,96.84,103.71,0.0022,0.0204,通过
优质处方,0.2,0.15,48,46,101.64,97.9,105.52,0.0162,0.0224,通过
优质处方,0.2,0.15,48,47,97.69,93.83,101.71,-0.0234,0.024,通过
优质处方,0.2,0.15,48,48,103.72,99.81,107.79,0.0365,0.0229,通过
优质处方,0.2,0.15,48,49,99.22,95.66,102.92,-0.0078,0.0218,通过
优质处方,0.2,0.15,48,50,101.02,97.54,104.62,0.0102,0.0209,通过
优质处方,0.2,0.15,48,51,94.3,90.39,98.39,-0.0586,0.0253,通过
优质处方,0.2,0.15,48,52,104.78,100.77,108.95,0.0467,0.0233,通过
优质处方,0.2,0.15,48,53,100.54,97.58,103.59,0.0054,0.0178,通过
优质处方,0.2,0.15,48,54,100.87,97.32,104.56,0.0087,0.0214,通过
优质处方,0.2,0.15,48,55,101.71,97.95,105.62,0.017,0.0225,通过
优质处方,0.2,0.15,48,56,103.7,99.44,108.14,0.0363,0.025,通过
优质处方,0.2,0.15,48,57,104.21,100.79,107.75,0.0412,0.0199,通过
优质处方,0.2,0.15,48,58,95.76,92.49,99.14,-0.0434,0.0207,通过
优质处方,0.2,0.15,48,59,99.12,95.68,102.67,-0.0089,0.021,通过
优质处方,0.2,0.15,48,60,99.5,95.25,103.93,-0.0051,0.026,通过
优质处方,0.2,0.15,48,61,99.38,95.85,103.04,-0.0062,0.0216,通过
优质处方,0.2,0.15,48,62,101.14,97.72,104.68,0.0113,0.0205,通过
优质处方,0.2,0.15,48,63,99.82,95.85,103.94,-0.0018,0.0242,通过
优质处方,0.2,0.15,48,64,98.75,95.11,102.54,-0.0125,0.0224,通过
优质处方,0.2,0.15,48,65,102.35,97.96,106.94,0.0232,0.0261,通过
优质处方,0.2,0.15,48,66,99.37,95.6,103.29,-0.0063,0.023,通过
优质处方,0.2,0.15,48,67,101.78,97.1,106.68,0.0176,0.0281,通过
优质处方,0.2,0.15,48,68,103.78,100.63,107.04,0.0371,0.0184,通过
优质处方,0.2,0.15,48,69,98.69,95.11,102.41,-0.0131,0.022,通过
优质处方,0.2,0.15,48,70,103.39,99.57,107.36,0.0333,0.0224,通过
优质处方,0.2,0.15,48,71,104.62,100.73,108.66,0.0452,0.0226,通过
优质处方,0.2,0.15,48,72,102.5,99.35,105.74,0.0247,0.0186,通过
优质处方,0.2,0.15,48,73,101.86,98.14,105.73,0.0185,0.0222,通过
优质处方,0.2,0.15,48,74,100.64,97.16,104.24,0.0063,0.021,通过
优质处方,0.2,0.15,48,75,100.52,96.3,104.92,0.0052,0.0255,通过
优质处方,0.2,0.15,48,76,97.58,94.08,101.2,-0.0245,0.0217,通过
优质处方,0.2,0.15,48,77,101.15,97.52,104.92,0.0115,0.0218,通过
优质处方,0.2,0.15,48,78,102.78,99.15,106.55,0.0274,0.0214,通过
优质处方,0.2,0.15,48,79,102.85,99.37,106.45,0.0281,0.0205,通过
优质处方,0.2,0.15,48,80,103.1,99.15,107.21,0.0305,0.0233,通过
优质处方,0.2,0.15,48,81,101.83,97.97,105.84,0.0181,0.023,通过
优质处方,0.2,0.15,48,82,103.72,99.97,107.61,0.0365,0.0219,通过
优质处方,0.2,0.15,48,83,101.18,96.88,105.67,0.0118,0.0259,通过
优质处方,0.2,0.15,48,84,101.57,97.9,105.39,0.0156,0.022,通过
优质处方,0.2,0.15,48,85,101.96,97.95,106.14,0.0194,0.0239,通过
优质处方,0.2,0.15,48,86,95.57,91.48,99.84,-0.0453,0.0261,通过
优质处方,0.2,0.15,48,87,97.76,94.17,101.49,-0.0226,0.0223,通过
优质处方,0.2,0.15,48,88,102.41,98.74,106.22,0.0238,0.0218,通过
优质处方,0.2,0.15,48,89,106.08,101.61,110.75,0.059,0.0256,通过
优质处方,0.2,0.15,48,90,99.54,95.77,103.46,-0.0046,0.023,通过
优质处方,0.2,0.15,48,91,104.91,100.22,109.83,0.048,0.0273,通过
优质处方,0.2,0.15,48,92,99.55,95.5,103.78,-0.0045,0.0248,通过
优质处方,0.2,0.15,48,93,101.94,97.6,106.47,0.0192,0.0259,通过
优质处方,0.2,0.15,48,94,103.87,98.9,109.08,0.0379,0.0292,通过
优质处方,0.2,0.15,48,95,102.62,98.16,107.28,0.0258,0.0265,通过
优质处方,0.2,0.15,48,96,100.88,97.88,103.97,0.0088,0.018,通过
优质处方,0.2,0.15,48,97,98.14,93.93,102.53,-0.0188,0.0261,通过
优质处方,0.2,0.15,48,98,99.65,96.43,102.98,-0.0035,0.0196,通过
优质处方,0.2,0.15,48,99,105.47,101.87,109.21,0.0533,0.0207,通过
优质处方,0.2,0.15,48,100,98.23,94.61,101.99,-0.0178,0.0224,通过
优质处方,0.2,0.15,48,101,103.28,99.72,106.98,0.0323,0.021,通过
优质处方,0.2,0.15,48,102,103.42,99.64,107.34,0.0336,0.0222,通过
优质处方,0.2,0.15,48,103,101.47,97.83,105.26,0.0146,0.0218,通过
优质处方,0.2,0.15,48,104,100.33,96.54,104.26,0.0032,0.0229,通过
优质处方,0.2,0.15,48,105,99.94,96.42,103.59,-0.0006,0.0214,通过
优质处方,0.2,0.15,48,106,101.59,97.28,106.09,0.0158,0.0259,通过
优质处方,0.2,0.15,48,107,101.09,97.19,105.14,0.0108,0.0234,通过
优质处方,0.2,0.15,48,108,102.53,98.98,106.2,0.0249,0.021,通过
优质处方,0.2,0.15,48,109,100.7,97.06,104.48,0.007,0.0219,通过
优质处方,0.2,0.15,48,110,101.51,97.13,106.09,0.015,0.0263,通过
优质处方,0.2,0.15,48,111,100.6,96.82,104.52,0.0059,0.0228,通过
优质处方,0.2,0.15,48,112,100.93,97.64,104.33,0.0092,0.0198,通过
优质处方,0.2,0.15,48,113,100.97,96.86,105.26,0.0097,0.0248,通过
优质处方,0.2,0.15,48,114,105.16,101.06,109.42,0.0503,0.0237,通过
优质处方,0.2,0.15,48,115,97.6,93.79,101.56,-0.0243,0.0237,通过
优质处方,0.2,0.15,48,116,99.44,95.3,103.76,-0.0056,0.0253,通过
优质处方,0.2,0.15,48,117,101.11,97.73,104.61,0.0111,0.0203,通过
优质处方,0.2,0.15,48,118,100.4,96.09,104.89,0.0039,0.0261,通过
优质处方,0.2,0.15,48,119,102.11,98.86,105.46,0.0209,0.0193,通过
优质处方,0.2,0.15,48,120,102.3,98.6,106.15,0.0228,0.022,通过
优质处方,0.2,0.15,48,121,99.58,96.48,102.79,-0.0042,0.0189,通过
优质处方,0.2,0.15,48,122,100.62,97.17,104.19,0.0062,0.0208,通过
优质处方,0.2,0.15,48,123,97.92,93.64,102.4,-0.021,0.0266,通过
优质处方,0.2,0.15,48,124,100.53,96.81,104.4,0.0053,0.0225,通过
优质处方,0.2,0.15,48,125,99.6,96.17,103.15,-0.004,0.0209,通过
优质处方,0.2,0.15,48,126,98.9,95.7,102.2,-0.0111,0.0196,通过
优质处方,0.2,0.15,48,127,101.6,97.78,105.56,0.0158,0.0228,通过
优质处方,0.2,0.15,48,128,99.02,95.35,102.83,-0.0099,0.0225,通过
优质处方,0.2,0.15,48,129,101.68,97.97,105.53,0.0167,0.0221,通过
优质处方,0.2,0.15,48,130,104.01,100.09,108.09,0.0393,0.0229,通过
优质处方,0.2,0.15,48,131,102.74,98.93,106.69,0.027,0.0225,通过
优质处方,0.2,0.15,48,132,101.05,97.13,105.13,0.0104,0.0236,通过
优质处方,0.2,0.15,48,133,101.03,96.79,105.47,0.0103,0.0256,通过
优质处方,0.2,0.15,48,134,102.49,98.44,106.71,0.0246,0.0241,通过
优质处方,0.2,0.15,48,135,99.49,95.39,103.77,-0.0051,0.0251,通过
优质处方,0.2,0.15,48,136,98.99,95.36,102.77,-0.0101,0.0223,通过
优质处方,0.2,0.15,48,137,102.65,98.97,106.46,0.0261,0.0218,通过
优质处方,0.2,0.15,48,138,98.66,95.36,102.08,-0.0135,0.0203,通过
优质处方,0.2,0.15,48,139,102.38,98.73,106.15,0.0235,0.0216,通过
优质处方,0.2,0.15,48,140,100.19,96.69,103.81,0.0019,0.0212,通过
优质处方,0.2,0.15,48,141,103.51,100.18,106.95,0.0345,0.0195,通过
优质处方,0.2,0.15,48,142,101.17,97.75,104.71,0.0117,0.0205,通过
优质处方,0.2,0.15,48,143,101.44,97.51,105.53,0.0143,0.0235,通过
优质处方,0.2,0.15,48,144,105.17,101.58,108.9,0.0505,0.0207,通过
优质处方,0.2,0.15,48,145,98.91,94.8,103.2,-0.0109,0.0253,通过
优质处方,0.2,0.15,48,146,98.96,95.57,102.48,-0.0104,0.0208,通过
优质处方,0.2,0.15,48,147,100.09,95.68,104.71,0.0009,0.0269,通过
优质处方,0.2,0.15,48,148,102.05,98.07,106.2,0.0203,0.0237,通过
优质处方,0.2,0.15,48,149,100.11,96.35,104.01,0.0011,0.0228,通过
优质处方,0.2,0.15,48,150,100.49,97.1,104.0,0.0049,0.0205,通过
优质处方,0.2,0.15,48,151,101.44,97.53,105.52,0.0143,0.0235,通过
优质处方,0.2,0.15,48,152,101.01,97.46,104.69,0.01,0.0213,通过
优质处方,0.2,0.15,48,153,100.23,97.02,103.54,0.0023,0.0194,通过
优质处方,0.2,0.15,48,154,99.01,95.89,102.22,-0.01,0.019,通过
优质处方,0.2,0.15,48,155,101.5,97.39,105.78,0.0149,0.0246,通过
优质处方,0.2,0.15,48,156,99.45,95.82,103.22,-0.0055,0.0222,通过
优质处方,0.2,0.15,48,157,103.32,99.94,106.81,0.0326,0.0198,通过
优质处方,0.2,0.15,48,158,103.28,99.54,107.15,0.0323,0.022,通过
优质处方,0.2,0.15,48,159,100.66,96.34,105.17,0.0066,0.0262,通过
优质处方,0.2,0.15,48,160,103.76,99.85,107.82,0.0369,0.0229,通过
优质处方,0.2,0.15,48,161,102.58,98.47,106.87,0.0255,0.0244,通过
优质处方,0.2,0.15,48,162,100.98,97.57,104.51,0.0097,0.0205,通过
优质处方,0.2,0.15,48,163,100.16,95.48,105.08,0.0016,0.0286,通过
优质处方,0.2,0.15,48,164,98.72,95.38,102.17,-0.0129,0.0205,通过
优质处方,0.2,0.15,48,165,101.08,97.21,105.09,0.0107,0.0232,通过
优质处方,0.2,0.15,48,166,103.51,99.39,107.79,0.0345,0.0242,通过
优质处方,0.2,0.15,48,167,96.67,93.32,100.13,-0.0339,0.021,通过
优质处方,0.2,0.15,48,168,100.71,97.68,103.83,0.0071,0.0182,通过
优质处方,0.2,0.15,48,169,105.72,102.43,109.11,0.0556,0.0188,通过
优质处方,0.2,0.15,48,170,100.35,97.28,103.53,0.0035,0.0185,通过
优质处方,0.2,0.15,48,171,100.47,96.91,104.17,0.0047,0.0215,通过
优质处方,0.2,0.15,48,172,98.98,95.68,102.39,-0.0103,0.0202,通过
优质处方,0.2,0.15,48,173,104.57,100.68,108.61,0.0447,0.0226,通过
优质处方,0.2,0.15,48,174,102.35,98.01,106.89,0.0233,0.0258,通过
优质处方,0.2,0.15,48,175,100.6,96.63,104.72,0.006,0.024,通过
优质处方,0.2,0.15,48,176,100.25,96.28,104.39,0.0025,0.0241,通过
优质处方,0.2,0.15,48,177,99.41,95.92,103.03,-0.0059,0.0213,通过
优质处方,0.2,0.15,48,178,100.2,96.59,103.95,0.002,0.0219,通过
优质处方,0.2,0.15,48,179,98.25,93.8,102.9,-0.0177,0.0276,通过
优质处方,0.2,0.15,48,180,97.94,94.23,101.8,-0.0208,0.023,通过
优质处方,0.2,0.15,48,181,100.75,97.75,103.85,0.0075,0.0181,通过
优质处方,0.2,0.15,48,182,100.19,96.08,104.48,0.0019,0.025,通过
优质处方,0.2,0.15,48,183,101.76,98.17,105.49,0.0175,0.0215,通过
优质处方,0.2,0.15,48,184,104.15,100.59,107.84,0.0407,0.0207,通过
优质处方,0.2,0.15,48,185,99.16,95.34,103.14,-0.0084,0.0234,通过
优质处方,0.2,0.15,48,186,99.83,95.67,104.18,-0.0017,0.0254,通过
优质处方,0.2,0.15,48,187,101.75,97.51,106.17,0.0173,0.0253,通过
优质处方,0.2,0.15,48,188,102.15,98.61,105.82,0.0213,0.021,通过
优质处方,0.2,0.15,48,189,100.49,96.18,104.98,0.0048,0.0261,通过
优质处方,0.2,0.15,48,190,106.45,101.94,111.17,0.0625,0.0258,通过
优质处方,0.2,0.15,48,191,101.03,97.38,104.82,0.0103,0.0219,通过
优质处方,0.2,0.15,48,192,106.54,102.16,111.1,0.0633,0.025,通过
优质处方,0.2,0.15,48,193,105.37,101.55,109.34,0.0523,0.022,通过
优质处方,0.2,0.15,48,194,104.84,101.48,108.31,0.0473,0.0194,通过
优质处方,0.2,0.15,48,195,104.47,100.96,108.1,0.0437,0.0204,通过
优质处方,0.2,0.15,48,196,104.28,99.92,108.84,0.0419,0.0255,通过
优质处方,0.2,0.15,48,197,104.33,100.21,108.61,0.0424,0.024,通过
优质处方,0.2,0.15,48,198,103.45,100.18,106.83,0.0339,0.0191,通过
优质处方,0.2,0.15,48,199,100.15,96.98,103.42,0.0015,0.0191,通过
优质处方,0.2,0.15,48,200,105.89,102.07,109.85,0.0572,0.0219,通过
优质处方,0.2,0.15,48,201,98.68,95.1,102.4,-0.0133,0.022,通过
优质处方,0.2,0.15,48,202,105.41,101.13,109.86,0.0526,0.0247,通过
优质处方,0.2,0.15,48,203,101.72,98.3,105.27,0.0171,0.0204,通过
优质处方,0.2,0.15,48,204,107.41,102.88,112.13,0.0715,0.0257,通过
优质处方,0.2,0.15,48,205,102.96,99.35,106.7,0.0292,0.0213,通过
优质处方,0.2,0.15,48,206,96.25,92.69,99.95,-0.0382,0.0225,通过
优质处方,0.2,0.15,48,207,109.58,106.17,113.09,0.0915,0.0188,通过
优质处方,0.2,0.15,48,208,102.58,98.5,106.83,0.0255,0.0242,通过
优质处方,0.2,0.15,48,209,101.95,97.92,106.14,0.0193,0.024,通过
优质处方,0.2,0.15,48,210,99.38,96.08,102.8,-0.0062,0.0202,通过
优质处方,0.2,0.15,48,211,101.86,98.08,105.79,0.0185,0.0225,通过
优质处方,0.2,0.15,48,212,102.42,98.91,106.05,0.0239,0.0208,通过
优质处方,0.2,0.15,48,213,101.57,97.94,105.34,0.0156,0.0217,通过
优质处方,0.2,0.15,48,214,102.37,98.76,106.12,0.0235,0.0214,通过
优质处方,0.2,0.15,48,215,103.55,99.7,107.56,0.0349,0.0226,通过
优质处方,0.2,0.15,48,216,100.43,96.02,105.05,0.0043,0.0268,通过
优质处方,0.2,0.15,48,217,99.09,95.62,102.69,-0.0091,0.0212,通过
优质处方,0.2,0.15,48,218,100.07,96.65,103.6,0.0007,0.0207,通过
优质处方,0.2,0.15,48,219,100.88,96.99,104.93,0.0088,0.0234,通过
优质处方,0.2,0.15,48,220,104.61,100.41,108.98,0.0451,0.0244,通过
优质处方,0.2,0.15,48,221,103.41,99.76,107.19,0.0335,0.0214,通过
优质处方,0.2,0.15,48,222,101.82,97.86,105.94,0.0181,0.0236,通过
优质处方,0.2,0.15,48,223,102.87,99.21,106.65,0.0283,0.0215,通过
优质处方,0.2,0.15,48,224,100.17,96.47,104.01,0.0017,0.0224,通过
优质处方,0.2,0.15,48,225,102.26,98.23,106.45,0.0223,0.024,通过
优质处方,0.2,0.15,48,226,99.92,96.05,103.94,-0.0008,0.0235,通过
优质处方,0.2,0.15,48,227,104.35,100.76,108.07,0.0426,0.0209,通过
优质处方,0.2,0.15,48,228,103.25,100.0,106.61,0.032,0.0191,通过
优质处方,0.2,0.15,48,229,99.88,96.38,103.51,-0.0012,0.0213,通过
优质处方,0.2,0.15,48,230,101.73,97.64,106.0,0.0172,0.0245,通过
优质处方,0.2,0.15,48,231,102.08,97.72,106.65,0.0206,0.0261,通过
优质处方,0.2,0.15,48,232,98.88,94.72,103.23,-0.0112,0.0256,通过
优质处方,0.2,0.15,48,233,101.96,97.53,106.6,0.0194,0.0265,通过
优质处方,0.2,0.15,48,234,105.48,101.23,109.91,0.0534,0.0245,通过
优质处方,0.2,0.15,48,235,96.45,92.4,100.67,-0.0361,0.0255,通过
优质处方,0.2,0.15,48,236,97.44,93.16,101.91,-0.0259,0.0267,通过
优质处方,0.2,0.15,48,237,101.44,98.08,104.91,0.0143,0.0201,通过
优质处方,0.2,0.15,48,238,100.94,97.94,104.02,0.0093,0.0179,通过
优质处方,0.2,0.15,48,239,99.94,96.43,103.59,-0.0006,0.0213,通过
优质处方,0.2,0.15,48,240,103.04,99.91,106.28,0.03,0.0184,通过
优质处方,0.2,0.15,48,241,97.51,94.22,100.91,-0.0252,0.0204,通过
优质处方,0.2,0.15,48,242,100.6,96.63,104.74,0.006,0.024,通过
优质处方,0.2,0.15,48,243,102.56,98.3,107.0,0.0253,0.0253,通过
优质处方,0.2,0.15,48,244,104.34,100.52,108.32,0.0425,0.0223,通过
优质处方,0.2,0.15,48,245,98.21,95.02,101.51,-0.0181,0.0197,通过
优质处方,0.2,0.15,48,246,103.22,99.96,106.59,0.0317,0.0191,通过
优质处方,0.2,0.15,48,247,99.29,95.35,103.4,-0.0071,0.0241,通过
优质处方,0.2,0.15,48,248,98.38,94.64,102.25,-0.0164,0.023,通过
优质处方,0.2,0.15,48,249,100.41,96.11,104.9,0.0041,0.0261,通过
优质处方,0.2,0.15,48,250,99.19,95.37,103.17,-0.0081,0.0234,通过
优质处方,0.2,0.15,48,251,98.34,95.18,101.6,-0.0168,0.0195,通过
优质处方,0.2,0.15,48,252,97.39,93.84,101.08,-0.0264,0.0222,通过
优质处方,0.2,0.15,48,253,99.61,96.17,103.19,-0.0039,0.021,通过
优质处方,0.2,0.15,48,254,99.93,95.9,104.12,-0.0007,0.0245,通过
优质处方,0.2,0.15,48,255,101.36,97.21,105.69,0.0135,0.0249,通过
优质处方,0.2,0.15,48,256,97.35,93.64,101.21,-0.0268,0.0232,通过
优质处方,0.2,0.15,48,257,101.68,97.86,105.65,0.0167,0.0228,通过
优质处方,0.2,0.15,48,258,99.82,96.49,103.26,-0.0018,0.0202,通过
优质处方,0.2,0.15,48,259,101.56,97.81,105.46,0.0155,0.0225,通过
优质处方,0.2,0.15,48,260,98.37,95.44,101.4,-0.0164,0.018,通过
优质处方,0.2,0.15,48,261,100.89,97.85,104.04,0.0089,0.0183,通过
优质处方,0.2,0.15,48,262,101.72,98.32,105.25,0.0171,0.0203,通过
优质处方,0.2,0.15,48,263,99.38,95.93,102.95,-0.0062,0.0211,通过
优质处方,0.2,0.15,48,264,99.02,95.73,102.42,-0.0099,0.0201,通过
优质处方,0.2,0.15,48,265,98.78,95.1,102.6,-0.0123,0.0226,通过
优质处方,0.2,0.15,48,266,101.03,97.56,104.62,0.0103,0.0208,通过
优质处方,0.2,0.15,48,267,106.94,103.28,110.72,0.0671,0.0207,通过
优质处方,0.2,0.15,48,268,102.03,97.49,106.77,0.0201,0.0271,通过
优质处方,0.2,0.15,48,269,104.7,101.0,108.53,0.0459,0.0214,通过
优质处方,0.2,0.15,48,270,100.49,96.52,104.63,0.0049,0.024,通过
优质处方,0.2,0.15,48,271,108.09,104.05,112.28,0.0778,0.0227,通过
优质处方,0.2,0.15,48,272,100.38,96.86,104.03,0.0038,0.0213,通过
优质处方,0.2,0.15,48,273,102.3,98.59,106.15,0.0227,0.022,通过
优质处方,0.2,0.15,48,274,102.59,98.58,106.77,0.0256,0.0238,通过
优质处方,0.2,0.15,48,275,102.2,98.4,106.14,0.0218,0.0226,通过
优质处方,0.2,0.15,48,276,99.7,96.12,103.42,-0.003,0.0218,通过
优质处方,0.2,0.15,48,277,101.21,97.91,104.62,0.012,0.0198,通过
优质处方,0.2,0.15,48,278,100.85,96.42,105.48,0.0085,0.0268,通过
优质处方,0.2,0.15,48,279,99.42,95.32,103.69,-0.0058,0.0251,通过
优质处方,0.2,0.15,48,280,98.45,95.16,101.85,-0.0156,0.0203,通过
优质处方,0.2,0.15,48,281,101.1,97.91,104.4,0.011,0.0191,通过
优质处方,0.2,0.15,48,282,101.56,98.03,105.22,0.0155,0.0211,通过
优质处方,0.2,0.15,48,283,104.69,100.61,108.94,0.0459,0.0237,通过
优质处方,0.2,0.15,48,284,106.02,101.71,110.52,0.0585,0.0247,通过
优质处方,0.2,0.15,48,285,102.89,98.56,107.41,0.0285,0.0256,通过
优质处方,0.2,0.15,48,286,99.36,95.18,103.73,-0.0064,0.0256,通过
优质处方,0.2,0.15,48,287,101.68,97.22,106.35,0.0167,0.0268,通过
优质处方,0.2,0.15,48,288,101.58,97.66,105.66,0.0157,0.0235,通过
优质处方,0.2,0.15,48,289,102.23,97.54,107.15,0.0221,0.028,通过
优质处方,0.2,0.15,48,290,99.75,96.4,103.22,-0.0025,0.0204,通过
优质处方,0.2,0.15,48,291,104.62,100.0,109.45,0.0452,0.0269,通过
优质处方,0.2,0.15,48,292,106.78,103.24,110.43,0.0656,0.0201,通过
优质处方,0.2,0.15,48,293,103.49,99.56,107.57,0.0343,0.0231,通过
优质处方,0.2,0.15,48,294,99.93,95.94,104.09,-0.0007,0.0243,通过
优质处方,0.2,0.15,48,295,98.02,94.39,101.79,-0.02,0.0225,通过
优质处方,0.2,0.15,48,296,100.81,96.77,105.02,0.0081,0.0244,通过
优质处方,0.2,0.15,48,297,101.0,97.23,104.91,0.01,0.0227,通过
优质处方,0.2,0.15,48,298,98.43,94.29,102.75,-0.0158,0.0256,通过
优质处方,0.2,0.15,48,299,97.91,94.52,101.41,-0.0212,0.021,通过
优质处方,0.2,0.15,48,300,98.21,94.07,102.54,-0.018,0.0257,通过
优质处方,0.2,0.15,48,301,101.29,97.58,105.14,0.0128,0.0222,通过
优质处方,0.2,0.15,48,302,98.19,94.21,102.34,-0.0182,0.0247,通过
优质处方,0.2,0.15,48,303,101.65,97.72,105.74,0.0164,0.0235,通过
优质处方,0.2,0.15,48,304,102.24,98.0,106.66,0.0221,0.0252,通过
优质处方,0.2,0.15,48,305,100.06,96.25,104.02,0.0006,0.0231,通过
优质处方,0.2,0.15,48,306,104.31,100.11,108.68,0.0422,0.0245,通过
优质处方,0.2,0.15,48,307,110.12,105.78,114.64,0.0964,0.024,通过
优质处方,0.2,0.15,48,308,103.31,99.39,107.38,0.0325,0.023,通过
优质处方,0.2,0.15,48,309,101.69,97.82,105.71,0.0168,0.0231,通过
优质处方,0.2,0.15,48,310,100.1,96.1,104.27,0.001,0.0243,通过
优质处方,0.2,0.15,48,311,101.99,97.86,106.29,0.0197,0.0246,通过
优质处方,0.2,0.15,48,312,98.82,94.9,102.9,-0.0119,0.0241,通过
优质处方,0.2,0.15,48,313,102.44,98.82,106.19,0.0241,0.0215,通过
优质处方,0.2,0.15,48,314,99.1,95.31,103.05,-0.009,0.0233,通过
优质处方,0.2,0.15,48,315,103.35,100.08,106.72,0.0329,0.0192,通过
优质处方,0.2,0.15,48,316,99.15,94.84,103.66,-0.0085,0.0265,通过
优质处方,0.2,0.15,48,317,102.79,99.07,106.65,0.0275,0.022,通过
优质处方,0.2,0.15,48,318,99.14,95.48,102.94,-0.0086,0.0224,通过
优质处方,0.2,0.15,48,319,100.78,97.38,104.29,0.0077,0.0204,通过
优质处方,0.2,0.15,48,320,100.05,96.36,103.88,0.0005,0.0224,通过
优质处方,0.2,0.15,48,321,100.27,96.78,103.88,0.0027,0.0211,通过
优质处方,0.2,0.15,48,322,101.52,97.23,106.0,0.0151,0.0257,通过
优质处方,0.2,0.15,48,323,100.25,96.45,104.2,0.0025,0.023,通过
优质处方,0.2,0.15,48,324,102.73,99.43,106.14,0.027,0.0195,通过
优质处方,0.2,0.15,48,325,103.01,98.53,107.69,0.0296,0.0265,通过
优质处方,0.2,0.15,48,326,99.67,95.57,103.95,-0.0033,0.025,通过
优质处方,0.2,0.15,48,327,102.76,98.64,107.04,0.0272,0.0243,通过
优质处方,0.2,0.15,48,328,101.84,98.08,105.74,0.0182,0.0224,通过
优质处方,0.2,0.15,48,329,100.54,97.0,104.2,0.0053,0.0213,通过
优质处方,0.2,0.15,48,330,103.59,100.0,107.31,0.0353,0.021,通过
优质处方,0.2,0.15,48,331,100.07,96.43,103.85,0.0007,0.0221,通过
优质处方,0.2,0.15,48,332,101.43,97.55,105.46,0.0142,0.0233,通过
优质处方,0.2,0.15,48,333,98.29,94.11,102.65,-0.0172,0.0259,通过
优质处方,0.2,0.15,48,334,102.28,98.97,105.71,0.0225,0.0196,通过
优质处方,0.2,0.15,48,335,103.55,99.37,107.9,0.0349,0.0245,通过
优质处方,0.2,0.15,48,336,100.56,96.76,104.51,0.0056,0.023,通过
优质处方,0.2,0.15,48,337,99.47,95.16,103.97,-0.0053,0.0264,通过
优质处方,0.2,0.15,48,338,97.57,93.45,101.87,-0.0246,0.0257,通过
优质处方,0.2,0.15,48,339,100.54,96.95,104.26,0.0054,0.0217,通过
优质处方,0.2,0.15,48,340,98.99,95.38,102.74,-0.0101,0.0222,通过
优质处方,0.2,0.15,48,341,100.26,97.41,103.19,0.0026,0.0172,通过
优质处方,0.2,0.15,48,342,101.97,98.81,105.23,0.0195,0.0188,通过
优质处方,0.2,0.15,48,343,101.13,97.46,104.92,0.0112,0.022,通过
优质处方,0.2,0.15,48,344,101.95,98.12,105.93,0.0193,0.0228,通过
优质处方,0.2,0.15,48,345,101.46,97.68,105.39,0.0145,0.0226,通过
优质处方,0.2,0.15,48,346,100.42,96.66,104.34,0.0042,0.0228,通过
优质处方,0.2,0.15,48,347,104.08,99.86,108.48,0.04,0.0247,通过
优质处方,0.2,0.15,48,348,100.1,96.6,103.74,0.001,0.0213,通过
优质处方,0.2,0.15,48,349,99.06,95.86,102.36,-0.0095,0.0195,通过
优质处方,0.2,0.15,48,350,100.92,96.85,105.17,0.0092,0.0246,通过
优质处方,0.2,0.15,48,351,101.51,98.13,105.01,0.015,0.0202,通过
优质处方,0.2,0.15,48,352,102.05,98.32,105.92,0.0203,0.0222,通过
优质处方,0.2,0.15,48,353,100.03,95.98,104.26,0.0003,0.0246,通过
优质处方,0.2,0.15,48,354,101.03,97.35,104.84,0.0102,0.0221,通过
优质处方,0.2,0.15,48,355,102.79,99.76,105.91,0.0275,0.0178,通过
优质处方,0.2,0.15,48,356,96.19,92.97,99.51,-0.0389,0.0202,通过
优质处方,0.2,0.15,48,357,98.75,95.36,102.25,-0.0126,0.0208,通过
优质处方,0.2,0.15,48,358,100.42,97.1,103.86,0.0042,0.0201,通过
优质处方,0.2,0.15,48,359,100.45,96.98,104.04,0.0045,0.021,通过
优质处方,0.2,0.15,48,360,105.3,100.67,110.13,0.0516,0.0268,通过
优质处方,0.2,0.15,48,361,104.17,99.79,108.75,0.0409,0.0256,通过
优质处方,0.2,0.15,48,362,98.88,95.7,102.16,-0.0113,0.0195,通过
优质处方,0.2,0.15,48,363,102.42,98.14,106.9,0.0239,0.0255,通过
优质处方,0.2,0.15,48,364,99.01,95.53,102.63,-0.0099,0.0214,通过
优质处方,0.2,0.15,48,365,98.58,94.88,102.42,-0.0143,0.0228,通过
优质处方,0.2,0.15,48,366,104.8,100.64,109.13,0.0468,0.0241,通过
优质处方,0.2,0.15,48,367,102.96,99.16,106.91,0.0292,0.0224,通过
优质处方,0.2,0.15,48,368,102.18,99.02,105.45,0.0216,0.0187,通过
优质处方,0.2,0.15,48,369,100.59,97.2,104.1,0.0059,0.0204,通过
优质处方,0.2,0.15,48,370,97.2,93.85,100.67,-0.0284,0.0209,通过
优质处方,0.2,0.15,48,371,100.71,97.36,104.18,0.0071,0.0202,通过
优质处方,0.2,0.15,48,372,99.0,95.37,102.76,-0.0101,0.0223,通过
优质处方,0.2,0.15,48,373,101.2,97.68,104.86,0.012,0.0211,通过
优质处方,0.2,0.15,48,374,103.1,99.14,107.21,0.0305,0.0233,通过
优质处方,0.2,0.15,48,375,96.2,92.76,99.76,-0.0388,0.0217,通过
优质处方,0.2,0.15,48,376,99.83,96.01,103.8,-0.0017,0.0232,通过
优质处方,0.2,0.15,48,377,104.6,100.55,108.81,0.045,0.0235,通过
优质处方,0.2,0.15,48,378,97.87,93.55,102.39,-0.0215,0.0269,通过
优质处方,0.2,0.15,48,379,102.91,99.48,106.46,0.0287,0.0202,通过
优质处方,0.2,0.15,48,380,99.84,96.01,103.81,-0.0016,0.0233,通过
优质处方,0.2,0.15,48,381,99.83,95.13,104.75,-0.0017,0.0287,通过
优质处方,0.2,0.15,48,382,100.74,96.97,104.65,0.0073,0.0227,通过
优质处方,0.2,0.15,48,383,102.77,99.34,106.33,0.0274,0.0203,通过
优质处方,0.2,0.15,48,384,100.71,97.79,103.7,0.007,0.0175,通过
优质处方,0.2,0.15,48,385,99.95,96.46,103.56,-0.0005,0.0212,通过
优质处方,0.2,0.15,48,386,99.49,95.75,103.36,-0.0052,0.0228,通过
优质处方,0.2,0.15,48,387,98.21,94.73,101.83,-0.018,0.0215,通过
优质处方,0.2,0.15,48,388,101.46,97.83,105.23,0.0145,0.0217,通过
优质处方,0.2,0.15,48,389,102.1,97.66,106.74,0.0208,0.0265,通过
优质处方,0.2,0.15,48,390,102.15,97.83,106.67,0.0213,0.0258,通过
优质处方,0.2,0.15,48,391,104.6,100.47,108.9,0.045,0.024,通过
优质处方,0.2,0.15,48,392,101.62,97.76,105.64,0.0161,0.0231,通过
优质处方,0.2,0.15,48,393,100.44,97.16,103.84,0.0044,0.0198,通过
优质处方,0.2,0.15,48,394,101.67,97.92,105.55,0.0165,0.0223,通过
优质处方,0.2,0.15,48,395,100.48,96.36,104.78,0.0048,0.025,通过
优质处方,0.2,0.15,48,396,100.88,97.24,104.65,0.0087,0.0219,通过
优质处方,0.2,0.15,48,397,99.84,95.93,103.91,-0.0016,0.0238,通过
优质处方,0.2,0.15,48,398,104.35,101.18,107.62,0.0426,0.0184,通过
优质处方,0.2,0.15,48,399,101.01,96.91,105.29,0.0101,0.0247,通过
优质处方,0.2,0.15,48,400,97.48,93.89,101.2,-0.0255,0.0223,通过
优质处方,0.2,0.15,48,401,100.44,96.63,104.4,0.0044,0.023,通过
优质处方,0.2,0.15,48,402,103.1,99.3,107.03,0.0305,0.0223,通过
优质处方,0.2,0.15,48,403,99.75,96.25,103.38,-0.0025,0.0213,通过
优质处方,0.2,0.15,48,404,99.13,95.29,103.12,-0.0088,0.0236,通过
优质处方,0.2,0.15,48,405,101.7,98.78,104.7,0.0168,0.0174,通过
优质处方,0.2,0.15,48,406,101.23,97.39,105.22,0.0122,0.0231,通过
优质处方,0.2,0.15,48,407,100.55,97.18,104.04,0.0055,0.0203,通过
优质处方,0.2,0.15,48,408,99.34,95.88,102.92,-0.0067,0.0211,通过
优质处方,0.2,0.15,48,409,101.92,99.2,104.71,0.019,0.0161,通过
优质处方,0.2,0.15,48,410,104.39,100.57,108.35,0.0429,0.0222,通过
优质处方,0.2,0.15,48,411,103.23,99.3,107.32,0.0318,0.0231,通过
优质处方,0.2,0.15,48,412,98.44,94.92,102.08,-0.0158,0.0217,通过
优质处方,0.2,0.15,48,413,98.7,95.07,102.47,-0.0131,0.0223,通过
优质处方,0.2,0.15,48,414,100.0,96.29,103.86,0.0,0.0226,通过
优质处方,0.2,0.15,48,415,101.39,97.82,105.09,0.0138,0.0214,通过
优质处方,0.2,0.15,48,416,98.96,95.32,102.73,-0.0105,0.0223,通过
优质处方,0.2,0.15,48,417,100.55,97.22,103.99,0.0055,0.0201,通过
优质处方,0.2,0.15,48,418,102.7,98.68,106.89,0.0267,0.0238,通过
优质处方,0.2,0.15,48,419,103.67,100.09,107.38,0.0361,0.0209,通过
优质处方,0.2,0.15,48,420,98.56,94.87,102.39,-0.0145,0.0227,通过
优质处方,0.2,0.15,48,421,98.86,95.43,102.41,-0.0115,0.021,通过
优质处方,0.2,0.15,48,422,99.74,95.43,104.25,-0.0026,0.0264,通过
优质处方,0.2,0.15,48,423,97.48,94.35,100.72,-0.0255,0.0195,通过
优质处方,0.2,0.15,48,424,97.79,93.65,102.11,-0.0224,0.0258,通过
优质处方,0.2,0.15,48,425,98.15,94.39,102.05,-0.0187,0.0232,通过
优质处方,0.2,0.15,48,426,98.76,95.5,102.13,-0.0125,0.02,通过
优质处方,0.2,0.15,48,427,102.05,98.02,106.24,0.0203,0.024,通过
优质处方,0.2,0.15,48,428,97.47,94.34,100.71,-0.0256,0.0195,通过
优质处方,0.2,0.15,48,429,101.91,97.98,106.0,0.0189,0.0234,通过
优质处方,0.2,0.15,48,430,100.96,97.05,105.03,0.0096,0.0235,通过
优质处方,0.2,0.15,48,431,98.68,94.37,103.19,-0.0133,0.0266,通过
优质处方,0.2,0.15,48,432,99.72,96.55,102.99,-0.0028,0.0193,通过
优质处方,0.2,0.15,48,433,103.68,99.62,107.9,0.0361,0.0238,通过
优质处方,0.2,0.15,48,434,98.65,95.04,102.39,-0.0136,0.0222,通过
优质处方,0.2,0.15,48,435,99.35,95.23,103.64,-0.0066,0.0252,通过
优质处方,0.2,0.15,48,436,102.81,98.65,107.14,0.0277,0.0246,通过
优质处方,0.2,0.15,48,437,105.15,101.55,108.87,0.0502,0.0207,通过
优质处方,0.2,0.15,48,438,99.81,95.54,104.27,-0.0019,0.0261,通过
优质处方,0.2,0.15,48,439,98.82,94.82,102.99,-0.0119,0.0246,通过
优质处方,0.2,0.15,48,440,104.26,99.7,109.02,0.0417,0.0266,通过
优质处方,0.2,0.15,48,441,97.77,94.81,100.83,-0.0225,0.0184,通过
优质处方,0.2,0.15,48,442,97.72,94.18,101.38,-0.0231,0.0219,通过
优质处方,0.2,0.15,48,443,101.14,97.71,104.7,0.0114,0.0206,通过
优质处方,0.2,0.15,48,444,103.44,99.75,107.26,0.0338,0.0216,通过
优质处方,0.2,0.15,48,445,102.28,97.96,106.79,0.0226,0.0257,通过
优质处方,0.2,0.15,48,446,101.49,97.72,105.4,0.0148,0.0226,通过
优质处方,0.2,0.15,48,447,99.2,95.23,103.34,-0.008,0.0244,通过
优质处方,0.2,0.15,48,448,100.12,95.29,105.19,0.0012,0.0294,通过
优质处方,0.2,0.15,48,449,103.42,99.57,107.43,0.0337,0.0226,通过
优质处方,0.2,0.15,48,450,100.75,97.14,104.5,0.0075,0.0218,通过
优质处方,0.2,0.15,48,451,101.43,98.27,104.7,0.0142,0.0189,通过
优质处方,0.2,0.15,48,452,103.17,99.44,107.03,0.0312,0.0219,通过
优质处方,0.2,0.15,48,453,102.44,98.01,107.07,0.0241,0.0263,通过
优质处方,0.2,0.15,48,454,102.49,98.8,106.32,0.0246,0.0218,通过
优质处方,0.2,0.15,48,455,103.11,99.22,107.16,0.0307,0.023,通过
优质处方,0.2,0.15,48,456,99.33,95.85,102.95,-0.0067,0.0213,通过
优质处方,0.2,0.15,48,457,100.31,96.34,104.45,0.0031,0.0241,通过
优质处方,0.2,0.15,48,458,102.77,99.29,106.38,0.0274,0.0205,通过
优质处方,0.2,0.15,48,459,102.3,98.12,106.66,0.0227,0.0249,通过
优质处方,0.2,0.15,48,460,101.7,98.25,105.28,0.0169,0.0206,通过
优质处方,0.2,0.15,48,461,100.65,96.72,104.75,0.0065,0.0238,通过
优质处方,0.2,0.15,48,462,100.19,96.0,104.56,0.0019,0.0255,通过
优质处方,0.2,0.15,48,463,105.56,101.49,109.8,0.0541,0.0235,通过
优质处方,0.2,0.15,48,464,101.08,97.1,105.21,0.0107,0.0239,通过
优质处方,0.2,0.15,48,465,103.29,98.97,107.79,0.0323,0.0254,通过
优质处方,0.2,0.15,48,466,102.67,99.44,105.99,0.0263,0.019,通过
优质处方,0.2,0.15,48,467,107.36,103.75,111.1,0.071,0.0204,通过
优质处方,0.2,0.15,48,468,101.5,97.44,105.73,0.0148,0.0243,通过
优质处方,0.2,0.15,48,469,100.21,96.53,104.04,0.0021,0.0223,通过
优质处方,0.2,0.15,48,470,102.4,98.87,106.06,0.0237,0.0209,通过
优质处方,0.2,0.15,48,471,98.89,95.51,102.39,-0.0112,0.0207,通过
优质处方,0.2,0.15,48,472,96.16,92.44,100.03,-0.0391,0.0235,通过
优质处方,0.2,0.15,48,473,99.91,96.68,103.25,-0.0009,0.0196,通过
优质处方,0.2,0.15,48,474,100.37,95.69,105.29,0.0037,0.0285,通过
优质处方,0.2,0.15,48,475,98.47,94.6,102.5,-0.0154,0.0239,通过
优质处方,0.2,0.15,48,476,99.66,96.31,103.12,-0.0034,0.0204,通过
优质处方,0.2,0.15,48,477,100.54,96.57,104.68,0.0054,0.024,通过
优质处方,0.2,0.15,48,478,99.79,96.34,103.37,-0.0021,0.021,通过
优质处方,0.2,0.15,48,479,99.25,94.92,103.78,-0.0075,0.0266,通过
优质处方,0.2,0.15,48,480,96.89,94.14,99.72,-0.0316,0.0171,通过
优质处方,0.2,0.15,48,481,102.36,98.46,106.42,0.0233,0.0232,通过
优质处方,0.2,0.15,48,482,98.02,94.69,101.46,-0.02,0.0206,通过
优质处方,0.2,0.15,48,483,99.54,95.84,103.37,-0.0046,0.0225,通过
优质处方,0.2,0.15,48,484,101.57,98.13,105.13,0.0156,0.0205,通过
优质处方,0.2,0.15,48,485,99.92,96.46,103.5,-0.0008,0.021,通过
优质处方,0.2,0.15,48,486,102.2,98.36,106.19,0.0218,0.0228,通过
优质处方,0.2,0.15,48,487,100.6,97.15,104.18,0.006,0.0208,通过
优质处方,0.2,0.15,48,488,102.2,98.59,105.94,0.0218,0.0214,通过
优质处方,0.2,0.15,48,489,100.66,96.92,104.55,0.0066,0.0226,通过
优质处方,0.2,0.15,48,490,98.78,95.01,102.7,-0.0123,0.0232,通过
优质处方,0.2,0.15,48,491,103.85,100.7,107.1,0.0378,0.0184,通过
优质处方,0.2,0.15,48,492,104.62,100.53,108.88,0.0452,0.0238,通过
优质处方,0.2,0.15,48,493,105.63,100.87,110.62,0.0548,0.0275,通过
优质处方,0.2,0.15,48,494,97.53,93.86,101.35,-0.025,0.0229,通过
优质处方,0.2,0.15,48,495,100.73,97.27,104.32,0.0073,0.0209,通过
优质处方,0.2,0.15,48,496,95.57,92.29,98.96,-0.0453,0.0208,通过
优质处方,0.2,0.15,48,497,95.55,92.42,98.79,-0.0455,0.0199,通过
优质处方,0.2,0.15,48,498,98.24,94.36,102.29,-0.0177,0.024,通过
优质处方,0.2,0.15,48,499,101.82,97.88,105.91,0.018,0.0235,通过
优质处方,0.2,0.15,48,500,101.65,98.15,105.27,0.0164,0.0209,通过
优质处方,0.2,0.15,60,1,97.48,94.09,101.0,-0.0255,0.0212,通过
优质处方,0.2,0.15,60,2,99.53,96.08,103.1,-0.0047,0.0211,通过
优质处方,0.2,0.15,60,3,98.18,95.01,101.46,-0.0184,0.0196,通过
优质处方,0.2,0.15,60,4,96.79,93.71,99.96,-0.0327,0.0193,通过
优质处方,0.2,0.15,60,5,106.64,103.07,110.33,0.0643,0.0203,通过
优质处方,0.2,0.15,60,6,101.56,98.18,105.05,0.0155,0.0202,通过
优质处方,0.2,0.15,60,7,101.0,97.82,104.27,0.0099,0.0191,通过
优质处方,0.2,0.15,60,8,98.67,95.81,101.61,-0.0134,0.0176,通过
优质处方,0.2,0.15,60,9,101.42,98.28,104.67,0.0141,0.0189,通过
优质处方,0.2,0.15,60,10,100.58,97.43,103.84,0.0058,0.0191,通过
优质处方,0.2,0.15,60,11,98.63,95.2,102.19,-0.0137,0.0212,通过
优质处方,0.2,0.15,60,12,102.6,99.22,106.1,0.0257,0.02,通过
优质处方,0.2,0.15,60,13,100.42,96.33,104.67,0.0041,0.0248,通过
优质处方,0.2,0.15,60,14,99.68,96.27,103.22,-0.0032,0.0208,通过
优质处方,0.2,0.15,60,15,96.53,93.24,99.93,-0.0353,0.0207,通过
优质处方,0.2,0.15,60,16,102.65,99.38,106.02,0.0261,0.0193,通过
优质处方,0.2,0.15,60,17,98.17,95.05,101.39,-0.0185,0.0193,通过
优质处方,0.2,0.15,60,18,102.18,98.93,105.54,0.0216,0.0194,通过
优质处方,0.2,0.15,60,19,98.53,94.68,102.54,-0.0148,0.0239,通过
优质处方,0.2,0.15,60,20,104.24,100.6,108.02,0.0416,0.0213,通过
优质处方,0.2,0.15,60,21,98.5,95.61,101.49,-0.0151,0.0179,通过
优质处方,0.2,0.15,60,22,98.53,95.64,101.52,-0.0148,0.0179,通过
优质处方,0.2,0.15,60,23,101.57,98.43,104.81,0.0156,0.0188,通过
优质处方,0.2,0.15,60,24,102.49,99.22,105.86,0.0246,0.0194,通过
优质处方,0.2,0.15,60,25,100.29,97.08,103.6,0.0029,0.0195,通过
优质处方,0.2,0.15,60,26,104.64,101.2,108.2,0.0453,0.02,通过
优质处方,0.2,0.15,60,27,100.99,97.51,104.6,0.0099,0.021,通过
优质处方,0.2,0.15,60,28,104.99,101.47,108.63,0.0487,0.0204,通过
优质处方,0.2,0.15,60,29,102.08,98.09,106.24,0.0206,0.0239,通过
优质处方,0.2,0.15,60,30,100.25,96.73,103.89,0.0025,0.0214,通过
优质处方,0.2,0.15,60,31,102.42,98.96,105.99,0.0239,0.0205,通过
优质处方,0.2,0.15,60,32,99.48,96.29,102.77,-0.0052,0.0195,通过
优质处方,0.2,0.15,60,33,101.23,97.84,104.74,0.0123,0.0204,通过
优质处方,0.2,0.15,60,34,101.7,98.19,105.33,0.0168,0.021,通过
优质处方,0.2,0.15,60,35,101.01,97.64,104.5,0.0101,0.0203,通过
优质处方,0.2,0.15,60,36,100.03,96.8,103.36,0.0003,0.0196,通过
优质处方,0.2,0.15,60,37,105.15,101.85,108.56,0.0502,0.0191,通过
优质处方,0.2,0.15,60,38,100.28,96.59,104.1,0.0028,0.0224,通过
优质处方,0.2,0.15,60,39,102.11,98.77,105.56,0.0209,0.0199,通过
优质处方,0.2,0.15,60,40,100.33,96.72,104.08,0.0033,0.0219,通过
优质处方,0.2,0.15,60,41,100.66,97.06,104.39,0.0066,0.0218,通过
优质处方,0.2,0.15,60,42,102.6,98.59,106.77,0.0257,0.0238,通过
优质处方,0.2,0.15,60,43,103.6,99.74,107.61,0.0354,0.0227,通过
优质处方,0.2,0.15,60,44,101.62,98.25,105.1,0.016,0.0202,通过
优质处方,0.2,0.15,60,45,101.66,98.3,105.15,0.0165,0.0202,通过
优质处方,0.2,0.15,60,46,100.8,97.8,103.89,0.0079,0.0181,通过
优质处方,0.2,0.15,60,47,100.31,96.98,103.76,0.0031,0.0202,通过
优质处方,0.2,0.15,60,48,98.23,95.13,101.43,-0.0179,0.0192,通过
优质处方,0.2,0.15,60,49,101.36,98.58,104.22,0.0136,0.0166,通过
优质处方,0.2,0.15,60,50,104.36,100.46,108.41,0.0426,0.0228,通过
优质处方,0.2,0.15,60,51,99.85,96.8,103.01,-0.0015,0.0186,通过
优质处方,0.2,0.15,60,52,102.99,99.69,106.4,0.0295,0.0195,通过
优质处方,0.2,0.15,60,53,98.55,95.18,102.04,-0.0146,0.0208,通过
优质处方,0.2,0.15,60,54,104.84,101.16,108.66,0.0473,0.0214,通过
优质处方,0.2,0.15,60,55,104.85,101.34,108.49,0.0474,0.0204,通过
优质处方,0.2,0.15,60,56,100.84,97.48,104.32,0.0084,0.0203,通过
优质处方,0.2,0.15,60,57,99.29,96.13,102.56,-0.0071,0.0194,通过
优质处方,0.2,0.15,60,58,100.9,97.29,104.65,0.009,0.0218,通过
优质处方,0.2,0.15,60,59,102.54,99.17,106.04,0.0251,0.02,通过
优质处方,0.2,0.15,60,60,101.85,98.55,105.27,0.0183,0.0197,通过
优质处方,0.2,0.15,60,61,102.32,99.31,105.42,0.0229,0.0179,通过
优质处方,0.2,0.15,60,62,103.85,99.63,108.24,0.0377,0.0248,通过
优质处方,0.2,0.15,60,63,101.34,98.01,104.78,0.0133,0.02,通过
优质处方,0.2,0.15,60,64,100.42,97.45,103.48,0.0042,0.018,通过
优质处方,0.2,0.15,60,65,102.49,99.39,105.68,0.0246,0.0184,通过
优质处方,0.2,0.15,60,66,96.59,93.5,99.78,-0.0347,0.0195,通过
优质处方,0.2,0.15,60,67,101.32,98.17,104.58,0.0131,0.0189,通过
优质处方,0.2,0.15,60,68,100.79,97.76,103.93,0.0079,0.0183,通过
优质处方,0.2,0.15,60,69,102.92,99.71,106.23,0.0288,0.019,通过
优质处方,0.2,0.15,60,70,101.86,98.6,105.23,0.0184,0.0195,通过
优质处方,0.2,0.15,60,71,100.45,96.82,104.22,0.0045,0.022,通过
优质处方,0.2,0.15,60,72,100.47,97.13,103.93,0.0047,0.0203,通过
优质处方,0.2,0.15,60,73,103.31,99.95,106.79,0.0326,0.0198,通过
优质处方,0.2,0.15,60,74,101.23,98.13,104.42,0.0122,0.0186,通过
优质处方,0.2,0.15,60,75,102.07,98.88,105.35,0.0205,0.019,通过
优质处方,0.2,0.15,60,76,98.21,94.78,101.75,-0.0181,0.0212,通过
优质处方,0.2,0.15,60,77,100.45,97.17,103.84,0.0045,0.0198,通过
优质处方,0.2,0.15,60,78,98.98,96.29,101.74,-0.0103,0.0165,通过
优质处方,0.2,0.15,60,79,102.83,99.11,106.69,0.0279,0.0221,通过
优质处方,0.2,0.15,60,80,96.02,93.16,98.95,-0.0407,0.018,通过
优质处方,0.2,0.15,60,81,102.06,99.02,105.19,0.0204,0.0181,通过
优质处方,0.2,0.15,60,82,100.04,97.26,102.9,0.0004,0.0169,通过
优质处方,0.2,0.15,60,83,100.21,96.92,103.62,0.0021,0.02,通过
优质处方,0.2,0.15,60,84,100.18,96.85,103.61,0.0018,0.0202,通过
优质处方,0.2,0.15,60,85,101.25,97.77,104.85,0.0124,0.0209,通过
优质处方,0.2,0.15,60,86,101.41,98.37,104.54,0.014,0.0182,通过
优质处方,0.2,0.15,60,87,97.86,94.93,100.87,-0.0217,0.0181,通过
优质处方,0.2,0.15,60,88,102.49,98.85,106.26,0.0246,0.0216,通过
优质处方,0.2,0.15,60,89,100.66,97.54,103.88,0.0066,0.0189,通过
优质处方,0.2,0.15,60,90,101.18,97.42,105.09,0.0118,0.0227,通过
优质处方,0.2,0.15,60,91,99.14,95.91,102.47,-0.0087,0.0198,通过
优质处方,0.2,0.15,60,92,102.79,99.15,106.56,0.0275,0.0215,通过
优质处方,0.2,0.15,60,93,100.69,97.5,104.0,0.0069,0.0193,通过
优质处方,0.2,0.15,60,94,99.88,95.88,104.05,-0.0012,0.0245,通过
优质处方,0.2,0.15,60,95,105.01,101.84,108.27,0.0489,0.0183,通过
优质处方,0.2,0.15,60,96,99.62,95.84,103.55,-0.0038,0.0232,通过
优质处方,0.2,0.15,60,97,99.76,95.96,103.72,-0.0024,0.0233,通过
优质处方,0.2,0.15,60,98,102.05,98.76,105.45,0.0203,0.0196,通过
优质处方,0.2,0.15,60,99,97.11,94.11,100.21,-0.0293,0.0188,通过
优质处方,0.2,0.15,60,100,103.26,99.86,106.76,0.032,0.02,通过
优质处方,0.2,0.15,60,101,100.92,97.01,104.99,0.0092,0.0236,通过
优质处方,0.2,0.15,60,102,103.53,99.27,107.97,0.0347,0.0251,通过
优质处方,0.2,0.15,60,103,99.53,96.16,103.02,-0.0047,0.0206,通过
优质处方,0.2,0.15,60,104,99.78,96.68,102.99,-0.0022,0.0189,通过
优质处方,0.2,0.15,60,105,104.41,101.02,107.92,0.0432,0.0198,通过
优质处方,0.2,0.15,60,106,98.54,95.16,102.03,-0.0147,0.0208,通过
优质处方,0.2,0.15,60,107,102.6,99.2,106.11,0.0256,0.0201,通过
优质处方,0.2,0.15,60,108,101.18,98.09,104.36,0.0117,0.0185,通过
优质处方,0.2,0.15,60,109,98.47,94.76,102.33,-0.0154,0.023,通过
优质处方,0.2,0.15,60,110,104.08,100.71,107.56,0.04,0.0197,通过
优质处方,0.2,0.15,60,111,98.2,94.97,101.53,-0.0182,0.02,通过
优质处方,0.2,0.15,60,112,103.58,100.56,106.7,0.0352,0.0177,通过
优质处方,0.2,0.15,60,113,101.14,97.88,104.5,0.0113,0.0196,通过
优质处方,0.2,0.15,60,114,100.17,97.19,103.24,0.0017,0.0181,通过
优质处方,0.2,0.15,60,115,101.52,97.56,105.64,0.0151,0.0238,通过
优质处方,0.2,0.15,60,116,105.17,101.9,108.55,0.0504,0.0189,通过
优质处方,0.2,0.15,60,117,105.4,101.61,109.34,0.0526,0.0219,通过
优质处方,0.2,0.15,60,118,98.98,94.95,103.18,-0.0103,0.0249,通过
优质处方,0.2,0.15,60,119,99.79,96.39,103.31,-0.0021,0.0207,通过
优质处方,0.2,0.15,60,120,100.76,97.43,104.21,0.0076,0.0201,通过
优质处方,0.2,0.15,60,121,100.5,96.91,104.23,0.005,0.0218,通过
优质处方,0.2,0.15,60,122,102.16,98.65,105.8,0.0214,0.021,通过
优质处方,0.2,0.15,60,123,98.36,95.1,101.74,-0.0165,0.0202,通过
优质处方,0.2,0.15,60,124,103.06,100.23,105.97,0.0301,0.0166,通过
优质处方,0.2,0.15,60,125,99.31,96.14,102.59,-0.0069,0.0194,通过
优质处方,0.2,0.15,60,126,100.69,96.76,104.77,0.0068,0.0238,通过
优质处方,0.2,0.15,60,127,103.47,100.04,107.01,0.0341,0.0202,通过
优质处方,0.2,0.15,60,128,99.87,96.53,103.32,-0.0013,0.0203,通过
优质处方,0.2,0.15,60,129,102.02,98.7,105.46,0.02,0.0198,通过
优质处方,0.2,0.15,60,130,101.44,98.56,104.4,0.0143,0.0172,通过
优质处方,0.2,0.15,60,131,102.03,98.75,105.42,0.0201,0.0195,通过
优质处方,0.2,0.15,60,132,101.84,98.73,105.05,0.0182,0.0186,通过
优质处方,0.2,0.15,60,133,102.45,98.99,106.03,0.0242,0.0205,通过
优质处方,0.2,0.15,60,134,103.15,99.55,106.88,0.031,0.0212,通过
优质处方,0.2,0.15,60,135,99.84,96.37,103.45,-0.0016,0.0212,通过
优质处方,0.2,0.15,60,136,103.75,99.93,107.72,0.0368,0.0225,通过
优质处方,0.2,0.15,60,137,99.94,97.06,102.91,-0.0006,0.0175,通过
优质处方,0.2,0.15,60,138,106.5,103.11,109.99,0.063,0.0193,通过
优质处方,0.2,0.15,60,139,101.67,98.15,105.31,0.0165,0.0211,通过
优质处方,0.2,0.15,60,140,99.0,96.34,101.73,-0.0101,0.0163,通过
优质处方,0.2,0.15,60,141,99.28,95.79,102.88,-0.0073,0.0214,通过
优质处方,0.2,0.15,60,142,102.28,98.34,106.38,0.0225,0.0235,通过
优质处方,0.2,0.15,60,143,101.38,97.93,104.96,0.0137,0.0207,通过
优质处方,0.2,0.15,60,144,100.01,96.62,103.52,0.0001,0.0206,通过
优质处方,0.2,0.15,60,145,98.62,95.26,102.1,-0.0139,0.0208,通过
优质处方,0.2,0.15,60,146,101.14,97.6,104.8,0.0113,0.0213,通过
优质处方,0.2,0.15,60,147,102.29,98.44,106.29,0.0227,0.023,通过
优质处方,0.2,0.15,60,148,99.01,95.48,102.67,-0.01,0.0217,通过
优质处方,0.2,0.15,60,149,101.47,98.16,104.89,0.0146,0.0198,通过
优质处方,0.2,0.15,60,150,101.64,98.46,104.92,0.0163,0.019,通过
优质处方,0.2,0.15,60,151,102.25,98.67,105.97,0.0223,0.0214,通过
优质处方,0.2,0.15,60,152,100.53,97.18,104.0,0.0053,0.0203,通过
优质处方,0.2,0.15,60,153,105.82,102.8,108.93,0.0566,0.0173,通过
优质处方,0.2,0.15,60,154,102.26,98.82,105.83,0.0224,0.0205,通过
优质处方,0.2,0.15,60,155,100.88,97.46,104.41,0.0087,0.0206,通过
优质处方,0.2,0.15,60,156,97.63,94.6,100.77,-0.0239,0.0189,通过
优质处方,0.2,0.15,60,157,99.27,95.8,102.86,-0.0074,0.0213,通过
优质处方,0.2,0.15,60,158,105.73,102.24,109.34,0.0557,0.0201,通过
优质处方,0.2,0.15,60,159,101.19,97.88,104.62,0.0119,0.0199,通过
优质处方,0.2,0.15,60,160,102.52,99.13,106.02,0.0248,0.0201,通过
优质处方,0.2,0.15,60,161,103.72,100.43,107.11,0.0365,0.0192,通过
优质处方,0.2,0.15,60,162,98.65,95.27,102.16,-0.0136,0.0209,通过
优质处方,0.2,0.15,60,163,101.08,97.79,104.47,0.0107,0.0198,通过
优质处方,0.2,0.15,60,164,101.69,98.17,105.34,0.0168,0.0211,通过
优质处方,0.2,0.15,60,165,100.43,97.01,103.96,0.0042,0.0207,通过
优质处方,0.2,0.15,60,166,99.43,95.76,103.24,-0.0057,0.0225,通过
优质处方,0.2,0.15,60,167,101.3,97.98,104.73,0.0129,0.0199,通过
优质处方,0.2,0.15,60,168,98.6,95.22,102.1,-0.0141,0.0209,通过
优质处方,0.2,0.15,60,169,101.53,98.26,104.92,0.0152,0.0196,通过
优质处方,0.2,0.15,60,170,99.28,95.72,102.97,-0.0072,0.0219,通过
优质处方,0.2,0.15,60,171,100.16,96.92,103.5,0.0016,0.0197,通过
优质处方,0.2,0.15,60,172,102.07,98.72,105.53,0.0205,0.02,通过
优质处方,0.2,0.15,60,173,99.49,96.13,102.96,-0.0051,0.0205,通过
优质处方,0.2,0.15,60,174,95.49,92.36,98.72,-0.0462,0.0199,通过
优质处方,0.2,0.15,60,175,103.84,100.62,107.16,0.0376,0.0188,通过
优质处方,0.2,0.15,60,176,101.97,98.49,105.59,0.0195,0.0208,通过
优质处方,0.2,0.15,60,177,103.33,99.83,106.95,0.0327,0.0206,通过
优质处方,0.2,0.15,60,178,101.91,99.46,104.43,0.019,0.0146,通过
优质处方,0.2,0.15,60,179,101.52,97.68,105.51,0.0151,0.0231,通过
优质处方,0.2,0.15,60,180,101.68,98.52,104.95,0.0167,0.0189,通过
优质处方,0.2,0.15,60,181,96.91,93.76,100.15,-0.0314,0.0197,通过
优质处方,0.2,0.15,60,182,102.84,100.08,105.66,0.028,0.0162,通过
优质处方,0.2,0.15,60,183,99.68,96.89,102.55,-0.0032,0.017,通过
优质处方,0.2,0.15,60,184,100.92,97.48,104.49,0.0092,0.0208,通过
优质处方,0.2,0.15,60,185,104.61,100.81,108.55,0.045,0.0221,通过
优质处方,0.2,0.15,60,186,104.68,101.84,107.61,0.0458,0.0165,通过
优质处方,0.2,0.15,60,187,101.83,98.13,105.66,0.0181,0.0221,通过
优质处方,0.2,0.15,60,188,97.35,94.1,100.71,-0.0268,0.0203,通过
优质处方,0.2,0.15,60,189,103.47,99.76,107.32,0.0341,0.0219,通过
优质处方,0.2,0.15,60,190,103.64,100.18,107.23,0.0358,0.0203,通过
优质处方,0.2,0.15,60,191,100.76,97.73,103.89,0.0076,0.0183,通过
优质处方,0.2,0.15,60,192,104.47,100.81,108.26,0.0437,0.0213,通过
优质处方,0.2,0.15,60,193,99.87,96.85,102.99,-0.0013,0.0184,通过
优质处方,0.2,0.15,60,194,102.0,98.39,105.73,0.0198,0.0215,通过
优质处方,0.2,0.15,60,195,97.98,94.68,101.4,-0.0204,0.0205,通过
优质处方,0.2,0.15,60,196,100.49,96.54,104.61,0.0049,0.024,通过
优质处方,0.2,0.15,60,197,102.1,98.66,105.67,0.0208,0.0205,通过
优质处方,0.2,0.15,60,198,102.89,100.16,105.69,0.0285,0.0161,通过
优质处方,0.2,0.15,60,199,98.91,95.4,102.55,-0.011,0.0216,通过
优质处方,0.2,0.15,60,200,99.44,96.06,102.94,-0.0056,0.0207,通过
优质处方,0.2,0.15,60,201,101.71,98.82,104.67,0.0169,0.0172,通过
优质处方,0.2,0.15,60,202,98.17,94.77,101.7,-0.0184,0.0211,通过
优质处方,0.2,0.15,60,203,99.71,96.92,102.57,-0.0029,0.017,通过
优质处方,0.2,0.15,60,204,98.12,95.25,101.09,-0.019,0.0178,通过
优质处方,0.2,0.15,60,205,100.09,96.89,103.4,0.0009,0.0195,通过
优质处方,0.2,0.15,60,206,103.2,99.93,106.59,0.0315,0.0193,通过
优质处方,0.2,0.15,60,207,98.47,95.61,101.4,-0.0155,0.0176,通过
优质处方,0.2,0.15,60,208,101.63,97.77,105.64,0.0162,0.0232,通过
优质处方,0.2,0.15,60,209,101.24,97.77,104.83,0.0123,0.0209,通过
优质处方,0.2,0.15,60,210,101.79,98.45,105.23,0.0177,0.0199,通过
优质处方,0.2,0.15,60,211,97.73,94.62,100.94,-0.023,0.0193,通过
优质处方,0.2,0.15,60,212,102.72,99.08,106.5,0.0269,0.0216,通过
优质处方,0.2,0.15,60,213,102.42,98.85,106.12,0.0239,0.0212,通过
优质处方,0.2,0.15,60,214,98.91,95.87,102.06,-0.0109,0.0187,通过
优质处方,0.2,0.15,60,215,97.88,94.17,101.72,-0.0215,0.0231,通过
优质处方,0.2,0.15,60,216,97.72,93.9,101.69,-0.0231,0.0239,通过
优质处方,0.2,0.15,60,217,101.04,97.22,105.02,0.0104,0.0231,通过
优质处方,0.2,0.15,60,218,100.84,97.16,104.66,0.0084,0.0223,通过
优质处方,0.2,0.15,60,219,102.86,99.86,105.94,0.0282,0.0177,通过
优质处方,0.2,0.15,60,220,98.79,95.67,102.01,-0.0122,0.0192,通过
优质处方,0.2,0.15,60,221,102.29,98.71,105.99,0.0226,0.0213,通过
优质处方,0.2,0.15,60,222,97.25,94.19,100.42,-0.0279,0.0192,通过
优质处方,0.2,0.15,60,223,100.37,97.41,103.41,0.0037,0.0179,通过
优质处方,0.2,0.15,60,224,100.7,97.11,104.43,0.007,0.0217,通过
优质处方,0.2,0.15,60,225,100.16,97.14,103.28,0.0016,0.0183,通过
优质处方,0.2,0.15,60,226,104.17,100.39,108.1,0.0409,0.0221,通过
优质处方,0.2,0.15,60,227,95.4,92.43,98.46,-0.0471,0.0189,通过
优质处方,0.2,0.15,60,228,102.24,99.07,105.51,0.0222,0.0189,通过
优质处方,0.2,0.15,60,229,101.26,98.16,104.46,0.0125,0.0186,通过
优质处方,0.2,0.15,60,230,103.6,100.2,107.12,0.0354,0.02,通过
优质处方,0.2,0.15,60,231,98.6,94.78,102.56,-0.0141,0.0236,通过
优质处方,0.2,0.15,60,232,100.36,97.26,103.56,0.0036,0.0188,通过
优质处方,0.2,0.15,60,233,100.86,97.62,104.21,0.0086,0.0195,通过
优质处方,0.2,0.15,60,234,101.57,98.52,104.72,0.0156,0.0182,通过
优质处方,0.2,0.15,60,235,101.68,98.36,105.12,0.0167,0.0199,通过
优质处方,0.2,0.15,60,236,99.73,96.69,102.86,-0.0027,0.0185,通过
优质处方,0.2,0.15,60,237,101.81,98.49,105.25,0.018,0.0199,通过
优质处方,0.2,0.15,60,238,101.13,97.64,104.74,0.0112,0.021,通过
优质处方,0.2,0.15,60,239,97.39,93.91,101.01,-0.0264,0.0218,通过
优质处方,0.2,0.15,60,240,101.36,98.23,104.59,0.0135,0.0188,通过
优质处方,0.2,0.15,60,241,98.23,94.87,101.7,-0.0179,0.0208,通过
优质处方,0.2,0.15,60,242,98.67,95.59,101.85,-0.0133,0.019,通过
优质处方,0.2,0.15,60,243,103.94,100.3,107.7,0.0386,0.0213,通过
优质处方,0.2,0.15,60,244,100.28,96.53,104.17,0.0028,0.0228,通过
优质处方,0.2,0.15,60,245,104.07,100.45,107.83,0.0399,0.0212,通过
优质处方,0.2,0.15,60,246,96.36,92.67,100.21,-0.037,0.0234,通过
优质处方,0.2,0.15,60,247,98.26,95.17,101.44,-0.0176,0.0191,通过
优质处方,0.2,0.15,60,248,100.2,96.47,104.08,0.002,0.0227,通过
优质处方,0.2,0.15,60,249,97.8,94.31,101.42,-0.0222,0.0218,通过
优质处方,0.2,0.15,60,250,102.22,98.9,105.64,0.0219,0.0197,通过
优质处方,0.2,0.15,60,251,100.17,96.95,103.5,0.0017,0.0196,通过
优质处方,0.2,0.15,60,252,102.93,99.64,106.32,0.0289,0.0194,通过
优质处方,0.2,0.15,60,253,103.77,100.34,107.31,0.037,0.0201,通过
优质处方,0.2,0.15,60,254,100.13,96.96,103.4,0.0013,0.0192,通过
优质处方,0.2,0.15,60,255,104.45,100.83,108.2,0.0435,0.0211,通过
优质处方,0.2,0.15,60,256,103.98,100.67,107.4,0.0391,0.0194,通过
优质处方,0.2,0.15,60,257,97.97,94.55,101.51,-0.0205,0.0213,通过
优质处方,0.2,0.15,60,258,98.84,95.67,102.11,-0.0117,0.0195,通过
优质处方,0.2,0.15,60,259,97.52,94.23,100.93,-0.0251,0.0206,通过
优质处方,0.2,0.15,60,260,101.11,97.3,105.06,0.011,0.0229,通过
优质处方,0.2,0.15,60,261,99.35,96.09,102.72,-0.0065,0.02,通过
优质处方,0.2,0.15,60,262,99.94,96.86,103.12,-0.0006,0.0187,通过
优质处方,0.2,0.15,60,263,98.8,95.73,101.97,-0.0121,0.0189,通过
优质处方,0.2,0.15,60,264,101.44,98.74,104.21,0.0143,0.0161,通过
优质处方,0.2,0.15,60,265,102.1,99.11,105.19,0.0208,0.0178,通过
优质处方,0.2,0.15,60,266,102.87,98.98,106.91,0.0283,0.023,通过
优质处方,0.2,0.15,60,267,103.42,100.13,106.81,0.0336,0.0193,通过
优质处方,0.2,0.15,60,268,101.8,98.24,105.49,0.0178,0.0213,通过
优质处方,0.2,0.15,60,269,97.08,94.53,99.7,-0.0296,0.0159,通过
优质处方,0.2,0.15,60,270,97.83,94.7,101.07,-0.0219,0.0195,通过
优质处方,0.2,0.15,60,271,98.61,95.69,101.63,-0.0139,0.018,通过
优质处方,0.2,0.15,60,272,104.92,101.27,108.71,0.0481,0.0212,通过
优质处方,0.2,0.15,60,273,104.1,100.61,107.71,0.0402,0.0204,通过
优质处方,0.2,0.15,60,274,98.79,95.71,101.97,-0.0121,0.019,通过
优质处方,0.2,0.15,60,275,101.82,98.69,105.06,0.0181,0.0187,通过
优质处方,0.2,0.15,60,276,100.8,97.35,104.36,0.0079,0.0208,通过
优质处方,0.2,0.15,60,277,101.92,98.39,105.57,0.019,0.0211,通过
优质处方,0.2,0.15,60,278,104.28,100.6,108.09,0.0419,0.0215,通过
优质处方,0.2,0.15,60,279,100.47,96.84,104.23,0.0047,0.022,通过
优质处方,0.2,0.15,60,280,99.47,96.43,102.62,-0.0053,0.0186,通过
优质处方,0.2,0.15,60,281,101.55,98.06,105.16,0.0153,0.0209,通过
优质处方,0.2,0.15,60,282,99.7,96.19,103.34,-0.003,0.0215,通过
优质处方,0.2,0.15,60,283,100.75,97.89,103.7,0.0075,0.0173,通过
优质处方,0.2,0.15,60,284,98.78,95.09,102.62,-0.0122,0.0228,通过
优质处方,0.2,0.15,60,285,102.46,98.91,106.15,0.0243,0.0211,通过
优质处方,0.2,0.15,60,286,100.18,96.49,104.02,0.0018,0.0225,通过
优质处方,0.2,0.15,60,287,102.12,98.69,105.66,0.0209,0.0204,通过
优质处方,0.2,0.15,60,288,101.37,97.93,104.93,0.0136,0.0206,通过
优质处方,0.2,0.15,60,289,102.57,99.27,105.98,0.0254,0.0196,通过
优质处方,0.2,0.15,60,290,99.8,96.84,102.86,-0.002,0.0181,通过
优质处方,0.2,0.15,60,291,102.16,98.47,105.99,0.0214,0.022,通过
优质处方,0.2,0.15,60,292,100.05,97.04,103.17,0.0005,0.0183,通过
优质处方,0.2,0.15,60,293,100.59,97.65,103.62,0.0059,0.0178,通过
优质处方,0.2,0.15,60,294,98.88,95.3,102.59,-0.0113,0.0221,通过
优质处方,0.2,0.15,60,295,99.15,95.84,102.58,-0.0085,0.0203,通过
优质处方,0.2,0.15,60,296,99.11,95.44,102.92,-0.009,0.0226,通过
优质处方,0.2,0.15,60,297,94.96,92.12,97.88,-0.0517,0.0182,通过
优质处方,0.2,0.15,60,298,99.41,96.53,102.37,-0.0059,0.0176,通过
优质处方,0.2,0.15,60,299,103.46,99.94,107.11,0.0341,0.0207,通过
优质处方,0.2,0.15,60,300,100.03,97.24,102.9,0.0003,0.0169,通过
优质处方,0.2,0.15,60,301,98.09,95.53,100.71,-0.0193,0.0158,通过
优质处方,0.2,0.15,60,302,103.36,100.14,106.69,0.0331,0.019,通过
优质处方,0.2,0.15,60,303,101.14,97.9,104.49,0.0113,0.0195,通过
优质处方,0.2,0.15,60,304,105.73,102.05,109.53,0.0557,0.0212,通过
优质处方,0.2,0.15,60,305,101.32,97.96,104.8,0.0131,0.0202,通过
优质处方,0.2,0.15,60,306,104.18,100.8,107.67,0.041,0.0197,通过
优质处方,0.2,0.15,60,307,104.08,100.5,107.78,0.04,0.0209,通过
优质处方,0.2,0.15,60,308,101.48,98.59,104.45,0.0147,0.0173,通过
优质处方,0.2,0.15,60,309,104.27,100.99,107.65,0.0418,0.0191,通过
优质处方,0.2,0.15,60,310,97.97,95.35,100.66,-0.0205,0.0162,通过
优质处方,0.2,0.15,60,311,102.53,99.23,105.94,0.025,0.0196,通过
优质处方,0.2,0.15,60,312,100.54,96.97,104.24,0.0054,0.0216,通过
优质处方,0.2,0.15,60,313,101.19,97.8,104.7,0.0119,0.0204,通过
优质处方,0.2,0.15,60,314,102.23,98.64,105.94,0.022,0.0213,通过
优质处方,0.2,0.15,60,315,98.06,94.83,101.4,-0.0196,0.02,通过
优质处方,0.2,0.15,60,316,101.06,97.65,104.59,0.0105,0.0206,通过
优质处方,0.2,0.15,60,317,101.02,97.96,104.19,0.0102,0.0184,通过
优质处方,0.2,0.15,60,318,101.29,97.62,105.11,0.0129,0.0221,通过
优质处方,0.2,0.15,60,319,104.06,100.94,107.27,0.0398,0.0182,通过
优质处方,0.2,0.15,60,320,101.01,97.71,104.43,0.0101,0.0199,通过
优质处方,0.2,0.15,60,321,101.97,98.41,105.66,0.0195,0.0213,通过
优质处方,0.2,0.15,60,322,100.04,96.96,103.22,0.0004,0.0187,通过
优质处方,0.2,0.15,60,323,99.94,95.76,104.31,-0.0006,0.0256,通过
优质处方,0.2,0.15,60,324,101.68,97.09,106.49,0.0167,0.0277,通过
优质处方,0.2,0.15,60,325,100.25,97.02,103.59,0.0025,0.0196,通过
优质处方,0.2,0.15,60,326,100.5,97.42,103.68,0.005,0.0187,通过
优质处方,0.2,0.15,60,327,100.09,96.68,103.62,0.0009,0.0208,通过
优质处方,0.2,0.15,60,328,101.22,98.02,104.53,0.0121,0.0192,通过
优质处方,0.2,0.15,60,329,100.64,97.04,104.37,0.0064,0.0218,通过
优质处方,0.2,0.15,60,330,103.58,101.08,106.13,0.0351,0.0146,通过
优质处方,0.2,0.15,60,331,101.83,97.62,106.21,0.0181,0.0252,通过
优质处方,0.2,0.15,60,332,99.26,95.61,103.06,-0.0074,0.0225,通过
优质处方,0.2,0.15,60,333,101.08,97.13,105.19,0.0107,0.0239,通过
优质处方,0.2,0.15,60,334,101.02,97.39,104.79,0.0102,0.0219,通过
优质处方,0.2,0.15,60,335,103.64,100.16,107.24,0.0357,0.0204,通过
优质处方,0.2,0.15,60,336,100.51,97.53,103.57,0.005,0.018,通过
优质处方,0.2,0.15,60,337,98.39,95.03,101.88,-0.0162,0.0208,通过
优质处方,0.2,0.15,60,338,99.54,95.68,103.55,-0.0047,0.0236,通过
优质处方,0.2,0.15,60,339,96.79,93.97,99.69,-0.0326,0.0177,通过
优质处方,0.2,0.15,60,340,98.8,95.4,102.31,-0.0121,0.0209,通过
优质处方,0.2,0.15,60,341,98.21,95.4,101.11,-0.018,0.0174,通过
优质处方,0.2,0.15,60,342,99.8,96.58,103.14,-0.002,0.0197,通过
优质处方,0.2,0.15,60,343,102.28,98.54,106.17,0.0226,0.0223,通过
优质处方,0.2,0.15,60,344,102.29,98.34,106.41,0.0227,0.0236,通过
优质处方,0.2,0.15,60,345,99.58,96.06,103.22,-0.0042,0.0215,通过
优质处方,0.2,0.15,60,346,100.92,97.64,104.31,0.0092,0.0198,通过
优质处方,0.2,0.15,60,347,102.94,99.35,106.67,0.029,0.0213,通过
优质处方,0.2,0.15,60,348,98.31,94.84,101.9,-0.0171,0.0215,通过
优质处方,0.2,0.15,60,349,103.7,100.3,107.22,0.0363,0.02,通过
优质处方,0.2,0.15,60,350,100.44,97.07,103.93,0.0044,0.0204,通过
优质处方,0.2,0.15,60,351,99.86,96.51,103.32,-0.0014,0.0204,通过
优质处方,0.2,0.15,60,352,98.33,94.95,101.83,-0.0168,0.0209,通过
优质处方,0.2,0.15,60,353,101.92,98.63,105.31,0.019,0.0196,通过
优质处方,0.2,0.15,60,354,101.65,98.21,105.2,0.0163,0.0206,通过
优质处方,0.2,0.15,60,355,103.92,100.71,107.23,0.0385,0.0188,通过
优质处方,0.2,0.15,60,356,105.31,102.04,108.69,0.0518,0.0189,通过
优质处方,0.2,0.15,60,357,101.54,98.34,104.84,0.0153,0.0192,通过
优质处方,0.2,0.15,60,358,98.11,95.16,101.15,-0.0191,0.0183,通过
优质处方,0.2,0.15,60,359,101.5,98.11,105.01,0.0149,0.0203,通过
优质处方,0.2,0.15,60,360,102.61,99.15,106.19,0.0258,0.0205,通过
优质处方,0.2,0.15,60,361,101.87,98.19,105.68,0.0185,0.022,通过
优质处方,0.2,0.15,60,362,101.55,98.05,105.17,0.0154,0.021,通过
优质处方,0.2,0.15,60,363,102.38,98.87,106.01,0.0235,0.0209,通过
优质处方,0.2,0.15,60,364,102.1,98.59,105.75,0.0208,0.021,通过
优质处方,0.2,0.15,60,365,100.93,97.11,104.9,0.0093,0.0231,通过
优质处方,0.2,0.15,60,366,99.63,96.2,103.18,-0.0037,0.021,通过
优质处方,0.2,0.15,60,367,102.33,98.98,105.79,0.023,0.0199,通过
优质处方,0.2,0.15,60,368,101.26,97.65,105.01,0.0125,0.0217,通过
优质处方,0.2,0.15,60,369,97.28,94.21,100.46,-0.0276,0.0192,通过
优质处方,0.2,0.15,60,370,102.0,98.58,105.53,0.0198,0.0204,通过
优质处方,0.2,0.15,60,371,100.42,97.05,103.92,0.0042,0.0205,通过
优质处方,0.2,0.15,60,372,101.95,98.64,105.38,0.0194,0.0198,通过
优质处方,0.2,0.15,60,373,102.99,98.81,107.34,0.0295,0.0248,通过
优质处方,0.2,0.15,60,374,101.04,97.58,104.63,0.0104,0.0208,通过
优质处方,0.2,0.15,60,375,102.96,99.72,106.31,0.0292,0.0191,通过
优质处方,0.2,0.15,60,376,103.34,99.97,106.83,0.0329,0.0198,通过
优质处方,0.2,0.15,60,377,100.39,97.21,103.67,0.0039,0.0193,通过
优质处方,0.2,0.15,60,378,101.85,98.68,105.13,0.0184,0.019,通过
优质处方,0.2,0.15,60,379,101.45,98.0,105.02,0.0144,0.0207,通过
优质处方,0.2,0.15,60,380,103.61,100.35,106.98,0.0355,0.0191,通过
优质处方,0.2,0.15,60,381,100.18,96.55,103.95,0.0018,0.0221,通过
优质处方,0.2,0.15,60,382,100.6,97.37,103.94,0.006,0.0195,通过
优质处方,0.2,0.15,60,383,99.63,96.45,102.92,-0.0037,0.0194,通过
优质处方,0.2,0.15,60,384,100.65,97.63,103.77,0.0065,0.0182,通过
优质处方,0.2,0.15,60,385,99.55,96.22,102.99,-0.0045,0.0204,通过
优质处方,0.2,0.15,60,386,103.1,100.27,106.01,0.0305,0.0166,通过
优质处方,0.2,0.15,60,387,101.91,98.19,105.76,0.0189,0.0222,通过
优质处方,0.2,0.15,60,388,101.34,97.82,104.98,0.0133,0.0211,通过
优质处方,0.2,0.15,60,389,100.3,97.14,103.57,0.003,0.0192,通过
优质处方,0.2,0.15,60,390,99.85,96.94,102.85,-0.0015,0.0177,通过
优质处方,0.2,0.15,60,391,104.86,101.08,108.77,0.0474,0.0219,通过
优质处方,0.2,0.15,60,392,95.44,92.08,98.92,-0.0467,0.0215,通过
优质处方,0.2,0.15,60,393,98.22,94.67,101.9,-0.018,0.022,通过
优质处方,0.2,0.15,60,394,104.16,100.83,107.61,0.0408,0.0195,通过
优质处方,0.2,0.15,60,395,98.73,94.7,102.92,-0.0128,0.0249,通过
优质处方,0.2,0.15,60,396,104.64,101.3,108.08,0.0453,0.0194,通过
优质处方,0.2,0.15,60,397,101.6,98.59,104.71,0.0159,0.018,通过
优质处方,0.2,0.15,60,398,99.12,95.61,102.75,-0.0089,0.0215,通过
优质处方,0.2,0.15,60,399,100.76,97.23,104.41,0.0075,0.0213,通过
优质处方,0.2,0.15,60,400,100.04,96.78,103.41,0.0004,0.0198,通过
优质处方,0.2,0.15,60,401,98.45,94.25,102.84,-0.0156,0.0261,通过
优质处方,0.2,0.15,60,402,100.42,97.15,103.8,0.0042,0.0198,通过
优质处方,0.2,0.15,60,403,100.8,97.53,104.17,0.0079,0.0197,通过
优质处方,0.2,0.15,60,404,100.24,96.94,103.65,0.0024,0.02,通过
优质处方,0.2,0.15,60,405,98.9,95.59,102.32,-0.0111,0.0203,通过
优质处方,0.2,0.15,60,406,99.61,96.65,102.66,-0.0039,0.0181,通过
优质处方,0.2,0.15,60,407,103.73,100.82,106.73,0.0366,0.017,通过
优质处方,0.2,0.15,60,408,97.05,94.09,100.1,-0.0299,0.0185,通过
优质处方,0.2,0.15,60,409,102.97,99.67,106.38,0.0293,0.0195,通过
优质处方,0.2,0.15,60,410,96.82,93.6,100.14,-0.0324,0.0202,通过
优质处方,0.2,0.15,60,411,98.6,95.01,102.33,-0.0141,0.0222,通过
优质处方,0.2,0.15,60,412,99.06,95.9,102.32,-0.0095,0.0194,通过
优质处方,0.2,0.15,60,413,100.38,97.15,103.72,0.0038,0.0196,通过
优质处方,0.2,0.15,60,414,99.68,96.36,103.12,-0.0032,0.0203,通过
优质处方,0.2,0.15,60,415,103.2,100.11,106.37,0.0315,0.0181,通过
优质处方,0.2,0.15,60,416,102.57,98.91,106.37,0.0254,0.0217,通过
优质处方,0.2,0.15,60,417,96.46,93.36,99.66,-0.036,0.0195,通过
优质处方,0.2,0.15,60,418,100.93,97.56,104.41,0.0092,0.0203,通过
优质处方,0.2,0.15,60,419,98.74,95.44,102.15,-0.0127,0.0203,通过
优质处方,0.2,0.15,60,420,104.05,100.31,107.93,0.0397,0.0219,通过
优质处方,0.2,0.15,60,421,100.11,96.66,103.69,0.0011,0.021,通过
优质处方,0.2,0.15,60,422,103.18,99.77,106.7,0.0313,0.0201,通过
优质处方,0.2,0.15,60,423,98.67,95.1,102.38,-0.0134,0.0221,通过
优质处方,0.2,0.15,60,424,101.17,97.24,105.27,0.0117,0.0237,通过
优质处方,0.2,0.15,60,425,101.85,98.93,104.85,0.0183,0.0174,通过
优质处方,0.2,0.15,60,426,100.12,97.1,103.23,0.0012,0.0183,通过
优质处方,0.2,0.15,60,427,100.59,96.87,104.46,0.0059,0.0226,通过
优质处方,0.2,0.15,60,428,101.79,98.57,105.11,0.0177,0.0192,通过
优质处方,0.2,0.15,60,429,103.55,100.1,107.12,0.0349,0.0203,通过
优质处方,0.2,0.15,60,430,102.53,99.19,105.99,0.025,0.0198,通过
优质处方,0.2,0.15,60,431,101.89,98.59,105.31,0.0188,0.0197,通过
优质处方,0.2,0.15,60,432,100.64,97.81,103.55,0.0064,0.017,通过
优质处方,0.2,0.15,60,433,100.84,97.85,103.93,0.0084,0.0181,通过
优质处方,0.2,0.15,60,434,99.18,96.03,102.43,-0.0083,0.0193,通过
优质处方,0.2,0.15,60,435,98.15,95.32,101.06,-0.0187,0.0175,通过
优质处方,0.2,0.15,60,436,102.2,98.08,106.49,0.0217,0.0246,通过
优质处方,0.2,0.15,60,437,97.8,94.02,101.74,-0.0222,0.0236,通过
优质处方,0.2,0.15,60,438,100.97,97.16,104.94,0.0097,0.0231,通过
优质处方,0.2,0.15,60,439,101.04,97.92,104.26,0.0104,0.0188,通过
优质处方,0.2,0.15,60,440,100.93,97.89,104.07,0.0093,0.0183,通过
优质处方,0.2,0.15,60,441,99.89,96.29,103.62,-0.0011,0.0219,通过
优质处方,0.2,0.15,60,442,98.9,95.74,102.16,-0.0111,0.0194,通过
优质处方,0.2,0.15,60,443,99.22,96.07,102.46,-0.0079,0.0193,通过
优质处方,0.2,0.15,60,444,103.06,99.58,106.67,0.0301,0.0206,通过
优质处方,0.2,0.15,60,445,100.45,96.89,104.15,0.0045,0.0216,通过
优质处方,0.2,0.15,60,446,98.37,95.22,101.62,-0.0164,0.0195,通过
优质处方,0.2,0.15,60,447,101.91,98.06,105.9,0.0189,0.023,通过
优质处方,0.2,0.15,60,448,102.42,98.99,105.97,0.0239,0.0204,通过
优质处方,0.2,0.15,60,449,99.8,96.43,103.29,-0.002,0.0206,通过
优质处方,0.2,0.15,60,450,98.13,94.85,101.53,-0.0189,0.0204,通过
优质处方,0.2,0.15,60,451,103.36,100.55,106.26,0.0331,0.0165,通过
优质处方,0.2,0.15,60,452,97.55,94.58,100.6,-0.0248,0.0185,通过
优质处方,0.2,0.15,60,453,98.36,95.31,101.5,-0.0165,0.0188,通过
优质处方,0.2,0.15,60,454,103.78,100.21,107.49,0.0371,0.021,通过
优质处方,0.2,0.15,60,455,100.31,96.95,103.78,0.0031,0.0204,通过
优质处方,0.2,0.15,60,456,98.25,94.4,102.26,-0.0177,0.0239,通过
优质处方,0.2,0.15,60,457,98.79,95.35,102.35,-0.0122,0.0212,通过
优质处方,0.2,0.15,60,458,100.32,96.31,104.5,0.0032,0.0244,通过
优质处方,0.2,0.15,60,459,100.4,96.83,104.1,0.0039,0.0217,通过
优质处方,0.2,0.15,60,460,101.42,97.71,105.26,0.0141,0.0223,通过
优质处方,0.2,0.15,60,461,103.01,99.34,106.81,0.0296,0.0217,通过
优质处方,0.2,0.15,60,462,101.17,97.8,104.66,0.0117,0.0203,通过
优质处方,0.2,0.15,60,463,104.88,101.51,108.37,0.0477,0.0196,通过
优质处方,0.2,0.15,60,464,100.92,97.1,104.88,0.0091,0.023,通过
优质处方,0.2,0.15,60,465,99.65,96.33,103.09,-0.0035,0.0203,通过
优质处方,0.2,0.15,60,466,100.66,97.56,103.85,0.0066,0.0187,通过
优质处方,0.2,0.15,60,467,102.09,98.54,105.77,0.0207,0.0212,通过
优质处方,0.2,0.15,60,468,103.3,99.98,106.73,0.0325,0.0196,通过
优质处方,0.2,0.15,60,469,101.34,98.17,104.62,0.0133,0.019,通过
优质处方,0.2,0.15,60,470,102.75,99.12,106.52,0.0271,0.0216,通过
优质处方,0.2,0.15,60,471,101.79,98.55,105.14,0.0177,0.0194,通过
优质处方,0.2,0.15,60,472,102.21,98.47,106.09,0.0218,0.0223,通过
优质处方,0.2,0.15,60,473,100.24,97.1,103.48,0.0024,0.0191,通过
优质处方,0.2,0.15,60,474,97.65,94.3,101.13,-0.0237,0.0209,通过
优质处方,0.2,0.15,60,475,101.46,98.4,104.61,0.0145,0.0183,通过
优质处方,0.2,0.15,60,476,100.4,97.35,103.54,0.004,0.0184,通过
优质处方,0.2,0.15,60,477,100.66,97.49,103.94,0.0066,0.0192,通过
优质处方,0.2,0.15,60,478,103.67,100.69,106.74,0.036,0.0175,通过
优质处方,0.2,0.15,60,479,101.33,97.89,104.88,0.0132,0.0206,通过
优质处方,0.2,0.15,60,480,99.02,95.89,102.26,-0.0098,0.0193,通过
优质处方,0.2,0.15,60,481,103.53,100.17,107.01,0.0347,0.0198,通过
优质处方,0.2,0.15,60,482,104.37,100.97,107.88,0.0427,0.0198,通过
优质处方,0.2,0.15,60,483,101.34,98.24,104.54,0.0134,0.0186,通过
优质处方,0.2,0.15,60,484,100.03,97.05,103.1,0.0003,0.0181,通过
优质处方,0.2,0.15,60,485,101.17,97.6,104.87,0.0117,0.0215,通过
优质处方,0.2,0.15,60,486,99.4,96.2,102.7,-0.006,0.0196,通过
优质处方,0.2,0.15,60,487,100.87,97.41,104.45,0.0086,0.0209,通过
优质处方,0.2,0.15,60,488,101.76,98.7,104.92,0.0175,0.0183,通过
优质处方,0.2,0.15,60,489,102.3,99.13,105.58,0.0227,0.0189,通过
优质处方,0.2,0.15,60,490,102.05,98.42,105.82,0.0203,0.0217,通过
优质处方,0.2,0.15,60,491,99.78,96.46,103.22,-0.0022,0.0203,通过
优质处方,0.2,0.15,60,492,101.86,98.69,105.14,0.0184,0.0189,通过
优质处方,0.2,0.15,60,493,99.76,97.11,102.47,-0.0024,0.0161,通过
优质处方,0.2,0.15,60,494,100.91,97.78,104.13,0.009,0.0188,通过
优质处方,0.2,0.15,60,495,100.72,97.51,104.05,0.0072,0.0194,通过
优质处方,0.2,0.15,60,496,101.97,99.18,104.84,0.0195,0.0166,通过
优质处方,0.2,0.15,60,497,99.91,96.97,102.94,-0.0009,0.0179,通过
优质处方,0.2,0.15,60,498,102.55,99.33,105.88,0.0252,0.0191,通过
优质处方,0.2,0.15,60,499,99.48,96.36,102.71,-0.0052,0.0191,通过
优质处方,0.2,0.15,60,500,99.39,96.03,102.88,-0.0061,0.0206,通过
优质处方,0.2,0.15,80,1,102.58,99.25,106.03,0.0255,0.0199,通过
优质处方,0.2,0.15,80,2,99.63,96.37,103.0,-0.0037,0.02,通过
优质处方,0.2,0.15,80,3,104.01,100.99,107.12,0.0393,0.0177,通过
优质处方,0.2,0.15,80,4,104.16,101.15,107.27,0.0408,0.0176,通过
优质处方,0.2,0.15,80,5,103.95,101.3,106.67,0.0387,0.0155,通过
优质处方,0.2,0.15,80,6,100.13,97.72,102.59,0.0013,0.0146,通过
优质处方,0.2,0.15,80,7,101.25,98.57,104.01,0.0124,0.0162,通过
优质处方,0.2,0.15,80,8,101.89,98.92,104.95,0.0187,0.0178,通过
优质处方,0.2,0.15,80,9,100.98,98.12,103.92,0.0098,0.0173,通过
优质处方,0.2,0.15,80,10,98.14,95.18,101.19,-0.0188,0.0184,通过
优质处方,0.2,0.15,80,11,100.17,97.75,102.64,0.0017,0.0147,通过
优质处方,0.2,0.15,80,12,102.51,100.17,104.9,0.0248,0.0139,通过
优质处方,0.2,0.15,80,13,101.51,98.59,104.52,0.015,0.0175,通过
优质处方,0.2,0.15,80,14,102.66,99.91,105.48,0.0262,0.0163,通过
优质处方,0.2,0.15,80,15,102.33,99.55,105.19,0.023,0.0165,通过
优质处方,0.2,0.15,80,16,102.0,99.27,104.81,0.0198,0.0163,通过
优质处方,0.2,0.15,80,17,100.27,97.31,103.31,0.0027,0.018,通过
优质处方,0.2,0.15,80,18,100.35,97.69,103.09,0.0035,0.0162,通过
优质处方,0.2,0.15,80,19,101.87,98.97,104.86,0.0185,0.0174,通过
优质处方,0.2,0.15,80,20,103.5,100.96,106.1,0.0344,0.0149,通过
优质处方,0.2,0.15,80,21,102.32,99.17,105.56,0.0229,0.0188,通过
优质处方,0.2,0.15,80,22,99.22,96.13,102.4,-0.0079,0.019,通过
优质处方,0.2,0.15,80,23,101.77,98.35,105.31,0.0175,0.0205,通过
优质处方,0.2,0.15,80,24,99.49,96.98,102.07,-0.0051,0.0154,通过
优质处方,0.2,0.15,80,25,101.09,98.1,104.17,0.0109,0.018,通过
优质处方,0.2,0.15,80,26,99.96,97.1,102.91,-0.0004,0.0175,通过
优质处方,0.2,0.15,80,27,103.62,100.1,107.27,0.0356,0.0208,通过
优质处方,0.2,0.15,80,28,101.96,99.11,104.89,0.0194,0.017,通过
优质处方,0.2,0.15,80,29,104.56,101.51,107.7,0.0446,0.0178,通过
优质处方,0.2,0.15,80,30,99.46,96.62,102.38,-0.0054,0.0174,通过
优质处方,0.2,0.15,80,31,98.13,95.24,101.11,-0.0188,0.018,通过
优质处方,0.2,0.15,80,32,101.81,98.68,105.04,0.018,0.0188,通过
优质处方,0.2,0.15,80,33,103.06,100.37,105.81,0.0301,0.0159,通过
优质处方,0.2,0.15,80,34,102.26,99.41,105.19,0.0223,0.017,通过
优质处方,0.2,0.15,80,35,102.74,100.03,105.52,0.0271,0.0161,通过
优质处方,0.2,0.15,80,36,103.34,99.95,106.85,0.0329,0.02,通过
优质处方,0.2,0.15,80,37,101.14,98.27,104.09,0.0113,0.0173,通过
优质处方,0.2,0.15,80,38,100.03,97.1,103.05,0.0003,0.0178,通过
优质处方,0.2,0.15,80,39,98.58,95.74,101.5,-0.0144,0.0176,通过
优质处方,0.2,0.15,80,40,99.98,97.15,102.89,-0.0002,0.0172,通过
优质处方,0.2,0.15,80,41,97.34,94.91,99.85,-0.0269,0.0152,通过
优质处方,0.2,0.15,80,42,102.58,99.78,105.46,0.0255,0.0166,通过
优质处方,0.2,0.15,80,43,105.52,102.51,108.62,0.0537,0.0174,通过
优质处方,0.2,0.15,80,44,98.61,95.79,101.5,-0.014,0.0174,通过
优质处方,0.2,0.15,80,45,102.26,99.41,105.2,0.0224,0.017,通过
优质处方,0.2,0.15,80,46,102.4,99.21,105.68,0.0237,0.019,通过
优质处方,0.2,0.15,80,47,100.05,97.17,103.02,0.0005,0.0176,通过
优质处方,0.2,0.15,80,48,100.7,97.53,103.99,0.007,0.0193,通过
优质处方,0.2,0.15,80,49,102.54,99.9,105.24,0.0251,0.0156,通过
优质处方,0.2,0.15,80,50,102.83,99.97,105.78,0.0279,0.0169,通过
优质处方,0.2,0.15,80,51,102.09,99.12,105.15,0.0207,0.0178,通过
优质处方,0.2,0.15,80,52,101.79,99.13,104.53,0.0178,0.0159,通过
优质处方,0.2,0.15,80,53,99.49,96.67,102.39,-0.0051,0.0173,通过
优质处方,0.2,0.15,80,54,102.52,99.27,105.86,0.0248,0.0193,通过
优质处方,0.2,0.15,80,55,102.38,99.28,105.56,0.0235,0.0184,通过
优质处方,0.2,0.15,80,56,103.84,100.69,107.08,0.0376,0.0185,通过
优质处方,0.2,0.15,80,57,99.23,96.43,102.11,-0.0077,0.0172,通过
优质处方,0.2,0.15,80,58,99.72,97.15,102.36,-0.0028,0.0157,通过
优质处方,0.2,0.15,80,59,100.83,98.03,103.7,0.0082,0.0169,通过
优质处方,0.2,0.15,80,60,101.03,97.77,104.39,0.0102,0.0197,通过
优质处方,0.2,0.15,80,61,104.62,101.6,107.73,0.0452,0.0176,通过
优质处方,0.2,0.15,80,62,101.02,97.83,104.32,0.0102,0.0193,通过
优质处方,0.2,0.15,80,63,98.98,95.98,102.07,-0.0103,0.0185,通过
优质处方,0.2,0.15,80,64,102.45,99.41,105.59,0.0242,0.0181,通过
优质处方,0.2,0.15,80,65,100.34,97.75,102.99,0.0034,0.0157,通过
优质处方,0.2,0.15,80,66,99.92,97.51,102.38,-0.0008,0.0147,通过
优质处方,0.2,0.15,80,67,101.52,98.22,104.93,0.0151,0.0199,通过
优质处方,0.2,0.15,80,68,101.31,98.46,104.26,0.0131,0.0172,通过
优质处方,0.2,0.15,80,69,100.2,97.43,103.05,0.002,0.0169,通过
优质处方,0.2,0.15,80,70,102.05,99.13,105.04,0.0203,0.0174,通过
优质处方,0.2,0.15,80,71,101.45,98.37,104.63,0.0144,0.0185,通过
优质处方,0.2,0.15,80,72,99.15,96.28,102.11,-0.0085,0.0176,通过
优质处方,0.2,0.15,80,73,100.21,97.29,103.23,0.0021,0.0178,通过
优质处方,0.2,0.15,80,74,98.96,95.92,102.08,-0.0105,0.0187,通过
优质处方,0.2,0.15,80,75,101.79,98.95,104.7,0.0177,0.017,通过
优质处方,0.2,0.15,80,76,101.78,98.79,104.85,0.0176,0.0179,通过
优质处方,0.2,0.15,80,77,97.34,94.52,100.24,-0.027,0.0176,通过
优质处方,0.2,0.15,80,78,102.61,99.71,105.6,0.0258,0.0172,通过
优质处方,0.2,0.15,80,79,98.58,96.24,100.97,-0.0143,0.0144,通过
优质处方,0.2,0.15,80,80,100.56,97.86,103.35,0.0056,0.0164,通过
优质处方,0.2,0.15,80,81,102.15,98.74,105.68,0.0213,0.0204,通过
优质处方,0.2,0.15,80,82,99.88,97.27,102.56,-0.0012,0.0159,通过
优质处方,0.2,0.15,80,83,100.1,97.06,103.23,0.001,0.0185,通过
优质处方,0.2,0.15,80,84,97.67,94.83,100.6,-0.0236,0.0177,通过
优质处方,0.2,0.15,80,85,103.34,100.69,106.06,0.0329,0.0156,通过
优质处方,0.2,0.15,80,86,98.67,96.37,101.02,-0.0134,0.0141,通过
优质处方,0.2,0.15,80,87,98.61,95.73,101.57,-0.014,0.0178,通过
优质处方,0.2,0.15,80,88,104.66,101.19,108.24,0.0455,0.0202,通过
优质处方,0.2,0.15,80,89,98.79,95.46,102.24,-0.0122,0.0206,通过
优质处方,0.2,0.15,80,90,102.72,99.89,105.62,0.0268,0.0168,通过
优质处方,0.2,0.15,80,91,99.69,96.63,102.86,-0.0031,0.0188,通过
优质处方,0.2,0.15,80,92,102.17,98.69,105.78,0.0215,0.0208,通过
优质处方,0.2,0.15,80,93,99.47,96.42,102.6,-0.0054,0.0187,通过
优质处方,0.2,0.15,80,94,100.25,97.46,103.11,0.0025,0.0169,通过
优质处方,0.2,0.15,80,95,99.67,97.13,102.27,-0.0033,0.0155,通过
优质处方,0.2,0.15,80,96,104.8,102.12,107.54,0.0469,0.0155,通过
优质处方,0.2,0.15,80,97,100.2,97.55,102.93,0.002,0.0161,通过
优质处方,0.2,0.15,80,98,102.0,98.82,105.28,0.0198,0.019,通过
优质处方,0.2,0.15,80,99,100.48,98.01,103.01,0.0048,0.0149,通过
优质处方,0.2,0.15,80,100,100.49,96.97,104.14,0.0049,0.0214,通过
优质处方,0.2,0.15,80,101,99.81,96.82,102.9,-0.0019,0.0183,通过
优质处方,0.2,0.15,80,102,100.36,97.8,102.99,0.0036,0.0155,通过
优质处方,0.2,0.15,80,103,99.88,96.9,102.96,-0.0012,0.0182,通过
优质处方,0.2,0.15,80,104,102.78,100.01,105.64,0.0275,0.0165,通过
优质处方,0.2,0.15,80,105,98.8,96.07,101.6,-0.0121,0.0168,通过
优质处方,0.2,0.15,80,106,100.26,97.27,103.34,0.0026,0.0182,通过
优质处方,0.2,0.15,80,107,102.51,99.5,105.61,0.0248,0.0179,通过
优质处方,0.2,0.15,80,108,102.82,99.79,105.94,0.0278,0.018,通过
优质处方,0.2,0.15,80,109,99.53,96.73,102.41,-0.0047,0.0172,通过
优质处方,0.2,0.15,80,110,101.49,98.77,104.28,0.0148,0.0163,通过
优质处方,0.2,0.15,80,111,102.96,99.83,106.18,0.0291,0.0185,通过
优质处方,0.2,0.15,80,112,96.3,93.42,99.27,-0.0377,0.0183,通过
优质处方,0.2,0.15,80,113,104.16,100.82,107.61,0.0407,0.0196,通过
优质处方,0.2,0.15,80,114,100.03,97.23,102.92,0.0003,0.0171,通过
优质处方,0.2,0.15,80,115,99.84,97.04,102.72,-0.0016,0.0171,通过
优质处方,0.2,0.15,80,116,98.0,94.91,101.19,-0.0202,0.0193,通过
优质处方,0.2,0.15,80,117,101.53,98.54,104.61,0.0152,0.018,通过
优质处方,0.2,0.15,80,118,100.15,97.07,103.34,0.0015,0.0188,通过
优质处方,0.2,0.15,80,119,99.47,96.74,102.28,-0.0053,0.0168,通过
优质处方,0.2,0.15,80,120,102.95,99.62,106.4,0.0291,0.0198,通过
优质处方,0.2,0.15,80,121,98.64,95.69,101.69,-0.0136,0.0183,通过
优质处方,0.2,0.15,80,122,98.97,96.16,101.85,-0.0104,0.0173,通过
优质处方,0.2,0.15,80,123,101.98,99.28,104.75,0.0196,0.0161,通过
优质处方,0.2,0.15,80,124,97.22,94.67,99.84,-0.0282,0.016,通过
优质处方,0.2,0.15,80,125,103.74,101.03,106.53,0.0367,0.0159,通过
优质处方,0.2,0.15,80,126,102.78,100.24,105.38,0.0274,0.015,通过
优质处方,0.2,0.15,80,127,101.82,99.25,104.46,0.0181,0.0154,通过
优质处方,0.2,0.15,80,128,103.19,100.48,105.98,0.0314,0.016,通过
优质处方,0.2,0.15,80,129,99.96,97.18,102.82,-0.0004,0.017,通过
优质处方,0.2,0.15,80,130,98.45,95.68,101.31,-0.0156,0.0172,通过
优质处方,0.2,0.15,80,131,99.41,97.02,101.87,-0.0059,0.0147,通过
优质处方,0.2,0.15,80,132,100.59,97.89,103.36,0.0059,0.0163,通过
优质处方,0.2,0.15,80,133,100.89,97.83,104.05,0.0089,0.0185,通过
优质处方,0.2,0.15,80,134,100.53,97.87,103.27,0.0053,0.0161,通过
优质处方,0.2,0.15,80,135,102.5,99.45,105.65,0.0247,0.0182,通过
优质处方,0.2,0.15,80,136,98.29,95.82,100.82,-0.0173,0.0153,通过
优质处方,0.2,0.15,80,137,99.06,96.58,101.61,-0.0094,0.0153,通过
优质处方,0.2,0.15,80,138,101.15,98.29,104.1,0.0114,0.0173,通过
优质处方,0.2,0.15,80,139,100.52,97.93,103.18,0.0052,0.0157,通过
优质处方,0.2,0.15,80,140,100.34,97.35,103.43,0.0034,0.0182,通过
优质处方,0.2,0.15,80,141,99.85,97.04,102.75,-0.0015,0.0172,通过
优质处方,0.2,0.15,80,142,101.72,98.59,104.94,0.017,0.0187,通过
优质处方,0.2,0.15,80,143,101.38,98.48,104.37,0.0137,0.0174,通过
优质处方,0.2,0.15,80,144,104.34,101.49,107.27,0.0425,0.0167,通过
优质处方,0.2,0.15,80,145,98.34,95.35,101.42,-0.0167,0.0185,通过
优质处方,0.2,0.15,80,146,101.25,98.56,104.01,0.0124,0.0162,通过
优质处方,0.2,0.15,80,147,104.64,101.74,107.62,0.0454,0.0169,通过
优质处方,0.2,0.15,80,148,98.99,96.06,102.01,-0.0102,0.0181,通过
优质处方,0.2,0.15,80,149,101.59,98.81,104.46,0.0158,0.0167,通过
优质处方,0.2,0.15,80,150,101.13,98.94,103.38,0.0113,0.0132,通过
优质处方,0.2,0.15,80,151,99.33,96.41,102.34,-0.0067,0.018,通过
优质处方,0.2,0.15,80,152,102.92,100.17,105.74,0.0288,0.0162,通过
优质处方,0.2,0.15,80,153,98.56,95.6,101.6,-0.0145,0.0183,通过
优质处方,0.2,0.15,80,154,104.11,101.09,107.22,0.0403,0.0177,通过
优质处方,0.2,0.15,80,155,103.23,99.72,106.85,0.0317,0.0208,通过
优质处方,0.2,0.15,80,156,99.51,96.81,102.3,-0.0049,0.0166,通过
优质处方,0.2,0.15,80,157,98.54,95.44,101.73,-0.0148,0.0192,通过
优质处方,0.2,0.15,80,158,101.43,98.27,104.68,0.0142,0.019,通过
优质处方,0.2,0.15,80,159,99.87,96.78,103.07,-0.0013,0.0189,通过
优质处方,0.2,0.15,80,160,100.36,97.67,103.12,0.0035,0.0163,通过
优质处方,0.2,0.15,80,161,101.53,98.78,104.35,0.0152,0.0165,通过
优质处方,0.2,0.15,80,162,100.88,98.42,103.4,0.0087,0.0148,通过
优质处方,0.2,0.15,80,163,100.54,98.13,103.01,0.0054,0.0146,通过
优质处方,0.2,0.15,80,164,100.37,97.5,103.32,0.0037,0.0174,通过
优质处方,0.2,0.15,80,165,100.17,97.15,103.28,0.0017,0.0184,通过
优质处方,0.2,0.15,80,166,100.83,98.07,103.67,0.0083,0.0167,通过
优质处方,0.2,0.15,80,167,102.64,99.96,105.39,0.0261,0.0159,通过
优质处方,0.2,0.15,80,168,99.46,96.5,102.5,-0.0054,0.0181,通过
优质处方,0.2,0.15,80,169,104.17,100.91,107.54,0.0409,0.0191,通过
优质处方,0.2,0.15,80,170,98.1,95.17,101.11,-0.0192,0.0182,通过
优质处方,0.2,0.15,80,171,101.51,98.9,104.19,0.015,0.0156,通过
优质处方,0.2,0.15,80,172,99.86,96.82,102.99,-0.0014,0.0186,通过
优质处方,0.2,0.15,80,173,102.01,99.12,104.98,0.0199,0.0173,通过
优质处方,0.2,0.15,80,174,102.23,99.46,105.07,0.022,0.0165,通过
优质处方,0.2,0.15,80,175,100.36,97.58,103.21,0.0036,0.0168,通过
优质处方,0.2,0.15,80,176,99.45,96.44,102.56,-0.0055,0.0185,通过
优质处方,0.2,0.15,80,177,102.69,99.7,105.78,0.0266,0.0178,通过
优质处方,0.2,0.15,80,178,98.95,96.03,101.95,-0.0106,0.018,通过
优质处方,0.2,0.15,80,179,102.4,99.24,105.65,0.0237,0.0188,通过
优质处方,0.2,0.15,80,180,104.38,100.85,108.03,0.0429,0.0206,通过
优质处方,0.2,0.15,80,181,102.08,98.86,105.39,0.0206,0.0192,通过
优质处方,0.2,0.15,80,182,100.67,97.8,103.62,0.0066,0.0174,通过
优质处方,0.2,0.15,80,183,100.17,97.35,103.06,0.0017,0.0171,通过
优质处方,0.2,0.15,80,184,102.07,98.9,105.35,0.0205,0.019,通过
优质处方,0.2,0.15,80,185,102.33,99.45,105.28,0.023,0.0171,通过
优质处方,0.2,0.15,80,186,104.44,100.95,108.05,0.0435,0.0204,通过
优质处方,0.2,0.15,80,187,98.42,95.51,101.42,-0.0159,0.018,通过
优质处方,0.2,0.15,80,188,98.8,95.64,102.07,-0.0121,0.0195,通过
优质处方,0.2,0.15,80,189,98.23,95.36,101.2,-0.0178,0.0178,通过
优质处方,0.2,0.15,80,190,105.21,102.27,108.23,0.0508,0.017,通过
优质处方,0.2,0.15,80,191,100.58,97.44,103.83,0.0058,0.0191,通过
优质处方,0.2,0.15,80,192,97.04,94.42,99.72,-0.0301,0.0164,通过
优质处方,0.2,0.15,80,193,100.32,97.98,102.71,0.0032,0.0142,通过
优质处方,0.2,0.15,80,194,102.74,100.18,105.38,0.0271,0.0152,通过
优质处方,0.2,0.15,80,195,101.65,98.62,104.78,0.0164,0.0182,通过
优质处方,0.2,0.15,80,196,98.7,96.13,101.35,-0.013,0.0159,通过
优质处方,0.2,0.15,80,197,101.56,98.61,104.6,0.0155,0.0177,通过
优质处方,0.2,0.15,80,198,100.16,97.18,103.24,0.0016,0.0182,通过
优质处方,0.2,0.15,80,199,101.29,98.38,104.29,0.0129,0.0175,通过
优质处方,0.2,0.15,80,200,102.18,99.06,105.39,0.0216,0.0186,通过
优质处方,0.2,0.15,80,201,104.56,101.26,107.96,0.0446,0.0192,通过
优质处方,0.2,0.15,80,202,99.43,96.65,102.29,-0.0057,0.017,通过
优质处方,0.2,0.15,80,203,102.24,99.0,105.58,0.0221,0.0193,通过
优质处方,0.2,0.15,80,204,100.65,97.6,103.78,0.0064,0.0184,通过
优质处方,0.2,0.15,80,205,101.13,98.11,104.25,0.0113,0.0182,通过
优质处方,0.2,0.15,80,206,101.95,99.46,104.51,0.0193,0.0149,通过
优质处方,0.2,0.15,80,207,98.92,96.26,101.66,-0.0108,0.0164,通过
优质处方,0.2,0.15,80,208,102.51,99.64,105.47,0.0248,0.0171,通过
优质处方,0.2,0.15,80,209,100.7,98.05,103.44,0.007,0.0161,通过
优质处方,0.2,0.15,80,210,100.85,98.06,103.72,0.0084,0.0169,通过
优质处方,0.2,0.15,80,211,103.29,100.44,106.22,0.0323,0.0168,通过
优质处方,0.2,0.15,80,212,98.44,95.51,101.46,-0.0157,0.0181,通过
优质处方,0.2,0.15,80,213,102.33,99.6,105.13,0.023,0.0162,通过
优质处方,0.2,0.15,80,214,98.63,95.97,101.37,-0.0138,0.0165,通过
优质处方,0.2,0.15,80,215,99.39,96.71,102.15,-0.0061,0.0164,通过
优质处方,0.2,0.15,80,216,103.14,100.25,106.1,0.0309,0.0171,通过
优质处方,0.2,0.15,80,217,100.37,97.65,103.16,0.0037,0.0165,通过
优质处方,0.2,0.15,80,218,103.03,100.21,105.93,0.0298,0.0167,通过
优质处方,0.2,0.15,80,219,100.74,98.16,103.39,0.0074,0.0156,通过
优质处方,0.2,0.15,80,220,99.23,96.22,102.33,-0.0078,0.0185,通过
优质处方,0.2,0.15,80,221,100.39,97.47,103.39,0.0039,0.0177,通过
优质处方,0.2,0.15,80,222,101.89,98.9,104.97,0.0187,0.0179,通过
优质处方,0.2,0.15,80,223,101.86,98.97,104.84,0.0184,0.0173,通过
优质处方,0.2,0.15,80,224,96.71,94.12,99.38,-0.0334,0.0163,通过
优质处方,0.2,0.15,80,225,99.59,96.67,102.61,-0.0041,0.0179,通过
优质处方,0.2,0.15,80,226,100.78,98.14,103.49,0.0078,0.0159,通过
优质处方,0.2,0.15,80,227,98.02,95.01,101.12,-0.02,0.0187,通过
优质处方,0.2,0.15,80,228,100.49,97.71,103.35,0.0049,0.0169,通过
优质处方,0.2,0.15,80,229,103.63,100.76,106.59,0.0357,0.0169,通过
优质处方,0.2,0.15,80,230,98.36,95.34,101.48,-0.0165,0.0188,通过
优质处方,0.2,0.15,80,231,100.44,97.71,103.25,0.0044,0.0166,通过
优质处方,0.2,0.15,80,232,102.28,99.64,105.0,0.0226,0.0157,通过
优质处方,0.2,0.15,80,233,96.92,94.15,99.78,-0.0313,0.0175,通过
优质处方,0.2,0.15,80,234,105.48,102.82,108.2,0.0533,0.0153,通过
优质处方,0.2,0.15,80,235,102.73,99.89,105.65,0.0269,0.0168,通过
优质处方,0.2,0.15,80,236,100.25,97.82,102.74,0.0025,0.0147,通过
优质处方,0.2,0.15,80,237,99.22,96.38,102.14,-0.0079,0.0174,通过
优质处方,0.2,0.15,80,238,104.41,101.36,107.55,0.0431,0.0178,通过
优质处方,0.2,0.15,80,239,99.84,97.11,102.65,-0.0016,0.0167,通过
优质处方,0.2,0.15,80,240,101.46,98.36,104.66,0.0145,0.0186,通过
优质处方,0.2,0.15,80,241,101.21,97.7,104.84,0.012,0.0212,通过
优质处方,0.2,0.15,80,242,101.46,98.46,104.54,0.0144,0.018,通过
优质处方,0.2,0.15,80,243,100.88,97.77,104.08,0.0087,0.0188,通过
优质处方,0.2,0.15,80,244,100.27,97.46,103.16,0.0027,0.0171,通过
优质处方,0.2,0.15,80,245,100.57,97.88,103.32,0.0056,0.0163,通过
优质处方,0.2,0.15,80,246,102.91,100.25,105.64,0.0287,0.0158,通过
优质处方,0.2,0.15,80,247,102.08,99.17,105.08,0.0206,0.0174,通过
优质处方,0.2,0.15,80,248,99.11,96.46,101.83,-0.009,0.0163,通过
优质处方,0.2,0.15,80,249,100.8,97.69,104.01,0.008,0.0188,通过
优质处方,0.2,0.15,80,250,98.24,95.51,101.05,-0.0177,0.0169,通过
优质处方,0.2,0.15,80,251,101.74,98.79,104.78,0.0173,0.0177,通过
优质处方,0.2,0.15,80,252,100.83,97.74,104.01,0.0083,0.0187,通过
优质处方,0.2,0.15,80,253,101.08,98.13,104.13,0.0108,0.0178,通过
优质处方,0.2,0.15,80,254,97.99,95.56,100.49,-0.0203,0.0151,通过
优质处方,0.2,0.15,80,255,102.18,99.68,104.75,0.0216,0.0149,通过
优质处方,0.2,0.15,80,256,103.96,101.28,106.71,0.0389,0.0157,通过
优质处方,0.2,0.15,80,257,101.95,98.91,105.08,0.0193,0.0182,通过
优质处方,0.2,0.15,80,258,100.73,97.56,104.0,0.0073,0.0192,通过
优质处方,0.2,0.15,80,259,101.91,99.25,104.64,0.0189,0.0159,通过
优质处方,0.2,0.15,80,260,97.31,94.53,100.18,-0.0272,0.0174,通过
优质处方,0.2,0.15,80,261,100.11,97.1,103.21,0.0011,0.0183,通过
优质处方,0.2,0.15,80,262,99.24,96.53,102.04,-0.0076,0.0167,通过
优质处方,0.2,0.15,80,263,101.52,98.4,104.74,0.0151,0.0187,通过
优质处方,0.2,0.15,80,264,103.41,100.03,106.91,0.0335,0.02,通过
优质处方,0.2,0.15,80,265,99.15,96.19,102.2,-0.0085,0.0182,通过
优质处方,0.2,0.15,80,266,99.42,96.57,102.36,-0.0058,0.0175,通过
优质处方,0.2,0.15,80,267,103.44,100.62,106.34,0.0338,0.0166,通过
优质处方,0.2,0.15,80,268,102.39,99.35,105.52,0.0236,0.0181,通过
优质处方,0.2,0.15,80,269,101.84,98.64,105.15,0.0183,0.0192,通过
优质处方,0.2,0.15,80,270,100.5,97.58,103.5,0.005,0.0177,通过
优质处方,0.2,0.15,80,271,99.93,97.1,102.83,-0.0007,0.0172,通过
优质处方,0.2,0.15,80,272,100.63,97.63,103.71,0.0062,0.0182,通过
优质处方,0.2,0.15,80,273,99.49,96.36,102.73,-0.0051,0.0192,通过
优质处方,0.2,0.15,80,274,102.23,98.95,105.63,0.0221,0.0196,通过
优质处方,0.2,0.15,80,275,102.23,99.56,104.98,0.0221,0.0159,通过
优质处方,0.2,0.15,80,276,98.46,95.71,101.29,-0.0155,0.017,通过
优质处方,0.2,0.15,80,277,101.55,99.09,104.07,0.0154,0.0147,通过
优质处方,0.2,0.15,80,278,99.92,96.85,103.09,-0.0008,0.0188,通过
优质处方,0.2,0.15,80,279,103.03,99.9,106.26,0.0299,0.0185,通过
优质处方,0.2,0.15,80,280,105.38,102.38,108.46,0.0524,0.0173,通过
优质处方,0.2,0.15,80,281,98.38,95.62,101.22,-0.0163,0.0171,通过
优质处方,0.2,0.15,80,282,100.3,97.6,103.07,0.003,0.0164,通过
优质处方,0.2,0.15,80,283,101.74,99.05,104.5,0.0172,0.0161,通过
优质处方,0.2,0.15,80,284,101.07,98.21,104.01,0.0107,0.0172,通过
优质处方,0.2,0.15,80,285,98.96,96.7,101.28,-0.0104,0.0139,通过
优质处方,0.2,0.15,80,286,100.45,97.46,103.52,0.0044,0.0181,通过
优质处方,0.2,0.15,80,287,103.73,100.84,106.7,0.0366,0.017,通过
优质处方,0.2,0.15,80,288,102.55,99.29,105.91,0.0251,0.0194,通过
优质处方,0.2,0.15,80,289,99.38,96.63,102.21,-0.0062,0.0169,通过
优质处方,0.2,0.15,80,290,101.18,98.46,103.97,0.0117,0.0164,通过
优质处方,0.2,0.15,80,291,99.64,96.66,102.72,-0.0036,0.0183,通过
优质处方,0.2,0.15,80,292,104.75,101.54,108.06,0.0464,0.0187,通过
优质处方,0.2,0.15,80,293,99.84,97.09,102.66,-0.0016,0.0168,通过
优质处方,0.2,0.15,80,294,101.02,98.06,104.07,0.0101,0.0179,通过
优质处方,0.2,0.15,80,295,100.96,98.56,103.42,0.0096,0.0145,通过
优质处方,0.2,0.15,80,296,99.81,96.93,102.77,-0.0019,0.0176,通过
优质处方,0.2,0.15,80,297,100.25,97.65,102.92,0.0025,0.0158,通过
优质处方,0.2,0.15,80,298,101.36,98.34,104.48,0.0135,0.0182,通过
优质处方,0.2,0.15,80,299,100.23,97.67,102.86,0.0023,0.0156,通过
优质处方,0.2,0.15,80,300,103.01,100.02,106.09,0.0297,0.0177,通过
优质处方,0.2,0.15,80,301,98.92,95.67,102.29,-0.0108,0.0201,通过
优质处方,0.2,0.15,80,302,98.73,95.79,101.76,-0.0128,0.0182,通过
优质处方,0.2,0.15,80,303,100.18,97.52,102.9,0.0017,0.0161,通过
优质处方,0.2,0.15,80,304,97.89,95.14,100.72,-0.0213,0.0171,通过
优质处方,0.2,0.15,80,305,99.32,96.41,102.32,-0.0068,0.0179,通过
优质处方,0.2,0.15,80,306,100.52,97.72,103.4,0.0051,0.017,通过
优质处方,0.2,0.15,80,307,103.01,100.16,105.94,0.0297,0.0168,通过
优质处方,0.2,0.15,80,308,105.74,102.24,109.36,0.0558,0.0202,通过
优质处方,0.2,0.15,80,309,95.74,92.99,98.58,-0.0435,0.0176,通过
优质处方,0.2,0.15,80,310,98.11,95.24,101.07,-0.019,0.0179,通过
优质处方,0.2,0.15,80,311,97.87,94.95,100.89,-0.0215,0.0182,通过
优质处方,0.2,0.15,80,312,99.54,96.79,102.38,-0.0046,0.0169,通过
优质处方,0.2,0.15,80,313,101.77,99.08,104.53,0.0175,0.0161,通过
优质处方,0.2,0.15,80,314,104.28,101.44,107.2,0.0419,0.0166,通过
优质处方,0.2,0.15,80,315,102.01,99.09,105.02,0.0199,0.0175,通过
优质处方,0.2,0.15,80,316,100.54,97.44,103.74,0.0054,0.0188,通过
优质处方,0.2,0.15,80,317,100.63,97.92,103.41,0.0063,0.0164,通过
优质处方,0.2,0.15,80,318,102.37,99.57,105.26,0.0234,0.0167,通过
优质处方,0.2,0.15,80,319,99.36,96.67,102.13,-0.0064,0.0165,通过
优质处方,0.2,0.15,80,320,99.33,96.6,102.13,-0.0067,0.0167,通过
优质处方,0.2,0.15,80,321,99.91,97.13,102.77,-0.0009,0.0169,通过
优质处方,0.2,0.15,80,322,100.5,97.66,103.42,0.005,0.0172,通过
优质处方,0.2,0.15,80,323,100.58,97.41,103.86,0.0058,0.0193,通过
优质处方,0.2,0.15,80,324,99.94,97.31,102.65,-0.0006,0.0161,通过
优质处方,0.2,0.15,80,325,100.34,97.51,103.25,0.0034,0.0172,通过
优质处方,0.2,0.15,80,326,100.66,98.38,102.98,0.0065,0.0137,通过
优质处方,0.2,0.15,80,327,101.87,98.93,104.9,0.0185,0.0176,通过
优质处方,0.2,0.15,80,328,100.78,98.4,103.22,0.0078,0.0144,通过
优质处方,0.2,0.15,80,329,99.77,97.05,102.56,-0.0023,0.0166,通过
优质处方,0.2,0.15,80,330,102.14,99.17,105.21,0.0212,0.0177,通过
优质处方,0.2,0.15,80,331,102.0,99.21,104.86,0.0198,0.0166,通过
优质处方,0.2,0.15,80,332,100.55,97.73,103.45,0.0055,0.0171,通过
优质处方,0.2,0.15,80,333,99.07,96.44,101.78,-0.0093,0.0162,通过
优质处方,0.2,0.15,80,334,99.77,96.96,102.66,-0.0023,0.0172,通过
优质处方,0.2,0.15,80,335,101.69,98.41,105.08,0.0168,0.0197,通过
优质处方,0.2,0.15,80,336,99.39,96.53,102.33,-0.0061,0.0175,通过
优质处方,0.2,0.15,80,337,104.15,101.09,107.29,0.0406,0.0179,通过
优质处方,0.2,0.15,80,338,98.78,96.09,101.55,-0.0123,0.0166,通过
优质处方,0.2,0.15,80,339,100.97,98.16,103.85,0.0096,0.0169,通过
优质处方,0.2,0.15,80,340,100.91,98.07,103.83,0.009,0.0172,通过
优质处方,0.2,0.15,80,341,99.43,96.7,102.23,-0.0058,0.0167,通过
优质处方,0.2,0.15,80,342,98.2,95.14,101.35,-0.0182,0.019,通过
优质处方,0.2,0.15,80,343,102.72,99.69,105.84,0.0268,0.018,通过
优质处方,0.2,0.15,80,344,105.24,102.27,108.3,0.0511,0.0172,通过
优质处方,0.2,0.15,80,345,101.22,98.39,104.14,0.0122,0.0171,通过
优质处方,0.2,0.15,80,346,101.94,99.1,104.87,0.0193,0.017,通过
优质处方,0.2,0.15,80,347,99.97,96.81,103.22,-0.0003,0.0193,通过
优质处方,0.2,0.15,80,348,101.32,98.13,104.61,0.0131,0.0192,通过
优质处方,0.2,0.15,80,349,98.93,96.17,101.77,-0.0107,0.017,通过
优质处方,0.2,0.15,80,350,100.6,97.57,103.73,0.006,0.0184,通过
优质处方,0.2,0.15,80,351,99.85,97.14,102.64,-0.0015,0.0165,通过
优质处方,0.2,0.15,80,352,102.9,99.59,106.32,0.0286,0.0197,通过
优质处方,0.2,0.15,80,353,100.15,97.24,103.15,0.0015,0.0177,通过
优质处方,0.2,0.15,80,354,98.41,95.37,101.54,-0.0161,0.0188,通过
优质处方,0.2,0.15,80,355,101.66,98.97,104.42,0.0165,0.0161,通过
优质处方,0.2,0.15,80,356,102.57,99.76,105.47,0.0254,0.0167,通过
优质处方,0.2,0.15,80,357,99.86,97.05,102.76,-0.0014,0.0172,通过
优质处方,0.2,0.15,80,358,97.79,94.99,100.67,-0.0224,0.0175,通过
优质处方,0.2,0.15,80,359,100.21,97.59,102.9,0.0021,0.0159,通过
优质处方,0.2,0.15,80,360,100.22,97.78,102.72,0.0022,0.0148,通过
优质处方,0.2,0.15,80,361,101.61,99.03,104.26,0.016,0.0155,通过
优质处方,0.2,0.15,80,362,99.63,96.25,103.13,-0.0037,0.0207,通过
优质处方,0.2,0.15,80,363,100.33,97.42,103.33,0.0033,0.0177,通过
优质处方,0.2,0.15,80,364,99.87,96.82,103.02,-0.0013,0.0186,通过
优质处方,0.2,0.15,80,365,101.87,98.88,104.95,0.0185,0.0179,通过
优质处方,0.2,0.15,80,366,97.82,95.24,100.47,-0.022,0.0161,通过
优质处方,0.2,0.15,80,367,100.57,97.16,104.11,0.0057,0.0208,通过
优质处方,0.2,0.15,80,368,101.21,97.99,104.54,0.0121,0.0194,通过
优质处方,0.2,0.15,80,369,100.84,97.75,104.03,0.0084,0.0187,通过
优质处方,0.2,0.15,80,370,103.21,100.27,106.24,0.0316,0.0174,通过
优质处方,0.2,0.15,80,371,103.18,100.08,106.37,0.0313,0.0183,通过
优质处方,0.2,0.15,80,372,102.36,99.44,105.37,0.0234,0.0174,通过
优质处方,0.2,0.15,80,373,100.42,97.68,103.23,0.0042,0.0166,通过
优质处方,0.2,0.15,80,374,103.08,100.62,105.6,0.0303,0.0145,通过
优质处方,0.2,0.15,80,375,102.54,99.79,105.36,0.0251,0.0163,通过
优质处方,0.2,0.15,80,376,102.03,99.28,104.85,0.0201,0.0164,通过
优质处方,0.2,0.15,80,377,99.32,96.73,101.97,-0.0068,0.0158,通过
优质处方,0.2,0.15,80,378,102.89,100.11,105.75,0.0285,0.0165,通过
优质处方,0.2,0.15,80,379,100.72,97.83,103.7,0.0072,0.0175,通过
优质处方,0.2,0.15,80,380,100.05,96.97,103.22,0.0005,0.0188,通过
优质处方,0.2,0.15,80,381,100.67,97.96,103.46,0.0067,0.0164,通过
优质处方,0.2,0.15,80,382,101.28,98.3,104.35,0.0127,0.0179,通过
优质处方,0.2,0.15,80,383,100.0,96.75,103.37,0.0,0.0199,通过
优质处方,0.2,0.15,80,384,103.94,101.02,106.95,0.0387,0.0172,通过
优质处方,0.2,0.15,80,385,105.48,102.76,108.28,0.0533,0.0157,通过
优质处方,0.2,0.15,80,386,101.42,98.76,104.15,0.0141,0.016,通过
优质处方,0.2,0.15,80,387,100.53,97.74,103.4,0.0053,0.0169,通过
优质处方,0.2,0.15,80,388,99.72,96.84,102.69,-0.0028,0.0176,通过
优质处方,0.2,0.15,80,389,101.7,98.95,104.53,0.0169,0.0165,通过
优质处方,0.2,0.15,80,390,99.06,96.75,101.42,-0.0095,0.0142,通过
优质处方,0.2,0.15,80,391,102.54,99.5,105.68,0.0251,0.0181,通过
优质处方,0.2,0.15,80,392,99.34,96.51,102.26,-0.0066,0.0174,通过
优质处方,0.2,0.15,80,393,99.45,96.66,102.31,-0.0055,0.0171,通过
优质处方,0.2,0.15,80,394,101.23,98.33,104.2,0.0122,0.0174,通过
优质处方,0.2,0.15,80,395,97.42,94.57,100.36,-0.0261,0.0179,通过
优质处方,0.2,0.15,80,396,97.62,94.73,100.59,-0.0241,0.018,通过
优质处方,0.2,0.15,80,397,101.7,99.14,104.32,0.0168,0.0153,通过
优质处方,0.2,0.15,80,398,99.86,97.25,102.54,-0.0014,0.0159,通过
优质处方,0.2,0.15,80,399,101.68,98.65,104.8,0.0166,0.0182,通过
优质处方,0.2,0.15,80,400,99.11,95.81,102.53,-0.0089,0.0204,通过
优质处方,0.2,0.15,80,401,102.99,100.31,105.75,0.0295,0.0159,通过
优质处方,0.2,0.15,80,402,96.78,94.31,99.31,-0.0327,0.0155,通过
优质处方,0.2,0.15,80,403,99.03,96.09,102.06,-0.0097,0.0181,通过
优质处方,0.2,0.15,80,404,99.5,96.99,102.07,-0.005,0.0153,通过
优质处方,0.2,0.15,80,405,102.48,99.91,105.13,0.0245,0.0153,通过
优质处方,0.2,0.15,80,406,101.65,99.29,104.07,0.0164,0.0141,通过
优质处方,0.2,0.15,80,407,98.59,95.62,101.65,-0.0142,0.0184,通过
优质处方,0.2,0.15,80,408,105.08,101.94,108.32,0.0495,0.0182,通过
优质处方,0.2,0.15,80,409,99.26,96.49,102.1,-0.0075,0.017,通过
优质处方,0.2,0.15,80,410,99.29,96.48,102.19,-0.0071,0.0173,通过
优质处方,0.2,0.15,80,411,102.14,98.89,105.49,0.0211,0.0194,通过
优质处方,0.2,0.15,80,412,99.45,96.57,102.42,-0.0055,0.0177,通过
优质处方,0.2,0.15,80,413,99.66,96.5,102.92,-0.0034,0.0193,通过
优质处方,0.2,0.15,80,414,101.71,98.33,105.21,0.017,0.0203,通过
优质处方,0.2,0.15,80,415,103.32,101.02,105.67,0.0326,0.0135,通过
优质处方,0.2,0.15,80,416,101.0,98.38,103.69,0.01,0.0158,通过
优质处方,0.2,0.15,80,417,103.18,100.67,105.75,0.0313,0.0148,通过
优质处方,0.2,0.15,80,418,101.32,98.09,104.65,0.0131,0.0194,通过
优质处方,0.2,0.15,80,419,100.25,97.5,103.08,0.0025,0.0167,通过
优质处方,0.2,0.15,80,420,100.71,98.25,103.24,0.0071,0.0149,通过
优质处方,0.2,0.15,80,421,102.32,99.29,105.45,0.023,0.0181,通过
优质处方,0.2,0.15,80,422,102.46,99.7,105.29,0.0243,0.0164,通过
优质处方,0.2,0.15,80,423,106.05,102.89,109.3,0.0587,0.0181,通过
优质处方,0.2,0.15,80,424,102.92,100.16,105.75,0.0287,0.0163,通过
优质处方,0.2,0.15,80,425,101.24,97.96,104.63,0.0123,0.0198,通过
优质处方,0.2,0.15,80,426,99.34,96.65,102.11,-0.0066,0.0165,通过
优质处方,0.2,0.15,80,427,101.38,98.24,104.62,0.0137,0.0189,通过
优质处方,0.2,0.15,80,428,100.71,97.75,103.76,0.0071,0.0179,通过
优质处方,0.2,0.15,80,429,98.59,95.49,101.8,-0.0142,0.0192,通过
优质处方,0.2,0.15,80,430,103.04,100.21,105.94,0.0299,0.0167,通过
优质处方,0.2,0.15,80,431,100.76,97.92,103.68,0.0075,0.0172,通过
优质处方,0.2,0.15,80,432,97.76,95.35,100.24,-0.0226,0.015,通过
优质处方,0.2,0.15,80,433,100.09,97.25,103.02,0.0009,0.0173,通过
优质处方,0.2,0.15,80,434,98.47,95.49,101.55,-0.0154,0.0185,通过
优质处方,0.2,0.15,80,435,100.71,97.74,103.76,0.0071,0.018,通过
优质处方,0.2,0.15,80,436,102.52,99.76,105.35,0.0249,0.0164,通过
优质处方,0.2,0.15,80,437,100.53,97.69,103.46,0.0053,0.0172,通过
优质处方,0.2,0.15,80,438,100.52,97.59,103.53,0.0051,0.0178,通过
优质处方,0.2,0.15,80,439,103.15,100.12,106.27,0.031,0.0179,通过
优质处方,0.2,0.15,80,440,102.62,99.89,105.43,0.0259,0.0162,通过
优质处方,0.2,0.15,80,441,101.4,98.9,103.96,0.0139,0.015,通过
优质处方,0.2,0.15,80,442,101.92,98.88,105.05,0.019,0.0182,通过
优质处方,0.2,0.15,80,443,100.84,97.98,103.78,0.0083,0.0173,通过
优质处方,0.2,0.15,80,444,100.63,97.41,103.95,0.0063,0.0195,通过
优质处方,0.2,0.15,80,445,101.39,98.37,104.49,0.0138,0.0181,通过
优质处方,0.2,0.15,80,446,102.61,99.73,105.57,0.0257,0.0171,通过
优质处方,0.2,0.15,80,447,103.1,100.11,106.18,0.0305,0.0177,通过
优质处方,0.2,0.15,80,448,100.55,97.78,103.4,0.0055,0.0168,通过
优质处方,0.2,0.15,80,449,102.93,100.09,105.85,0.0289,0.0168,通过
优质处方,0.2,0.15,80,450,100.25,97.21,103.38,0.0025,0.0185,通过
优质处方,0.2,0.15,80,451,101.49,98.34,104.75,0.0148,0.019,通过
优质处方,0.2,0.15,80,452,102.39,99.35,105.53,0.0236,0.0181,通过
优质处方,0.2,0.15,80,453,103.89,100.84,107.04,0.0382,0.0179,通过
优质处方,0.2,0.15,80,454,98.99,96.22,101.84,-0.0102,0.017,通过
优质处方,0.2,0.15,80,455,102.31,99.82,104.85,0.0228,0.0147,通过
优质处方,0.2,0.15,80,456,104.79,101.65,108.03,0.0468,0.0183,通过
优质处方,0.2,0.15,80,457,102.56,99.61,105.59,0.0253,0.0175,通过
优质处方,0.2,0.15,80,458,101.46,98.58,104.43,0.0145,0.0173,通过
优质处方,0.2,0.15,80,459,101.56,98.8,104.41,0.0155,0.0166,通过
优质处方,0.2,0.15,80,460,100.87,97.83,104.01,0.0087,0.0184,通过
优质处方,0.2,0.15,80,461,98.43,95.54,101.4,-0.0158,0.0179,通过
优质处方,0.2,0.15,80,462,103.46,100.41,106.61,0.034,0.018,通过
优质处方,0.2,0.15,80,463,100.11,97.62,102.67,0.0011,0.0152,通过
优质处方,0.2,0.15,80,464,99.5,96.57,102.52,-0.005,0.018,通过
优质处方,0.2,0.15,80,465,105.08,101.81,108.46,0.0496,0.019,通过
优质处方,0.2,0.15,80,466,101.58,98.69,104.55,0.0157,0.0173,通过
优质处方,0.2,0.15,80,467,100.38,97.69,103.15,0.0038,0.0163,通过
优质处方,0.2,0.15,80,468,99.99,96.59,103.5,-0.0001,0.0208,通过
优质处方,0.2,0.15,80,469,102.23,99.26,105.29,0.0221,0.0177,通过
优质处方,0.2,0.15,80,470,98.35,95.62,101.15,-0.0166,0.0169,通过
优质处方,0.2,0.15,80,471,100.48,96.78,104.32,0.0048,0.0225,通过
优质处方,0.2,0.15,80,472,103.55,100.74,106.44,0.0349,0.0165,通过
优质处方,0.2,0.15,80,473,99.87,96.8,103.04,-0.0013,0.0188,通过
优质处方,0.2,0.15,80,474,102.25,99.45,105.12,0.0222,0.0166,通过
优质处方,0.2,0.15,80,475,98.32,95.32,101.42,-0.0169,0.0186,通过
优质处方,0.2,0.15,80,476,103.23,100.3,106.24,0.0318,0.0173,通过
优质处方,0.2,0.15,80,477,99.55,96.52,102.68,-0.0045,0.0186,通过
优质处方,0.2,0.15,80,478,100.12,97.67,102.62,0.0012,0.0148,通过
优质处方,0.2,0.15,80,479,102.39,99.46,105.41,0.0237,0.0175,通过
优质处方,0.2,0.15,80,480,100.15,97.29,103.09,0.0015,0.0174,通过
优质处方,0.2,0.15,80,481,98.35,95.42,101.37,-0.0167,0.0182,通过
优质处方,0.2,0.15,80,482,100.1,96.97,103.34,0.001,0.0191,通过
优质处方,0.2,0.15,80,483,100.88,98.06,103.78,0.0088,0.017,通过
优质处方,0.2,0.15,80,484,101.36,98.76,104.02,0.0135,0.0156,通过
优质处方,0.2,0.15,80,485,104.24,101.19,107.38,0.0416,0.0178,通过
优质处方,0.2,0.15,80,486,100.07,97.22,103.01,0.0007,0.0174,通过
优质处方,0.2,0.15,80,487,102.87,99.54,106.32,0.0283,0.0198,通过
优质处方,0.2,0.15,80,488,100.95,97.86,104.12,0.0094,0.0186,通过
优质处方,0.2,0.15,80,489,99.09,96.06,102.22,-0.0091,0.0187,通过
优质处方,0.2,0.15,80,490,101.7,98.82,104.67,0.0169,0.0173,通过
优质处方,0.2,0.15,80,491,102.21,99.34,105.17,0.0219,0.0172,通过
优质处方,0.2,0.15,80,492,99.57,96.64,102.58,-0.0044,0.0179,通过
优质处方,0.2,0.15,80,493,99.51,96.66,102.45,-0.0049,0.0174,通过
优质处方,0.2,0.15,80,494,100.76,97.48,104.15,0.0076,0.0199,通过
优质处方,0.2,0.15,80,495,101.33,98.38,104.36,0.0132,0.0177,通过
优质处方,0.2,0.15,80,496,100.36,97.38,103.44,0.0036,0.0181,通过
优质处方,0.2,0.15,80,497,101.35,98.04,104.77,0.0134,0.02,通过
优质处方,0.2,0.15,80,498,99.5,96.81,102.27,-0.005,0.0165,通过
优质处方,0.2,0.15,80,499,100.64,97.46,103.93,0.0064,0.0193,通过
优质处方,0.2,0.15,80,500,100.07,97.07,103.17,0.0007,0.0183,通过
优质处方,0.2,0.15,100,1,101.57,99.12,104.07,0.0155,0.0147,通过
优质处方,0.2,0.15,100,2,99.8,97.51,102.14,-0.002,0.014,通过
优质处方,0.2,0.15,100,3,100.67,98.13,103.28,0.0067,0.0154,通过
优质处方,0.2,0.15,100,4,99.01,96.45,101.65,-0.0099,0.0158,通过
优质处方,0.2,0.15,100,5,101.16,98.67,103.71,0.0115,0.015,通过
优质处方,0.2,0.15,100,6,97.32,94.95,99.75,-0.0272,0.0149,通过
优质处方,0.2,0.15,100,7,101.32,98.5,104.21,0.0131,0.017,通过
优质处方,0.2,0.15,100,8,100.54,97.84,103.32,0.0054,0.0164,通过
优质处方,0.2,0.15,100,9,98.47,96.14,100.85,-0.0154,0.0144,通过
优质处方,0.2,0.15,100,10,97.84,95.07,100.69,-0.0218,0.0173,通过
优质处方,0.2,0.15,100,11,102.22,99.58,104.93,0.0219,0.0158,通过
优质处方,0.2,0.15,100,12,101.21,98.76,103.73,0.0121,0.0148,通过
优质处方,0.2,0.15,100,13,99.21,96.83,101.64,-0.0079,0.0146,通过
优质处方,0.2,0.15,100,14,102.9,99.9,105.98,0.0285,0.0178,通过
优质处方,0.2,0.15,100,15,103.24,100.58,105.97,0.0319,0.0157,通过
优质处方,0.2,0.15,100,16,101.02,98.58,103.51,0.0101,0.0147,通过
优质处方,0.2,0.15,100,17,103.86,100.92,106.89,0.0379,0.0173,通过
优质处方,0.2,0.15,100,18,101.05,98.41,103.76,0.0104,0.0159,通过
优质处方,0.2,0.15,100,19,102.97,100.2,105.82,0.0293,0.0164,通过
优质处方,0.2,0.15,100,20,101.17,98.98,103.41,0.0117,0.0132,通过
优质处方,0.2,0.15,100,21,101.21,98.61,103.87,0.012,0.0156,通过
优质处方,0.2,0.15,100,22,100.71,98.58,102.88,0.0071,0.0129,通过
优质处方,0.2,0.15,100,23,100.56,98.14,103.03,0.0056,0.0147,通过
优质处方,0.2,0.15,100,24,101.49,98.81,104.24,0.0148,0.0161,通过
优质处方,0.2,0.15,100,25,104.2,101.68,106.78,0.0411,0.0147,通过
优质处方,0.2,0.15,100,26,102.69,100.24,105.21,0.0266,0.0146,通过
优质处方,0.2,0.15,100,27,100.02,97.37,102.75,0.0002,0.0162,通过
优质处方,0.2,0.15,100,28,101.26,98.5,104.09,0.0125,0.0166,通过
优质处方,0.2,0.15,100,29,101.78,99.42,104.2,0.0176,0.0141,通过
优质处方,0.2,0.15,100,30,100.36,98.06,102.72,0.0036,0.014,通过
优质处方,0.2,0.15,100,31,100.28,97.48,103.16,0.0028,0.017,通过
优质处方,0.2,0.15,100,32,98.98,96.62,101.39,-0.0103,0.0145,通过
优质处方,0.2,0.15,100,33,102.5,100.14,104.91,0.0247,0.014,通过
优质处方,0.2,0.15,100,34,101.98,99.59,104.41,0.0196,0.0142,通过
优质处方,0.2,0.15,100,35,100.1,97.63,102.64,0.001,0.0151,通过
优质处方,0.2,0.15,100,36,101.71,99.12,104.38,0.017,0.0155,通过
优质处方,0.2,0.15,100,37,98.62,96.08,101.23,-0.0139,0.0157,通过
优质处方,0.2,0.15,100,38,101.73,98.95,104.59,0.0172,0.0167,通过
优质处方,0.2,0.15,100,39,102.31,99.97,104.7,0.0228,0.0139,通过
优质处方,0.2,0.15,100,40,99.19,96.79,101.65,-0.0081,0.0147,通过
优质处方,0.2,0.15,100,41,104.01,101.47,106.62,0.0394,0.0149,通过
优质处方,0.2,0.15,100,42,101.18,98.67,103.76,0.0118,0.0152,通过
优质处方,0.2,0.15,100,43,102.18,99.44,104.99,0.0215,0.0164,通过
优质处方,0.2,0.15,100,44,99.11,96.5,101.79,-0.0089,0.0161,通过
优质处方,0.2,0.15,100,45,99.94,97.2,102.76,-0.0006,0.0168,通过
优质处方,0.2,0.15,100,46,101.31,98.21,104.51,0.013,0.0187,通过
优质处方,0.2,0.15,100,47,100.84,98.12,103.62,0.0083,0.0164,通过
优质处方,0.2,0.15,100,48,99.96,97.17,102.83,-0.0004,0.017,通过
优质处方,0.2,0.15,100,49,99.32,96.9,101.79,-0.0069,0.0148,通过
优质处方,0.2,0.15,100,50,101.85,99.14,104.63,0.0183,0.0162,通过
优质处方,0.2,0.15,100,51,101.96,99.21,104.79,0.0194,0.0165,通过
优质处方,0.2,0.15,100,52,101.51,99.01,104.07,0.015,0.015,通过
优质处方,0.2,0.15,100,53,99.3,96.67,102.0,-0.007,0.0161,通过
优质处方,0.2,0.15,100,54,99.46,96.96,102.02,-0.0054,0.0153,通过
优质处方,0.2,0.15,100,55,100.77,98.19,103.41,0.0076,0.0156,通过
优质处方,0.2,0.15,100,56,101.56,99.0,104.18,0.0154,0.0154,通过
优质处方,0.2,0.15,100,57,101.94,99.32,104.64,0.0192,0.0157,通过
优质处方,0.2,0.15,100,58,102.72,100.39,105.1,0.0268,0.0138,通过
优质处方,0.2,0.15,100,59,102.03,99.3,104.83,0.0201,0.0163,通过
优质处方,0.2,0.15,100,60,99.15,96.5,101.87,-0.0086,0.0163,通过
优质处方,0.2,0.15,100,61,97.65,95.35,100.0,-0.0238,0.0143,通过
优质处方,0.2,0.15,100,62,99.93,97.05,102.89,-0.0007,0.0176,通过
优质处方,0.2,0.15,100,63,100.54,97.65,103.52,0.0054,0.0176,通过
优质处方,0.2,0.15,100,64,102.69,99.86,105.61,0.0266,0.0169,通过
优质处方,0.2,0.15,100,65,98.26,95.64,100.95,-0.0175,0.0163,通过
优质处方,0.2,0.15,100,66,98.75,96.14,101.43,-0.0126,0.0161,通过
优质处方,0.2,0.15,100,67,99.12,96.34,101.98,-0.0088,0.0171,通过
优质处方,0.2,0.15,100,68,100.65,98.17,103.19,0.0065,0.015,通过
优质处方,0.2,0.15,100,69,102.75,100.02,105.55,0.0271,0.0162,通过
优质处方,0.2,0.15,100,70,104.25,101.49,107.08,0.0416,0.0161,通过
优质处方,0.2,0.15,100,71,100.71,98.35,103.13,0.0071,0.0143,通过
优质处方,0.2,0.15,100,72,102.36,99.72,105.07,0.0233,0.0157,通过
优质处方,0.2,0.15,100,73,100.65,97.99,103.39,0.0065,0.0161,通过
优质处方,0.2,0.15,100,74,100.77,98.33,103.27,0.0077,0.0148,通过
优质处方,0.2,0.15,100,75,100.55,98.06,103.11,0.0055,0.0151,通过
优质处方,0.2,0.15,100,76,100.38,97.89,102.93,0.0038,0.0151,通过
优质处方,0.2,0.15,100,77,102.76,100.26,105.33,0.0273,0.0149,通过
优质处方,0.2,0.15,100,78,100.65,98.11,103.25,0.0065,0.0154,通过
优质处方,0.2,0.15,100,79,101.44,98.74,104.21,0.0143,0.0162,通过
优质处方,0.2,0.15,100,80,101.62,99.06,104.25,0.0161,0.0154,通过
优质处方,0.2,0.15,100,81,98.77,96.25,101.36,-0.0124,0.0156,通过
优质处方,0.2,0.15,100,82,102.56,99.93,105.26,0.0253,0.0157,通过
优质处方,0.2,0.15,100,83,102.29,99.72,104.94,0.0227,0.0154,通过
优质处方,0.2,0.15,100,84,100.56,98.1,103.09,0.0056,0.0149,通过
优质处方,0.2,0.15,100,85,101.26,98.44,104.17,0.0126,0.017,通过
优质处方,0.2,0.15,100,86,98.16,95.45,100.95,-0.0186,0.0169,通过
优质处方,0.2,0.15,100,87,102.0,99.34,104.73,0.0198,0.0159,通过
优质处方,0.2,0.15,100,88,99.71,97.32,102.15,-0.0029,0.0146,通过
优质处方,0.2,0.15,100,89,100.69,98.0,103.46,0.0069,0.0163,通过
优质处方,0.2,0.15,100,90,98.81,96.37,101.3,-0.012,0.015,通过
优质处方,0.2,0.15,100,91,100.69,98.17,103.27,0.0069,0.0152,通过
优质处方,0.2,0.15,100,92,98.09,95.31,100.96,-0.0192,0.0174,通过
优质处方,0.2,0.15,100,93,100.64,98.19,103.15,0.0064,0.0149,通过
优质处方,0.2,0.15,100,94,99.91,97.07,102.83,-0.0009,0.0173,通过
优质处方,0.2,0.15,100,95,98.98,96.33,101.71,-0.0102,0.0164,通过
优质处方,0.2,0.15,100,96,101.88,99.42,104.39,0.0186,0.0147,通过
优质处方,0.2,0.15,100,97,101.75,98.92,104.67,0.0174,0.017,通过
优质处方,0.2,0.15,100,98,101.9,99.63,104.22,0.0188,0.0136,通过
优质处方,0.2,0.15,100,99,102.6,99.97,105.31,0.0257,0.0157,通过
优质处方,0.2,0.15,100,100,98.81,96.49,101.18,-0.012,0.0143,通过
优质处方,0.2,0.15,100,101,97.48,94.94,100.09,-0.0255,0.0159,通过
优质处方,0.2,0.15,100,102,101.11,98.45,103.84,0.011,0.0161,通过
优质处方,0.2,0.15,100,103,98.17,96.01,100.39,-0.0184,0.0134,通过
优质处方,0.2,0.15,100,104,101.27,98.53,104.09,0.0126,0.0165,通过
优质处方,0.2,0.15,100,105,104.16,101.6,106.79,0.0408,0.015,通过
优质处方,0.2,0.15,100,106,101.35,98.62,104.15,0.0134,0.0164,通过
优质处方,0.2,0.15,100,107,100.01,97.37,102.73,0.0001,0.0161,通过
优质处方,0.2,0.15,100,108,101.15,98.6,103.78,0.0115,0.0154,通过
优质处方,0.2,0.15,100,109,99.66,96.92,102.48,-0.0034,0.0168,通过
优质处方,0.2,0.15,100,110,102.88,100.34,105.48,0.0284,0.015,通过
优质处方,0.2,0.15,100,111,101.39,98.98,103.86,0.0139,0.0145,通过
优质处方,0.2,0.15,100,112,99.61,96.9,102.39,-0.0039,0.0166,通过
优质处方,0.2,0.15,100,113,97.99,95.36,100.7,-0.0203,0.0164,通过
优质处方,0.2,0.15,100,114,100.3,97.65,103.03,0.003,0.0161,通过
优质处方,0.2,0.15,100,115,100.69,98.23,103.21,0.0069,0.0149,通过
优质处方,0.2,0.15,100,116,100.47,97.77,103.25,0.0047,0.0164,通过
优质处方,0.2,0.15,100,117,102.66,100.19,105.2,0.0263,0.0147,通过
优质处方,0.2,0.15,100,118,100.81,98.3,103.38,0.0081,0.0152,通过
优质处方,0.2,0.15,100,119,99.44,96.65,102.31,-0.0056,0.0171,通过
优质处方,0.2,0.15,100,120,99.17,96.69,101.72,-0.0083,0.0153,通过
优质处方,0.2,0.15,100,121,102.32,99.67,105.04,0.0229,0.0158,通过
优质处方,0.2,0.15,100,122,100.74,97.95,103.62,0.0074,0.017,通过
优质处方,0.2,0.15,100,123,98.23,95.79,100.72,-0.0179,0.0151,通过
优质处方,0.2,0.15,100,124,96.43,93.74,99.2,-0.0363,0.017,通过
优质处方,0.2,0.15,100,125,102.18,99.32,105.12,0.0215,0.0171,通过
优质处方,0.2,0.15,100,126,101.97,99.57,104.43,0.0195,0.0144,通过
优质处方,0.2,0.15,100,127,100.65,98.17,103.19,0.0064,0.015,通过
优质处方,0.2,0.15,100,128,102.1,99.59,104.67,0.0208,0.015,通过
优质处方,0.2,0.15,100,129,104.78,102.24,107.38,0.0467,0.0148,通过
优质处方,0.2,0.15,100,130,100.83,98.42,103.3,0.0083,0.0146,通过
优质处方,0.2,0.15,100,131,100.35,97.71,103.07,0.0035,0.0161,通过
优质处方,0.2,0.15,100,132,102.2,99.64,104.83,0.0218,0.0153,通过
优质处方,0.2,0.15,100,133,102.51,99.53,105.59,0.0248,0.0178,通过
优质处方,0.2,0.15,100,134,100.77,98.05,103.58,0.0077,0.0165,通过
优质处方,0.2,0.15,100,135,102.78,99.88,105.76,0.0274,0.0172,通过
优质处方,0.2,0.15,100,136,102.67,100.36,105.03,0.0263,0.0137,通过
优质处方,0.2,0.15,100,137,101.32,98.54,104.18,0.0132,0.0167,通过
优质处方,0.2,0.15,100,138,101.64,99.1,104.25,0.0163,0.0153,通过
优质处方,0.2,0.15,100,139,102.85,100.25,105.51,0.0281,0.0154,通过
优质处方,0.2,0.15,100,140,101.35,98.69,104.08,0.0134,0.016,通过
优质处方,0.2,0.15,100,141,101.23,98.52,104.02,0.0123,0.0164,通过
优质处方,0.2,0.15,100,142,102.78,100.14,105.49,0.0274,0.0157,通过
优质处方,0.2,0.15,100,143,99.75,97.29,102.28,-0.0025,0.0151,通过
优质处方,0.2,0.15,100,144,102.67,99.98,105.43,0.0263,0.016,通过
优质处方,0.2,0.15,100,145,101.79,99.04,104.61,0.0177,0.0165,通过
优质处方,0.2,0.15,100,146,96.12,93.69,98.61,-0.0396,0.0154,通过
优质处方,0.2,0.15,100,147,101.48,99.31,103.71,0.0147,0.0131,通过
优质处方,0.2,0.15,100,148,102.96,100.04,105.95,0.0291,0.0173,通过
优质处方,0.2,0.15,100,149,102.38,99.53,105.31,0.0235,0.017,通过
优质处方,0.2,0.15,100,150,99.0,96.41,101.65,-0.0101,0.016,通过
优质处方,0.2,0.15,100,151,99.52,97.16,101.95,-0.0048,0.0145,通过
优质处方,0.2,0.15,100,152,100.53,97.87,103.27,0.0053,0.0162,通过
优质处方,0.2,0.15,100,153,99.93,97.28,102.64,-0.0007,0.0161,通过
优质处方,0.2,0.15,100,154,103.27,100.47,106.13,0.0321,0.0165,通过
优质处方,0.2,0.15,100,155,99.19,96.69,101.75,-0.0082,0.0154,通过
优质处方,0.2,0.15,100,156,100.38,97.83,103.0,0.0038,0.0155,通过
优质处方,0.2,0.15,100,157,101.03,98.26,103.87,0.0102,0.0167,通过
优质处方,0.2,0.15,100,158,100.91,98.38,103.51,0.0091,0.0153,通过
优质处方,0.2,0.15,100,159,101.29,98.6,104.05,0.0128,0.0162,通过
优质处方,0.2,0.15,100,160,101.21,98.74,103.75,0.012,0.0149,通过
优质处方,0.2,0.15,100,161,99.15,96.6,101.76,-0.0086,0.0157,通过
优质处方,0.2,0.15,100,162,103.0,100.34,105.72,0.0295,0.0157,通过
优质处方,0.2,0.15,100,163,102.04,99.27,104.89,0.0202,0.0166,通过
优质处方,0.2,0.15,100,164,101.43,98.75,104.19,0.0142,0.0161,通过
优质处方,0.2,0.15,100,165,101.05,98.7,103.45,0.0104,0.0141,通过
优质处方,0.2,0.15,100,166,105.14,102.51,107.84,0.0501,0.0153,通过
优质处方,0.2,0.15,100,167,101.16,98.51,103.89,0.0116,0.016,通过
优质处方,0.2,0.15,100,168,100.34,97.42,103.34,0.0034,0.0178,通过
优质处方,0.2,0.15,100,169,98.57,95.64,101.58,-0.0144,0.0181,通过
优质处方,0.2,0.15,100,170,98.63,96.1,101.22,-0.0138,0.0156,通过
优质处方,0.2,0.15,100,171,100.91,97.92,103.98,0.009,0.0181,通过
优质处方,0.2,0.15,100,172,99.36,96.24,102.59,-0.0064,0.0193,通过
优质处方,0.2,0.15,100,173,99.65,97.23,102.14,-0.0035,0.0148,通过
优质处方,0.2,0.15,100,174,99.99,97.45,102.6,-0.0001,0.0155,通过
优质处方,0.2,0.15,100,175,102.29,99.78,104.86,0.0226,0.015,通过
优质处方,0.2,0.15,100,176,99.73,97.34,102.18,-0.0027,0.0146,通过
优质处方,0.2,0.15,100,177,102.11,99.29,105.0,0.0208,0.0168,通过
优质处方,0.2,0.15,100,178,101.53,98.89,104.24,0.0152,0.0159,通过
优质处方,0.2,0.15,100,179,101.11,98.61,103.67,0.0111,0.0151,通过
优质处方,0.2,0.15,100,180,99.35,96.71,102.06,-0.0065,0.0162,通过
优质处方,0.2,0.15,100,181,102.61,99.98,105.32,0.0258,0.0157,通过
优质处方,0.2,0.15,100,182,100.88,98.49,103.32,0.0087,0.0144,通过
优质处方,0.2,0.15,100,183,103.11,100.4,105.9,0.0306,0.0161,通过
优质处方,0.2,0.15,100,184,102.27,99.7,104.92,0.0225,0.0154,通过
优质处方,0.2,0.15,100,185,103.67,101.29,106.1,0.036,0.014,通过
优质处方,0.2,0.15,100,186,103.35,100.82,105.94,0.033,0.0149,通过
优质处方,0.2,0.15,100,187,99.25,96.43,102.14,-0.0076,0.0173,通过
优质处方,0.2,0.15,100,188,102.44,99.9,105.04,0.0241,0.0151,通过
优质处方,0.2,0.15,100,189,100.68,98.38,103.04,0.0068,0.0139,通过
优质处方,0.2,0.15,100,190,101.39,98.86,103.99,0.0138,0.0152,通过
优质处方,0.2,0.15,100,191,101.3,98.44,104.24,0.0129,0.0172,通过
优质处方,0.2,0.15,100,192,100.63,97.71,103.64,0.0063,0.0177,通过
优质处方,0.2,0.15,100,193,102.09,99.53,104.72,0.0207,0.0153,通过
优质处方,0.2,0.15,100,194,99.43,96.86,102.07,-0.0057,0.0158,通过
优质处方,0.2,0.15,100,195,101.96,99.09,104.92,0.0194,0.0172,通过
优质处方,0.2,0.15,100,196,100.77,98.58,103.01,0.0077,0.0132,通过
优质处方,0.2,0.15,100,197,101.69,99.12,104.32,0.0167,0.0154,通过
优质处方,0.2,0.15,100,198,102.52,100.01,105.1,0.0249,0.0149,通过
优质处方,0.2,0.15,100,199,99.95,97.6,102.37,-0.0005,0.0144,通过
优质处方,0.2,0.15,100,200,97.76,95.52,100.05,-0.0227,0.014,通过
优质处方,0.2,0.15,100,201,99.85,97.03,102.74,-0.0015,0.0172,通过
优质处方,0.2,0.15,100,202,98.87,96.07,101.76,-0.0113,0.0173,通过
优质处方,0.2,0.15,100,203,102.12,99.44,104.87,0.021,0.016,通过
优质处方,0.2,0.15,100,204,98.35,95.93,100.83,-0.0166,0.015,通过
优质处方,0.2,0.15,100,205,100.23,97.65,102.87,0.0023,0.0157,通过
优质处方,0.2,0.15,100,206,100.76,98.57,103.0,0.0076,0.0132,通过
优质处方,0.2,0.15,100,207,101.71,99.3,104.18,0.017,0.0145,通过
优质处方,0.2,0.15,100,208,101.49,98.86,104.19,0.0148,0.0158,通过
优质处方,0.2,0.15,100,209,98.42,95.96,100.95,-0.0159,0.0153,通过
优质处方,0.2,0.15,100,210,102.22,99.45,105.07,0.0219,0.0166,通过
优质处方,0.2,0.15,100,211,102.33,99.92,104.8,0.023,0.0144,通过
优质处方,0.2,0.15,100,212,101.82,99.09,104.62,0.018,0.0164,通过
优质处方,0.2,0.15,100,213,101.28,98.7,103.92,0.0127,0.0155,通过
优质处方,0.2,0.15,100,214,97.48,94.94,100.09,-0.0255,0.0159,通过
优质处方,0.2,0.15,100,215,98.69,96.06,101.4,-0.0131,0.0163,通过
优质处方,0.2,0.15,100,216,100.6,98.15,103.12,0.006,0.0149,通过
优质处方,0.2,0.15,100,217,101.99,99.28,104.78,0.0197,0.0162,通过
优质处方,0.2,0.15,100,218,100.82,98.48,103.22,0.0082,0.0142,通过
优质处方,0.2,0.15,100,219,100.76,98.31,103.26,0.0076,0.0148,通过
优质处方,0.2,0.15,100,220,101.47,98.7,104.33,0.0146,0.0167,通过
优质处方,0.2,0.15,100,221,101.75,99.03,104.53,0.0173,0.0163,通过
优质处方,0.2,0.15,100,222,99.32,96.61,102.1,-0.0069,0.0166,通过
优质处方,0.2,0.15,100,223,100.49,97.92,103.12,0.0049,0.0156,通过
优质处方,0.2,0.15,100,224,102.36,99.79,105.0,0.0234,0.0153,通过
优质处方,0.2,0.15,100,225,100.77,98.13,103.47,0.0077,0.016,通过
优质处方,0.2,0.15,100,226,102.95,100.28,105.68,0.0291,0.0158,通过
优质处方,0.2,0.15,100,227,100.28,97.8,102.82,0.0028,0.0151,通过
优质处方,0.2,0.15,100,228,99.99,97.24,102.82,-0.0001,0.0168,通过
优质处方,0.2,0.15,100,229,97.42,95.01,99.89,-0.0262,0.0151,通过
优质处方,0.2,0.15,100,230,101.89,99.22,104.64,0.0187,0.016,通过
优质处方,0.2,0.15,100,231,102.78,99.99,105.65,0.0275,0.0166,通过
优质处方,0.2,0.15,100,232,104.2,101.27,107.2,0.0411,0.0171,通过
优质处方,0.2,0.15,100,233,101.72,99.15,104.35,0.017,0.0154,通过
优质处方,0.2,0.15,100,234,100.06,97.06,103.16,0.0006,0.0183,通过
优质处方,0.2,0.15,100,235,99.78,97.3,102.32,-0.0022,0.0151,通过
优质处方,0.2,0.15,100,236,98.23,95.78,100.74,-0.0179,0.0152,通过
优质处方,0.2,0.15,100,237,101.16,98.84,103.53,0.0115,0.0139,通过
优质处方,0.2,0.15,100,238,102.91,100.64,105.24,0.0287,0.0135,通过
优质处方,0.2,0.15,100,239,99.72,97.47,102.01,-0.0028,0.0137,通过
优质处方,0.2,0.15,100,240,102.25,99.4,105.18,0.0222,0.017,通过
优质处方,0.2,0.15,100,241,99.78,97.4,102.22,-0.0022,0.0146,通过
优质处方,0.2,0.15,100,242,100.75,98.04,103.52,0.0074,0.0164,通过
优质处方,0.2,0.15,100,243,103.38,100.99,105.81,0.0332,0.014,通过
优质处方,0.2,0.15,100,244,100.12,97.6,102.71,0.0012,0.0154,通过
优质处方,0.2,0.15,100,245,100.26,97.79,102.79,0.0026,0.015,通过
优质处方,0.2,0.15,100,246,100.7,98.08,103.39,0.007,0.0159,通过
优质处方,0.2,0.15,100,247,101.54,98.82,104.33,0.0153,0.0163,通过
优质处方,0.2,0.15,100,248,101.34,98.8,103.95,0.0134,0.0153,通过
优质处方,0.2,0.15,100,249,100.05,97.73,102.43,0.0005,0.0141,通过
优质处方,0.2,0.15,100,250,100.06,97.5,102.68,0.0006,0.0156,通过
优质处方,0.2,0.15,100,251,100.0,97.6,102.46,0.0,0.0146,通过
优质处方,0.2,0.15,100,252,102.41,99.86,105.02,0.0238,0.0152,通过
优质处方,0.2,0.15,100,253,100.69,98.09,103.35,0.0069,0.0157,通过
优质处方,0.2,0.15,100,254,102.23,99.48,105.06,0.0221,0.0164,通过
优质处方,0.2,0.15,100,255,103.2,100.55,105.91,0.0315,0.0156,通过
优质处方,0.2,0.15,100,256,99.85,96.98,102.81,-0.0015,0.0176,通过
优质处方,0.2,0.15,100,257,99.17,96.61,101.81,-0.0083,0.0158,通过
优质处方,0.2,0.15,100,258,100.49,97.84,103.21,0.0049,0.0161,通过
优质处方,0.2,0.15,100,259,101.61,99.51,103.75,0.0159,0.0125,通过
优质处方,0.2,0.15,100,260,103.67,101.17,106.23,0.036,0.0147,通过
优质处方,0.2,0.15,100,261,100.4,97.52,103.36,0.004,0.0175,通过
优质处方,0.2,0.15,100,262,100.4,97.47,103.42,0.004,0.0179,通过
优质处方,0.2,0.15,100,263,101.43,98.93,104.0,0.0142,0.015,通过
优质处方,0.2,0.15,100,264,100.68,98.16,103.25,0.0067,0.0152,通过
优质处方,0.2,0.15,100,265,103.63,100.91,106.43,0.0357,0.016,通过
优质处方,0.2,0.15,100,266,101.81,98.96,104.74,0.0179,0.0171,通过
优质处方,0.2,0.15,100,267,103.41,101.15,105.72,0.0335,0.0133,通过
优质处方,0.2,0.15,100,268,100.65,97.89,103.48,0.0064,0.0167,通过
优质处方,0.2,0.15,100,269,100.1,97.45,102.82,0.001,0.0161,通过
优质处方,0.2,0.15,100,270,102.78,100.09,105.53,0.0274,0.0159,通过
优质处方,0.2,0.15,100,271,101.2,98.67,103.79,0.0119,0.0152,通过
优质处方,0.2,0.15,100,272,102.33,99.67,105.06,0.023,0.0159,通过
优质处方,0.2,0.15,100,273,105.24,102.34,108.23,0.0511,0.0168,通过
优质处方,0.2,0.15,100,274,100.73,98.1,103.43,0.0073,0.0159,通过
优质处方,0.2,0.15,100,275,99.07,96.24,101.98,-0.0094,0.0174,通过
优质处方,0.2,0.15,100,276,100.92,98.53,103.37,0.0092,0.0144,通过
优质处方,0.2,0.15,100,277,101.41,98.89,103.99,0.014,0.0151,通过
优质处方,0.2,0.15,100,278,102.41,99.74,105.16,0.0239,0.0159,通过
优质处方,0.2,0.15,100,279,98.98,96.4,101.64,-0.0102,0.016,通过
优质处方,0.2,0.15,100,280,102.19,99.56,104.89,0.0217,0.0157,通过
优质处方,0.2,0.15,100,281,102.15,99.52,104.85,0.0213,0.0157,通过
优质处方,0.2,0.15,100,282,100.77,98.14,103.48,0.0077,0.016,通过
优质处方,0.2,0.15,100,283,101.78,99.22,104.42,0.0177,0.0154,通过
优质处方,0.2,0.15,100,284,99.59,97.07,102.17,-0.0041,0.0154,通过
优质处方,0.2,0.15,100,285,102.14,99.37,104.99,0.0212,0.0166,通过
优质处方,0.2,0.15,100,286,99.18,96.7,101.73,-0.0082,0.0153,通过
优质处方,0.2,0.15,100,287,100.26,97.99,102.59,0.0026,0.0138,通过
优质处方,0.2,0.15,100,288,101.62,99.07,104.23,0.016,0.0153,通过
优质处方,0.2,0.15,100,289,98.74,96.36,101.18,-0.0127,0.0147,通过
优质处方,0.2,0.15,100,290,102.53,99.62,105.52,0.0249,0.0173,通过
优质处方,0.2,0.15,100,291,102.06,99.46,104.72,0.0204,0.0155,通过
优质处方,0.2,0.15,100,292,100.82,97.99,103.74,0.0082,0.0172,通过
优质处方,0.2,0.15,100,293,101.85,99.15,104.61,0.0183,0.0161,通过
优质处方,0.2,0.15,100,294,98.62,96.33,100.97,-0.0139,0.0142,通过
优质处方,0.2,0.15,100,295,98.85,96.48,101.27,-0.0116,0.0146,通过
优质处方,0.2,0.15,100,296,98.78,96.41,101.21,-0.0123,0.0146,通过
优质处方,0.2,0.15,100,297,99.63,97.14,102.19,-0.0037,0.0153,通过
优质处方,0.2,0.15,100,298,100.33,97.8,102.92,0.0033,0.0154,通过
优质处方,0.2,0.15,100,299,98.93,96.36,101.58,-0.0107,0.0159,通过
优质处方,0.2,0.15,100,300,103.02,100.43,105.67,0.0297,0.0153,通过
优质处方,0.2,0.15,100,301,98.58,96.31,100.91,-0.0143,0.014,通过
优质处方,0.2,0.15,100,302,101.21,98.69,103.8,0.0121,0.0152,通过
优质处方,0.2,0.15,100,303,101.88,99.35,104.47,0.0186,0.0151,通过
优质处方,0.2,0.15,100,304,99.4,97.08,101.77,-0.006,0.0142,通过
优质处方,0.2,0.15,100,305,99.33,96.73,101.99,-0.0068,0.0159,通过
优质处方,0.2,0.15,100,306,101.27,98.76,103.84,0.0126,0.0151,通过
优质处方,0.2,0.15,100,307,99.41,96.88,102.01,-0.0059,0.0155,通过
优质处方,0.2,0.15,100,308,100.44,98.32,102.61,0.0044,0.0129,通过
优质处方,0.2,0.15,100,309,101.35,98.87,103.9,0.0135,0.0149,通过
优质处方,0.2,0.15,100,310,99.45,96.89,102.07,-0.0055,0.0157,通过
优质处方,0.2,0.15,100,311,103.14,100.39,105.97,0.0309,0.0163,通过
优质处方,0.2,0.15,100,312,101.18,98.98,103.43,0.0118,0.0132,通过
优质处方,0.2,0.15,100,313,101.25,98.59,103.97,0.0124,0.016,通过
优质处方,0.2,0.15,100,314,99.87,97.55,102.25,-0.0013,0.0142,通过
优质处方,0.2,0.15,100,315,101.57,98.75,104.48,0.0156,0.017,通过
优质处方,0.2,0.15,100,316,99.51,96.8,102.31,-0.0049,0.0167,通过
优质处方,0.2,0.15,100,317,99.1,96.87,101.39,-0.009,0.0137,通过
优质处方,0.2,0.15,100,318,100.89,98.47,103.37,0.0089,0.0146,通过
优质处方,0.2,0.15,100,319,101.1,98.56,103.71,0.011,0.0153,通过
优质处方,0.2,0.15,100,320,99.92,97.67,102.23,-0.0008,0.0137,通过
优质处方,0.2,0.15,100,321,98.7,96.11,101.37,-0.0131,0.0161,通过
优质处方,0.2,0.15,100,322,99.12,96.62,101.7,-0.0088,0.0154,通过
优质处方,0.2,0.15,100,323,102.72,100.03,105.48,0.0268,0.016,通过
优质处方,0.2,0.15,100,324,104.59,101.85,107.4,0.0448,0.016,通过
优质处方,0.2,0.15,100,325,99.78,97.25,102.38,-0.0022,0.0155,通过
优质处方,0.2,0.15,100,326,102.89,100.39,105.45,0.0285,0.0148,通过
优质处方,0.2,0.15,100,327,100.22,97.53,102.99,0.0022,0.0164,通过
优质处方,0.2,0.15,100,328,99.04,96.04,102.12,-0.0097,0.0185,通过
优质处方,0.2,0.15,100,329,100.62,98.05,103.26,0.0062,0.0156,通过
优质处方,0.2,0.15,100,330,99.78,96.9,102.75,-0.0022,0.0176,通过
优质处方,0.2,0.15,100,331,97.56,95.04,100.15,-0.0247,0.0158,通过
优质处方,0.2,0.15,100,332,102.86,100.13,105.66,0.0282,0.0162,通过
优质处方,0.2,0.15,100,333,99.69,97.59,101.84,-0.0031,0.0128,通过
优质处方,0.2,0.15,100,334,101.49,99.08,103.95,0.0148,0.0144,通过
优质处方,0.2,0.15,100,335,99.97,97.24,102.77,-0.0003,0.0167,通过
优质处方,0.2,0.15,100,336,102.46,99.56,105.45,0.0243,0.0173,通过
优质处方,0.2,0.15,100,337,101.12,98.58,103.73,0.0111,0.0153,通过
优质处方,0.2,0.15,100,338,101.32,98.93,103.77,0.0132,0.0144,通过
优质处方,0.2,0.15,100,339,100.0,97.25,102.81,-0.0,0.0167,通过
优质处方,0.2,0.15,100,340,100.59,97.88,103.38,0.0059,0.0165,通过
优质处方,0.2,0.15,100,341,101.64,98.99,104.36,0.0163,0.0159,通过
优质处方,0.2,0.15,100,342,99.02,96.51,101.6,-0.0098,0.0155,通过
优质处方,0.2,0.15,100,343,102.64,99.96,105.38,0.026,0.0159,通过
优质处方,0.2,0.15,100,344,100.31,97.93,102.75,0.0031,0.0145,通过
优质处方,0.2,0.15,100,345,99.84,97.36,102.39,-0.0016,0.0152,通过
优质处方,0.2,0.15,100,346,101.39,98.39,104.47,0.0138,0.0181,通过
优质处方,0.2,0.15,100,347,98.87,96.34,101.46,-0.0114,0.0156,通过
优质处方,0.2,0.15,100,348,100.26,97.85,102.73,0.0026,0.0147,通过
优质处方,0.2,0.15,100,349,99.38,96.88,101.95,-0.0062,0.0154,通过
优质处方,0.2,0.15,100,350,100.93,98.25,103.69,0.0093,0.0162,通过
优质处方,0.2,0.15,100,351,100.55,97.96,103.2,0.0054,0.0157,通过
优质处方,0.2,0.15,100,352,102.32,99.89,104.81,0.0229,0.0145,通过
优质处方,0.2,0.15,100,353,102.23,99.71,104.8,0.022,0.015,通过
优质处方,0.2,0.15,100,354,102.35,99.86,104.9,0.0232,0.0148,通过
优质处方,0.2,0.15,100,355,99.57,96.73,102.48,-0.0044,0.0174,通过
优质处方,0.2,0.15,100,356,98.45,95.92,101.04,-0.0157,0.0157,通过
优质处方,0.2,0.15,100,357,105.43,102.42,108.54,0.0529,0.0175,通过
优质处方,0.2,0.15,100,358,100.19,97.61,102.83,0.0019,0.0157,通过
优质处方,0.2,0.15,100,359,98.95,96.17,101.81,-0.0105,0.0172,通过
优质处方,0.2,0.15,100,360,102.67,100.14,105.25,0.0263,0.015,通过
优质处方,0.2,0.15,100,361,101.53,98.71,104.43,0.0152,0.0169,通过
优质处方,0.2,0.15,100,362,99.14,96.51,101.83,-0.0087,0.0162,通过
优质处方,0.2,0.15,100,363,101.75,98.97,104.61,0.0174,0.0167,通过
优质处方,0.2,0.15,100,364,102.09,99.36,104.9,0.0207,0.0163,通过
优质处方,0.2,0.15,100,365,99.9,97.18,102.69,-0.001,0.0166,通过
优质处方,0.2,0.15,100,366,100.6,97.99,103.28,0.006,0.0158,通过
优质处方,0.2,0.15,100,367,101.83,99.04,104.7,0.0182,0.0167,通过
优质处方,0.2,0.15,100,368,102.01,99.58,104.5,0.0199,0.0145,通过
优质处方,0.2,0.15,100,369,101.94,99.11,104.85,0.0192,0.0169,通过
优质处方,0.2,0.15,100,370,102.82,99.81,105.92,0.0278,0.0179,通过
优质处方,0.2,0.15,100,371,103.17,100.48,105.93,0.0312,0.0159,通过
优质处方,0.2,0.15,100,372,101.14,98.25,104.13,0.0114,0.0175,通过
优质处方,0.2,0.15,100,373,100.61,98.07,103.22,0.0061,0.0154,通过
优质处方,0.2,0.15,100,374,103.27,100.81,105.8,0.0322,0.0145,通过
优质处方,0.2,0.15,100,375,102.55,99.4,105.8,0.0252,0.0188,通过
优质处方,0.2,0.15,100,376,102.28,99.68,104.95,0.0225,0.0155,通过
优质处方,0.2,0.15,100,377,99.79,97.5,102.13,-0.0021,0.014,通过
优质处方,0.2,0.15,100,378,102.31,99.95,104.74,0.0229,0.0141,通过
优质处方,0.2,0.15,100,379,100.9,98.45,103.42,0.009,0.0148,通过
优质处方,0.2,0.15,100,380,101.96,99.52,104.47,0.0195,0.0146,通过
优质处方,0.2,0.15,100,381,99.94,97.36,102.59,-0.0006,0.0158,通过
优质处方,0.2,0.15,100,382,103.57,101.36,105.84,0.0351,0.013,通过
优质处方,0.2,0.15,100,383,103.47,100.89,106.11,0.0341,0.0152,通过
优质处方,0.2,0.15,100,384,103.89,100.94,106.93,0.0382,0.0174,通过
优质处方,0.2,0.15,100,385,102.55,100.04,105.12,0.0252,0.0149,通过
优质处方,0.2,0.15,100,386,104.42,101.88,107.02,0.0432,0.0148,通过
优质处方,0.2,0.15,100,387,103.26,100.99,105.58,0.032,0.0134,通过
优质处方,0.2,0.15,100,388,100.9,98.21,103.66,0.0089,0.0163,通过
优质处方,0.2,0.15,100,389,101.81,99.25,104.44,0.018,0.0154,通过
优质处方,0.2,0.15,100,390,98.99,96.63,101.41,-0.0102,0.0145,通过
优质处方,0.2,0.15,100,391,100.61,98.1,103.19,0.0061,0.0152,通过
优质处方,0.2,0.15,100,392,103.89,101.41,106.44,0.0382,0.0146,通过
优质处方,0.2,0.15,100,393,96.92,94.27,99.64,-0.0313,0.0167,通过
优质处方,0.2,0.15,100,394,100.04,97.49,102.65,0.0004,0.0155,通过
优质处方,0.2,0.15,100,395,99.89,96.99,102.87,-0.0011,0.0177,通过
优质处方,0.2,0.15,100,396,98.54,96.11,101.03,-0.0147,0.015,通过
优质处方,0.2,0.15,100,397,101.71,99.0,104.48,0.0169,0.0162,通过
优质处方,0.2,0.15,100,398,99.36,96.76,102.02,-0.0065,0.016,通过
优质处方,0.2,0.15,100,399,101.19,98.58,103.86,0.0118,0.0157,通过
优质处方,0.2,0.15,100,400,104.27,101.62,106.99,0.0418,0.0155,通过
优质处方,0.2,0.15,100,401,99.8,97.4,102.26,-0.002,0.0147,通过
优质处方,0.2,0.15,100,402,101.31,98.92,103.75,0.013,0.0144,通过
优质处方,0.2,0.15,100,403,104.09,101.41,106.84,0.0401,0.0157,通过
优质处方,0.2,0.15,100,404,102.95,100.38,105.58,0.0291,0.0152,通过
优质处方,0.2,0.15,100,405,100.7,98.22,103.23,0.0069,0.015,通过
优质处方,0.2,0.15,100,406,101.45,98.69,104.28,0.0144,0.0166,通过
优质处方,0.2,0.15,100,407,100.21,97.7,102.79,0.0021,0.0153,通过
优质处方,0.2,0.15,100,408,100.06,97.26,102.94,0.0006,0.0171,通过
优质处方,0.2,0.15,100,409,100.52,97.98,103.12,0.0052,0.0154,通过
优质处方,0.2,0.15,100,410,99.17,96.98,101.41,-0.0083,0.0134,通过
优质处方,0.2,0.15,100,411,103.87,101.07,106.73,0.0379,0.0164,通过
优质处方,0.2,0.15,100,412,102.87,100.11,105.71,0.0283,0.0164,通过
优质处方,0.2,0.15,100,413,104.58,101.9,107.32,0.0448,0.0156,通过
优质处方,0.2,0.15,100,414,100.86,98.37,103.42,0.0086,0.0151,通过
优质处方,0.2,0.15,100,415,104.6,101.98,107.29,0.045,0.0153,通过
优质处方,0.2,0.15,100,416,101.42,98.75,104.17,0.0141,0.0161,通过
优质处方,0.2,0.15,100,417,101.04,98.4,103.75,0.0104,0.0159,通过
优质处方,0.2,0.15,100,418,101.04,98.35,103.8,0.0103,0.0163,通过
优质处方,0.2,0.15,100,419,103.44,100.95,105.99,0.0338,0.0147,通过
优质处方,0.2,0.15,100,420,101.43,98.53,104.41,0.0142,0.0174,通过
优质处方,0.2,0.15,100,421,101.1,98.69,103.58,0.011,0.0146,通过
优质处方,0.2,0.15,100,422,99.44,97.11,101.83,-0.0056,0.0143,通过
优质处方,0.2,0.15,100,423,99.01,96.46,101.63,-0.01,0.0157,通过
优质处方,0.2,0.15,100,424,102.88,100.12,105.71,0.0283,0.0163,通过
优质处方,0.2,0.15,100,425,101.67,98.91,104.5,0.0165,0.0165,通过
优质处方,0.2,0.15,100,426,103.84,101.1,106.66,0.0377,0.0161,通过
优质处方,0.2,0.15,100,427,98.01,95.49,100.59,-0.0201,0.0157,通过
优质处方,0.2,0.15,100,428,101.02,98.25,103.86,0.0101,0.0167,通过
优质处方,0.2,0.15,100,429,99.32,96.49,102.23,-0.0069,0.0174,通过
优质处方,0.2,0.15,100,430,97.79,95.29,100.36,-0.0223,0.0156,通过
优质处方,0.2,0.15,100,431,98.61,95.74,101.57,-0.014,0.0178,通过
优质处方,0.2,0.15,100,432,101.6,98.71,104.57,0.0158,0.0174,通过
优质处方,0.2,0.15,100,433,99.55,97.36,101.79,-0.0045,0.0134,通过
优质处方,0.2,0.15,100,434,100.8,98.13,103.54,0.0079,0.0161,通过
优质处方,0.2,0.15,100,435,102.3,99.72,104.95,0.0228,0.0154,通过
优质处方,0.2,0.15,100,436,99.24,96.43,102.13,-0.0076,0.0173,通过
优质处方,0.2,0.15,100,437,101.48,98.97,104.05,0.0147,0.0151,通过
优质处方,0.2,0.15,100,438,100.5,97.91,103.15,0.0049,0.0157,通过
优质处方,0.2,0.15,100,439,102.23,99.73,104.79,0.0221,0.0149,通过
优质处方,0.2,0.15,100,440,104.59,101.93,107.33,0.0449,0.0155,通过
优质处方,0.2,0.15,100,441,102.77,100.12,105.48,0.0273,0.0157,通过
优质处方,0.2,0.15,100,442,100.9,98.31,103.56,0.0089,0.0157,通过
优质处方,0.2,0.15,100,443,99.72,97.18,102.32,-0.0028,0.0155,通过
优质处方,0.2,0.15,100,444,103.08,100.6,105.61,0.0303,0.0146,通过
优质处方,0.2,0.15,100,445,103.29,100.56,106.1,0.0324,0.0161,通过
优质处方,0.2,0.15,100,446,101.39,98.91,103.94,0.0138,0.0149,通过
优质处方,0.2,0.15,100,447,102.4,99.92,104.94,0.0237,0.0148,通过
优质处方,0.2,0.15,100,448,99.97,97.46,102.54,-0.0003,0.0153,通过
优质处方,0.2,0.15,100,449,98.52,96.07,101.03,-0.0149,0.0152,通过
优质处方,0.2,0.15,100,450,97.66,95.25,100.12,-0.0237,0.015,通过
优质处方,0.2,0.15,100,451,101.08,98.31,103.92,0.0107,0.0167,通过
优质处方,0.2,0.15,100,452,100.55,97.79,103.37,0.0054,0.0167,通过
优质处方,0.2,0.15,100,453,101.37,98.74,104.06,0.0136,0.0158,通过
优质处方,0.2,0.15,100,454,101.85,99.48,104.28,0.0184,0.0142,通过
优质处方,0.2,0.15,100,455,102.32,99.78,104.92,0.0229,0.0151,通过
优质处方,0.2,0.15,100,456,103.04,100.35,105.79,0.0299,0.0159,通过
优质处方,0.2,0.15,100,457,99.24,96.86,101.68,-0.0076,0.0146,通过
优质处方,0.2,0.15,100,458,102.14,99.68,104.66,0.0212,0.0147,通过
优质处方,0.2,0.15,100,459,102.15,99.76,104.59,0.0212,0.0142,通过
优质处方,0.2,0.15,100,460,99.01,96.55,101.52,-0.01,0.0151,通过
优质处方,0.2,0.15,100,461,102.76,100.31,105.27,0.0272,0.0145,通过
优质处方,0.2,0.15,100,462,100.4,97.67,103.21,0.004,0.0166,通过
优质处方,0.2,0.15,100,463,101.21,98.59,103.9,0.012,0.0158,通过
优质处方,0.2,0.15,100,464,99.03,96.58,101.54,-0.0097,0.0151,通过
优质处方,0.2,0.15,100,465,101.09,98.5,103.75,0.0109,0.0156,通过
优质处方,0.2,0.15,100,466,101.79,99.29,104.34,0.0177,0.0149,通过
优质处方,0.2,0.15,100,467,99.76,97.39,102.19,-0.0024,0.0145,通过
优质处方,0.2,0.15,100,468,102.32,99.93,104.77,0.023,0.0142,通过
优质处方,0.2,0.15,100,469,102.35,99.47,105.32,0.0232,0.0172,通过
优质处方,0.2,0.15,100,470,100.77,98.21,103.4,0.0077,0.0155,通过
优质处方,0.2,0.15,100,471,100.1,97.53,102.73,0.001,0.0156,通过
优质处方,0.2,0.15,100,472,101.6,98.93,104.33,0.0158,0.016,通过
优质处方,0.2,0.15,100,473,100.5,97.64,103.45,0.005,0.0174,通过
优质处方,0.2,0.15,100,474,100.21,97.69,102.8,0.0021,0.0153,通过
优质处方,0.2,0.15,100,475,102.66,100.1,105.28,0.0262,0.0152,通过
优质处方,0.2,0.15,100,476,101.34,98.31,104.47,0.0134,0.0183,通过
优质处方,0.2,0.15,100,477,102.18,99.51,104.92,0.0216,0.0159,通过
优质处方,0.2,0.15,100,478,99.85,97.25,102.52,-0.0015,0.0159,通过
优质处方,0.2,0.15,100,479,101.64,98.98,104.36,0.0163,0.0159,通过
优质处方,0.2,0.15,100,480,99.36,96.81,101.99,-0.0064,0.0157,通过
优质处方,0.2,0.15,100,481,101.9,99.04,104.84,0.0188,0.0171,通过
优质处方,0.2,0.15,100,482,101.22,98.65,103.86,0.0121,0.0155,通过
优质处方,0.2,0.15,100,483,101.57,99.11,104.1,0.0156,0.0148,通过
优质处方,0.2,0.15,100,484,98.39,95.61,101.26,-0.0162,0.0173,通过
优质处方,0.2,0.15,100,485,101.07,97.91,104.32,0.0106,0.0191,通过
优质处方,0.2,0.15,100,486,100.14,97.73,102.62,0.0014,0.0147,通过
优质处方,0.2,0.15,100,487,103.17,100.63,105.76,0.0312,0.015,通过
优质处方,0.2,0.15,100,488,101.66,99.14,104.25,0.0165,0.0152,通过
优质处方,0.2,0.15,100,489,100.28,97.46,103.19,0.0028,0.0172,通过
优质处方,0.2,0.15,100,490,99.68,97.18,102.25,-0.0032,0.0153,通过
优质处方,0.2,0.15,100,491,100.29,97.3,103.38,0.0029,0.0183,通过
优质处方,0.2,0.15,100,492,100.88,98.25,103.58,0.0088,0.0159,通过
优质处方,0.2,0.15,100,493,100.17,98.05,102.33,0.0017,0.0129,通过
优质处方,0.2,0.15,100,494,102.87,100.53,105.27,0.0283,0.0139,通过
优质处方,0.2,0.15,100,495,98.85,96.55,101.22,-0.0115,0.0142,通过
优质处方,0.2,0.15,100,496,104.57,101.8,107.42,0.0447,0.0162,通过
优质处方,0.2,0.15,100,497,102.26,99.7,104.89,0.0223,0.0153,通过
优质处方,0.2,0.15,100,498,101.51,98.9,104.19,0.015,0.0157,通过
优质处方,0.2,0.15,100,499,99.38,96.9,101.92,-0.0063,0.0152,通过
优质处方,0.2,0.15,100,500,101.87,99.07,104.75,0.0185,0.0168,通过
优质处方,0.2,0.15,120,1,103.07,100.54,105.66,0.0302,0.015,通过
优质处方,0.2,0.15,120,2,101.95,99.67,104.28,0.0193,0.0136,通过
优质处方,0.2,0.15,120,3,102.54,100.39,104.74,0.0251,0.0128,通过
优质处方,0.2,0.15,120,4,102.25,99.65,104.91,0.0222,0.0155,通过
优质处方,0.2,0.15,120,5,101.35,98.81,103.95,0.0134,0.0153,通过
优质处方,0.2,0.15,120,6,101.28,98.96,103.65,0.0127,0.014,通过
优质处方,0.2,0.15,120,7,99.1,97.04,101.2,-0.0091,0.0127,通过
优质处方,0.2,0.15,120,8,101.74,99.33,104.22,0.0173,0.0145,通过
优质处方,0.2,0.15,120,9,99.53,97.35,101.76,-0.0047,0.0134,通过
优质处方,0.2,0.15,120,10,100.02,97.67,102.42,0.0002,0.0143,通过
优质处方,0.2,0.15,120,11,98.7,96.4,101.05,-0.0131,0.0142,通过
优质处方,0.2,0.15,120,12,101.6,99.12,104.14,0.0159,0.0149,通过
优质处方,0.2,0.15,120,13,100.87,98.49,103.31,0.0087,0.0144,通过
优质处方,0.2,0.15,120,14,102.33,100.14,104.57,0.023,0.0131,通过
优质处方,0.2,0.15,120,15,100.53,98.28,102.82,0.0053,0.0136,通过
优质处方,0.2,0.15,120,16,101.89,99.5,104.34,0.0188,0.0143,通过
优质处方,0.2,0.15,120,17,102.65,100.28,105.06,0.0261,0.014,通过
优质处方,0.2,0.15,120,18,100.03,97.65,102.46,0.0003,0.0145,通过
优质处方,0.2,0.15,120,19,101.15,99.01,103.34,0.0114,0.0129,通过
优质处方,0.2,0.15,120,20,98.23,96.09,100.41,-0.0179,0.0133,通过
优质处方,0.2,0.15,120,21,101.22,98.82,103.68,0.0122,0.0145,通过
优质处方,0.2,0.15,120,22,101.34,98.99,103.74,0.0133,0.0141,通过
优质处方,0.2,0.15,120,23,101.89,99.53,104.31,0.0187,0.0141,通过
优质处方,0.2,0.15,120,24,101.44,99.04,103.89,0.0143,0.0144,通过
优质处方,0.2,0.15,120,25,101.73,99.49,104.03,0.0172,0.0135,通过
优质处方,0.2,0.15,120,26,101.95,99.59,104.38,0.0193,0.0142,通过
优质处方,0.2,0.15,120,27,100.57,98.45,102.74,0.0057,0.0129,通过
优质处方,0.2,0.15,120,28,100.99,98.76,103.28,0.0099,0.0135,通过
优质处方,0.2,0.15,120,29,101.4,99.17,103.69,0.0139,0.0135,通过
优质处方,0.2,0.15,120,30,101.41,99.43,103.43,0.014,0.0119,通过
优质处方,0.2,0.15,120,31,100.2,98.06,102.39,0.002,0.013,通过
优质处方,0.2,0.15,120,32,101.15,98.85,103.5,0.0114,0.0139,通过
优质处方,0.2,0.15,120,33,100.1,97.57,102.69,0.001,0.0154,通过
优质处方,0.2,0.15,120,34,101.75,99.29,104.28,0.0174,0.0148,通过
优质处方,0.2,0.15,120,35,101.44,98.99,103.95,0.0143,0.0147,通过
优质处方,0.2,0.15,120,36,100.38,98.4,102.39,0.0038,0.012,通过
优质处方,0.2,0.15,120,37,100.21,97.91,102.57,0.0021,0.014,通过
优质处方,0.2,0.15,120,38,98.34,96.14,100.59,-0.0167,0.0137,通过
优质处方,0.2,0.15,120,39,96.84,94.35,99.39,-0.0322,0.0157,通过
优质处方,0.2,0.15,120,40,99.29,97.07,101.57,-0.0071,0.0137,通过
优质处方,0.2,0.15,120,41,102.72,100.28,105.21,0.0268,0.0145,通过
优质处方,0.2,0.15,120,42,99.64,97.48,101.84,-0.0036,0.0132,通过
优质处方,0.2,0.15,120,43,100.17,97.96,102.44,0.0017,0.0135,通过
优质处方,0.2,0.15,120,44,101.37,98.99,103.8,0.0136,0.0143,通过
优质处方,0.2,0.15,120,45,101.68,99.42,103.99,0.0167,0.0136,通过
优质处方,0.2,0.15,120,46,101.58,99.2,104.01,0.0156,0.0143,通过
优质处方,0.2,0.15,120,47,100.17,97.72,102.69,0.0017,0.015,通过
优质处方,0.2,0.15,120,48,100.04,98.03,102.1,0.0004,0.0123,通过
优质处方,0.2,0.15,120,49,99.58,97.45,101.77,-0.0042,0.0131,通过
优质处方,0.2,0.15,120,50,102.76,100.5,105.07,0.0272,0.0134,通过
优质处方,0.2,0.15,120,51,101.68,99.44,103.97,0.0167,0.0135,通过
优质处方,0.2,0.15,120,52,100.8,98.5,103.16,0.008,0.0139,通过
优质处方,0.2,0.15,120,53,101.94,99.32,104.63,0.0192,0.0157,通过
优质处方,0.2,0.15,120,54,100.91,98.54,103.34,0.0091,0.0143,通过
优质处方,0.2,0.15,120,55,99.23,96.92,101.6,-0.0077,0.0142,通过
优质处方,0.2,0.15,120,56,102.15,99.6,104.78,0.0213,0.0153,通过
优质处方,0.2,0.15,120,57,102.78,100.26,105.37,0.0274,0.015,通过
优质处方,0.2,0.15,120,58,99.35,97.06,101.7,-0.0065,0.0141,通过
优质处方,0.2,0.15,120,59,100.11,97.71,102.57,0.0011,0.0146,通过
优质处方,0.2,0.15,120,60,100.26,97.93,102.64,0.0026,0.0142,通过
优质处方,0.2,0.15,120,61,101.29,98.54,104.12,0.0129,0.0166,通过
优质处方,0.2,0.15,120,62,99.81,97.59,102.08,-0.0019,0.0136,通过
优质处方,0.2,0.15,120,63,102.05,99.39,104.78,0.0203,0.0159,通过
优质处方,0.2,0.15,120,64,100.53,98.1,103.03,0.0053,0.0148,通过
优质处方,0.2,0.15,120,65,97.97,95.58,100.41,-0.0205,0.0149,通过
优质处方,0.2,0.15,120,66,101.72,99.32,104.18,0.0171,0.0144,通过
优质处方,0.2,0.15,120,67,102.91,100.33,105.56,0.0287,0.0154,通过
优质处方,0.2,0.15,120,68,101.89,99.38,104.47,0.0187,0.0151,通过
优质处方,0.2,0.15,120,69,99.98,97.59,102.44,-0.0002,0.0146,通过
优质处方,0.2,0.15,120,70,102.68,100.16,105.26,0.0265,0.015,通过
优质处方,0.2,0.15,120,71,101.93,99.64,104.27,0.0191,0.0137,通过
优质处方,0.2,0.15,120,72,103.11,100.69,105.59,0.0307,0.0143,通过
优质处方,0.2,0.15,120,73,99.77,97.26,102.34,-0.0023,0.0154,通过
优质处方,0.2,0.15,120,74,100.89,98.41,103.44,0.0089,0.015,通过
优质处方,0.2,0.15,120,75,100.58,98.43,102.79,0.0058,0.0131,通过
优质处方,0.2,0.15,120,76,100.14,97.8,102.53,0.0014,0.0143,通过
优质处方,0.2,0.15,120,77,99.68,97.32,102.09,-0.0032,0.0145,通过
优质处方,0.2,0.15,120,78,100.07,97.67,102.53,0.0007,0.0147,通过
优质处方,0.2,0.15,120,79,102.62,100.21,105.09,0.0259,0.0143,通过
优质处方,0.2,0.15,120,80,98.88,96.66,101.16,-0.0112,0.0137,通过
优质处方,0.2,0.15,120,81,100.14,97.69,102.66,0.0014,0.015,通过
优质处方,0.2,0.15,120,82,99.97,97.47,102.54,-0.0003,0.0153,通过
优质处方,0.2,0.15,120,83,101.23,98.89,103.63,0.0122,0.0141,通过
优质处方,0.2,0.15,120,84,100.45,98.02,102.95,0.0045,0.0148,通过
优质处方,0.2,0.15,120,85,99.95,97.55,102.41,-0.0005,0.0146,通过
优质处方,0.2,0.15,120,86,102.84,100.65,105.08,0.028,0.013,通过
优质处方,0.2,0.15,120,87,102.05,99.9,104.25,0.0203,0.0129,通过
优质处方,0.2,0.15,120,88,101.09,98.85,103.37,0.0108,0.0135,通过
优质处方,0.2,0.15,120,89,100.78,98.44,103.17,0.0078,0.0141,通过
优质处方,0.2,0.15,120,90,99.25,96.87,101.68,-0.0076,0.0146,通过
优质处方,0.2,0.15,120,91,99.96,97.65,102.33,-0.0004,0.0141,通过
优质处方,0.2,0.15,120,92,101.33,98.94,103.78,0.0132,0.0144,通过
优质处方,0.2,0.15,120,93,98.46,95.92,101.06,-0.0155,0.0157,通过
优质处方,0.2,0.15,120,94,100.32,97.94,102.75,0.0032,0.0145,通过
优质处方,0.2,0.15,120,95,100.69,98.32,103.11,0.0069,0.0143,通过
优质处方,0.2,0.15,120,96,103.54,100.96,106.19,0.0348,0.0153,通过
优质处方,0.2,0.15,120,97,101.3,99.1,103.55,0.0129,0.0132,通过
优质处方,0.2,0.15,120,98,101.93,99.68,104.24,0.0191,0.0135,通过
优质处方,0.2,0.15,120,99,101.78,99.64,103.97,0.0177,0.0128,通过
优质处方,0.2,0.15,120,100,99.45,97.0,101.95,-0.0056,0.015,通过
优质处方,0.2,0.15,120,101,99.25,96.95,101.61,-0.0075,0.0141,通过
优质处方,0.2,0.15,120,102,106.39,103.91,108.94,0.062,0.0143,通过
优质处方,0.2,0.15,120,103,100.01,97.65,102.43,0.0001,0.0144,通过
优质处方,0.2,0.15,120,104,97.6,95.57,99.68,-0.0242,0.0127,通过
优质处方,0.2,0.15,120,105,101.32,98.94,103.76,0.0131,0.0143,通过
优质处方,0.2,0.15,120,106,100.54,97.92,103.24,0.0054,0.016,通过
优质处方,0.2,0.15,120,107,98.14,95.97,100.37,-0.0187,0.0135,通过
优质处方,0.2,0.15,120,108,101.68,99.3,104.11,0.0166,0.0143,通过
优质处方,0.2,0.15,120,109,100.55,98.39,102.76,0.0055,0.0131,通过
优质处方,0.2,0.15,120,110,101.81,99.56,104.1,0.0179,0.0135,通过
优质处方,0.2,0.15,120,111,101.68,99.39,104.02,0.0167,0.0137,通过
优质处方,0.2,0.15,120,112,101.87,99.35,104.46,0.0186,0.0151,通过
优质处方,0.2,0.15,120,113,102.14,99.72,104.63,0.0212,0.0145,通过
优质处方,0.2,0.15,120,114,104.8,102.25,107.4,0.0469,0.0148,通过
优质处方,0.2,0.15,120,115,100.15,97.79,102.56,0.0015,0.0144,通过
优质处方,0.2,0.15,120,116,102.09,100.06,104.15,0.0206,0.0121,通过
优质处方,0.2,0.15,120,117,101.5,99.02,104.05,0.0149,0.0149,通过
优质处方,0.2,0.15,120,118,100.3,98.12,102.53,0.003,0.0133,通过
优质处方,0.2,0.15,120,119,103.17,100.64,105.77,0.0312,0.015,通过
优质处方,0.2,0.15,120,120,99.32,97.42,101.25,-0.0069,0.0116,通过
优质处方,0.2,0.15,120,121,101.91,99.42,104.46,0.0189,0.0149,通过
优质处方,0.2,0.15,120,122,99.93,97.63,102.29,-0.0007,0.0141,通过
优质处方,0.2,0.15,120,123,101.41,99.06,103.83,0.014,0.0142,通过
优质处方,0.2,0.15,120,124,101.59,99.16,104.07,0.0157,0.0146,通过
优质处方,0.2,0.15,120,125,101.25,98.91,103.66,0.0125,0.0141,通过
优质处方,0.2,0.15,120,126,103.93,101.53,106.38,0.0385,0.0141,通过
优质处方,0.2,0.15,120,127,102.18,99.82,104.59,0.0215,0.0141,通过
优质处方,0.2,0.15,120,128,99.85,97.62,102.13,-0.0015,0.0136,通过
优质处方,0.2,0.15,120,129,101.66,99.19,104.18,0.0164,0.0148,通过
优质处方,0.2,0.15,120,130,103.23,100.94,105.57,0.0317,0.0135,通过
优质处方,0.2,0.15,120,131,100.59,98.15,103.08,0.0059,0.0148,通过
优质处方,0.2,0.15,120,132,100.38,97.89,102.93,0.0038,0.0151,通过
优质处方,0.2,0.15,120,133,103.25,100.84,105.72,0.032,0.0143,通过
优质处方,0.2,0.15,120,134,98.77,96.55,101.04,-0.0124,0.0137,通过
优质处方,0.2,0.15,120,135,100.68,98.46,102.95,0.0068,0.0135,通过
优质处方,0.2,0.15,120,136,101.31,98.9,103.78,0.013,0.0145,通过
优质处方,0.2,0.15,120,137,100.98,98.5,103.53,0.0098,0.015,通过
优质处方,0.2,0.15,120,138,99.24,96.95,101.58,-0.0076,0.0141,通过
优质处方,0.2,0.15,120,139,97.59,95.24,99.99,-0.0244,0.0147,通过
优质处方,0.2,0.15,120,140,98.4,96.04,100.82,-0.0161,0.0147,通过
优质处方,0.2,0.15,120,141,101.76,99.53,104.05,0.0175,0.0134,通过
优质处方,0.2,0.15,120,142,99.78,97.47,102.14,-0.0022,0.0141,通过
优质处方,0.2,0.15,120,143,99.41,96.94,101.94,-0.0059,0.0152,通过
优质处方,0.2,0.15,120,144,101.08,98.64,103.57,0.0107,0.0147,通过
优质处方,0.2,0.15,120,145,98.82,96.6,101.1,-0.0118,0.0137,通过
优质处方,0.2,0.15,120,146,100.92,98.63,103.27,0.0092,0.0139,通过
优质处方,0.2,0.15,120,147,98.76,96.59,100.98,-0.0125,0.0134,通过
优质处方,0.2,0.15,120,148,99.07,96.61,101.59,-0.0094,0.0152,通过
优质处方,0.2,0.15,120,149,101.13,98.9,103.4,0.0112,0.0134,通过
优质处方,0.2,0.15,120,150,103.35,101.0,105.77,0.033,0.0139,通过
优质处方,0.2,0.15,120,151,99.1,96.76,101.5,-0.009,0.0144,通过
优质处方,0.2,0.15,120,152,101.04,98.36,103.8,0.0104,0.0162,通过
优质处方,0.2,0.15,120,153,101.26,98.77,103.81,0.0125,0.015,通过
优质处方,0.2,0.15,120,154,100.77,98.51,103.08,0.0077,0.0137,通过
优质处方,0.2,0.15,120,155,99.15,96.96,101.39,-0.0085,0.0135,通过
优质处方,0.2,0.15,120,156,100.3,97.92,102.74,0.003,0.0145,通过
优质处方,0.2,0.15,120,157,98.7,96.41,101.05,-0.0131,0.0142,通过
优质处方,0.2,0.15,120,158,100.66,98.32,103.06,0.0066,0.0142,通过
优质处方,0.2,0.15,120,159,101.12,98.92,103.36,0.0111,0.0132,通过
优质处方,0.2,0.15,120,160,100.68,98.36,103.06,0.0068,0.0141,通过
优质处方,0.2,0.15,120,161,101.25,98.95,103.61,0.0125,0.0139,通过
优质处方,0.2,0.15,120,162,100.92,98.62,103.27,0.0091,0.0139,通过
优质处方,0.2,0.15,120,163,102.7,100.13,105.34,0.0266,0.0153,通过
优质处方,0.2,0.15,120,164,100.72,97.96,103.55,0.0071,0.0167,通过
优质处方,0.2,0.15,120,165,100.34,98.03,102.71,0.0034,0.0141,通过
优质处方,0.2,0.15,120,166,99.63,97.22,102.09,-0.0037,0.0147,通过
优质处方,0.2,0.15,120,167,101.86,99.43,104.35,0.0184,0.0145,通过
优质处方,0.2,0.15,120,168,98.44,95.91,101.04,-0.0157,0.0157,通过
优质处方,0.2,0.15,120,169,102.46,100.08,104.89,0.0243,0.0141,通过
优质处方,0.2,0.15,120,170,98.98,96.73,101.28,-0.0103,0.0139,通过
优质处方,0.2,0.15,120,171,101.8,99.61,104.05,0.0179,0.0132,通过
优质处方,0.2,0.15,120,172,102.2,99.53,104.95,0.0218,0.016,通过
优质处方,0.2,0.15,120,173,100.54,98.34,102.8,0.0054,0.0134,通过
优质处方,0.2,0.15,120,174,100.74,98.37,103.16,0.0073,0.0144,通过
优质处方,0.2,0.15,120,175,100.34,97.65,103.1,0.0034,0.0164,通过
优质处方,0.2,0.15,120,176,101.4,99.43,103.41,0.0139,0.0118,通过
优质处方,0.2,0.15,120,177,100.28,98.26,102.34,0.0028,0.0123,通过
优质处方,0.2,0.15,120,178,101.98,99.64,104.37,0.0196,0.014,通过
优质处方,0.2,0.15,120,179,103.15,101.07,105.28,0.0311,0.0123,通过
优质处方,0.2,0.15,120,180,99.65,97.17,102.19,-0.0035,0.0152,通过
优质处方,0.2,0.15,120,181,101.62,99.35,103.93,0.016,0.0136,通过
优质处方,0.2,0.15,120,182,98.77,96.82,100.75,-0.0124,0.012,通过
优质处方,0.2,0.15,120,183,98.76,96.41,101.18,-0.0125,0.0146,通过
优质处方,0.2,0.15,120,184,99.27,97.07,101.53,-0.0073,0.0136,通过
优质处方,0.2,0.15,120,185,99.73,97.65,101.85,-0.0027,0.0127,通过
优质处方,0.2,0.15,120,186,100.41,98.09,102.78,0.0041,0.0141,通过
优质处方,0.2,0.15,120,187,102.32,100.1,104.58,0.0229,0.0132,通过
优质处方,0.2,0.15,120,188,100.18,97.61,102.82,0.0018,0.0157,通过
优质处方,0.2,0.15,120,189,100.08,97.24,103.0,0.0008,0.0174,通过
优质处方,0.2,0.15,120,190,99.11,96.99,101.27,-0.009,0.013,通过
优质处方,0.2,0.15,120,191,99.22,97.18,101.3,-0.0079,0.0125,通过
优质处方,0.2,0.15,120,192,98.39,96.18,100.66,-0.0162,0.0138,通过
优质处方,0.2,0.15,120,193,100.84,98.4,103.33,0.0083,0.0147,通过
优质处方,0.2,0.15,120,194,101.3,98.77,103.89,0.0129,0.0153,通过
优质处方,0.2,0.15,120,195,102.12,99.57,104.72,0.0209,0.0152,通过
优质处方,0.2,0.15,120,196,102.86,100.11,105.67,0.0282,0.0163,通过
优质处方,0.2,0.15,120,197,101.33,99.13,103.58,0.0132,0.0132,通过
优质处方,0.2,0.15,120,198,102.41,100.03,104.84,0.0238,0.0142,通过
优质处方,0.2,0.15,120,199,102.77,100.49,105.1,0.0273,0.0135,通过
优质处方,0.2,0.15,120,200,102.24,99.6,104.95,0.0221,0.0158,通过
优质处方,0.2,0.15,120,201,98.43,96.08,100.83,-0.0159,0.0145,通过
优质处方,0.2,0.15,120,202,100.47,98.19,102.8,0.0047,0.0139,通过
优质处方,0.2,0.15,120,203,100.39,98.09,102.74,0.0039,0.014,通过
优质处方,0.2,0.15,120,204,102.45,100.09,104.86,0.0242,0.0141,通过
优质处方,0.2,0.15,120,205,98.43,96.01,100.9,-0.0159,0.015,通过
优质处方,0.2,0.15,120,206,102.5,100.16,104.89,0.0247,0.0139,通过
优质处方,0.2,0.15,120,207,102.22,100.0,104.49,0.022,0.0133,通过
优质处方,0.2,0.15,120,208,101.48,98.81,104.22,0.0147,0.0161,通过
优质处方,0.2,0.15,120,209,101.63,99.38,103.94,0.0162,0.0135,通过
优质处方,0.2,0.15,120,210,102.3,99.62,105.06,0.0227,0.016,通过
优质处方,0.2,0.15,120,211,98.94,96.57,101.36,-0.0107,0.0146,通过
优质处方,0.2,0.15,120,212,100.21,97.72,102.76,0.0021,0.0152,通过
优质处方,0.2,0.15,120,213,99.17,96.81,101.58,-0.0084,0.0145,通过
优质处方,0.2,0.15,120,214,101.18,98.75,103.67,0.0117,0.0146,通过
优质处方,0.2,0.15,120,215,101.98,99.55,104.48,0.0196,0.0146,通过
优质处方,0.2,0.15,120,216,100.86,98.7,103.08,0.0086,0.0131,通过
优质处方,0.2,0.15,120,217,98.16,95.82,100.57,-0.0185,0.0146,通过
优质处方,0.2,0.15,120,218,100.62,98.34,102.97,0.0062,0.0139,通过
优质处方,0.2,0.15,120,219,101.78,99.45,104.17,0.0177,0.014,通过
优质处方,0.2,0.15,120,220,100.31,98.02,102.65,0.0031,0.0139,通过
优质处方,0.2,0.15,120,221,101.11,98.68,103.6,0.0111,0.0147,通过
优质处方,0.2,0.15,120,222,100.78,98.23,103.38,0.0077,0.0154,通过
优质处方,0.2,0.15,120,223,98.68,96.61,100.8,-0.0133,0.0128,通过
优质处方,0.2,0.15,120,224,97.3,94.89,99.78,-0.0273,0.0152,通过
优质处方,0.2,0.15,120,225,100.91,98.79,103.08,0.0091,0.0128,通过
优质处方,0.2,0.15,120,226,102.52,100.29,104.79,0.0249,0.0132,通过
优质处方,0.2,0.15,120,227,101.6,99.36,103.88,0.0158,0.0134,通过
优质处方,0.2,0.15,120,228,101.47,98.87,104.13,0.0146,0.0157,通过
优质处方,0.2,0.15,120,229,100.38,98.02,102.79,0.0038,0.0143,通过
优质处方,0.2,0.15,120,230,101.74,99.34,104.2,0.0173,0.0144,通过
优质处方,0.2,0.15,120,231,99.16,96.76,101.61,-0.0085,0.0148,通过
优质处方,0.2,0.15,120,232,99.4,97.32,101.51,-0.0061,0.0127,通过
优质处方,0.2,0.15,120,233,101.06,98.62,103.55,0.0105,0.0147,通过
优质处方,0.2,0.15,120,234,103.46,100.97,106.01,0.034,0.0147,通过
优质处方,0.2,0.15,120,235,101.57,99.26,103.93,0.0156,0.0139,通过
优质处方,0.2,0.15,120,236,101.05,98.76,103.4,0.0105,0.0138,通过
优质处方,0.2,0.15,120,237,104.48,101.95,107.08,0.0438,0.0148,通过
优质处方,0.2,0.15,120,238,102.17,99.81,104.58,0.0215,0.0141,通过
优质处方,0.2,0.15,120,239,99.43,97.24,101.68,-0.0057,0.0135,通过
优质处方,0.2,0.15,120,240,97.77,95.58,100.02,-0.0225,0.0137,通过
优质处方,0.2,0.15,120,241,101.83,99.46,104.26,0.0181,0.0142,通过
优质处方,0.2,0.15,120,242,99.61,97.36,101.91,-0.0039,0.0138,通过
优质处方,0.2,0.15,120,243,98.09,95.85,100.39,-0.0192,0.014,通过
优质处方,0.2,0.15,120,244,102.28,99.81,104.81,0.0226,0.0147,通过
优质处方,0.2,0.15,120,245,99.92,97.73,102.16,-0.0008,0.0134,通过
优质处方,0.2,0.15,120,246,101.34,99.15,103.58,0.0133,0.0132,通过
优质处方,0.2,0.15,120,247,99.31,96.98,101.7,-0.0069,0.0143,通过
优质处方,0.2,0.15,120,248,98.42,96.42,100.45,-0.016,0.0123,通过
优质处方,0.2,0.15,120,249,101.25,98.94,103.62,0.0125,0.0139,通过
优质处方,0.2,0.15,120,250,100.73,98.43,103.09,0.0073,0.0139,通过
优质处方,0.2,0.15,120,251,100.77,98.62,102.96,0.0077,0.013,通过
优质处方,0.2,0.15,120,252,102.93,100.52,105.41,0.0289,0.0143,通过
优质处方,0.2,0.15,120,253,101.24,98.56,103.99,0.0123,0.0162,通过
优质处方,0.2,0.15,120,254,106.0,103.52,108.55,0.0583,0.0143,通过
优质处方,0.2,0.15,120,255,101.42,99.16,103.74,0.0141,0.0136,通过
优质处方,0.2,0.15,120,256,98.62,96.25,101.04,-0.0139,0.0147,通过
优质处方,0.2,0.15,120,257,98.2,95.86,100.59,-0.0182,0.0145,通过
优质处方,0.2,0.15,120,258,100.77,98.42,103.16,0.0076,0.0142,通过
优质处方,0.2,0.15,120,259,102.32,99.59,105.13,0.023,0.0163,通过
优质处方,0.2,0.15,120,260,99.25,96.65,101.91,-0.0076,0.016,通过
优质处方,0.2,0.15,120,261,101.28,99.1,103.5,0.0127,0.0131,通过
优质处方,0.2,0.15,120,262,99.38,97.08,101.74,-0.0062,0.0141,通过
优质处方,0.2,0.15,120,263,100.84,98.11,103.65,0.0084,0.0166,通过
优质处方,0.2,0.15,120,264,102.25,99.86,104.7,0.0223,0.0143,通过
优质处方,0.2,0.15,120,265,101.27,98.62,104.0,0.0127,0.016,通过
优质处方,0.2,0.15,120,266,101.0,98.54,103.51,0.0099,0.0149,通过
优质处方,0.2,0.15,120,267,101.33,99.07,103.64,0.0132,0.0136,通过
优质处方,0.2,0.15,120,268,100.9,98.54,103.31,0.0089,0.0142,通过
优质处方,0.2,0.15,120,269,101.57,99.24,103.96,0.0156,0.014,通过
优质处方,0.2,0.15,120,270,100.04,97.76,102.38,0.0004,0.0139,通过
优质处方,0.2,0.15,120,271,101.37,99.14,103.66,0.0136,0.0134,通过
优质处方,0.2,0.15,120,272,99.95,97.46,102.51,-0.0005,0.0153,通过
优质处方,0.2,0.15,120,273,99.85,97.48,102.27,-0.0015,0.0145,通过
优质处方,0.2,0.15,120,274,102.67,100.38,105.01,0.0263,0.0136,通过
优质处方,0.2,0.15,120,275,101.54,99.34,103.79,0.0153,0.0132,通过
优质处方,0.2,0.15,120,276,103.62,101.21,106.08,0.0355,0.0142,通过
优质处方,0.2,0.15,120,277,101.88,99.5,104.32,0.0186,0.0142,通过
优质处方,0.2,0.15,120,278,98.72,96.27,101.24,-0.0129,0.0152,通过
优质处方,0.2,0.15,120,279,99.91,97.51,102.37,-0.0009,0.0147,通过
优质处方,0.2,0.15,120,280,96.58,94.31,98.9,-0.0348,0.0143,通过
优质处方,0.2,0.15,120,281,100.26,97.85,102.73,0.0026,0.0147,通过
优质处方,0.2,0.15,120,282,102.7,100.17,105.29,0.0266,0.015,通过
优质处方,0.2,0.15,120,283,98.76,96.41,101.15,-0.0125,0.0145,通过
优质处方,0.2,0.15,120,284,101.16,98.85,103.52,0.0115,0.0139,通过
优质处方,0.2,0.15,120,285,100.37,98.06,102.74,0.0037,0.0141,通过
优质处方,0.2,0.15,120,286,101.66,99.26,104.11,0.0165,0.0144,通过
优质处方,0.2,0.15,120,287,100.73,98.54,102.95,0.0072,0.0132,通过
优质处方,0.2,0.15,120,288,100.8,98.39,103.28,0.008,0.0146,通过
优质处方,0.2,0.15,120,289,98.34,95.99,100.75,-0.0167,0.0146,通过
优质处方,0.2,0.15,120,290,100.37,98.22,102.57,0.0037,0.0131,通过
优质处方,0.2,0.15,120,291,99.99,97.89,102.14,-0.0001,0.0128,通过
优质处方,0.2,0.15,120,292,103.42,101.04,105.86,0.0336,0.014,通过
优质处方,0.2,0.15,120,293,99.29,96.95,101.69,-0.0071,0.0144,通过
优质处方,0.2,0.15,120,294,100.27,97.99,102.59,0.0027,0.0138,通过
优质处方,0.2,0.15,120,295,99.86,97.44,102.33,-0.0014,0.0148,通过
优质处方,0.2,0.15,120,296,100.61,98.23,103.06,0.0061,0.0145,通过
优质处方,0.2,0.15,120,297,99.37,97.02,101.78,-0.0063,0.0144,通过
优质处方,0.2,0.15,120,298,100.75,98.06,103.51,0.0075,0.0163,通过
优质处方,0.2,0.15,120,299,101.06,98.62,103.55,0.0105,0.0147,通过
优质处方,0.2,0.15,120,300,100.68,98.21,103.21,0.0068,0.015,通过
优质处方,0.2,0.15,120,301,99.78,97.33,102.28,-0.0022,0.015,通过
优质处方,0.2,0.15,120,302,100.24,97.84,102.7,0.0024,0.0146,通过
优质处方,0.2,0.15,120,303,100.28,97.88,102.75,0.0028,0.0146,通过
优质处方,0.2,0.15,120,304,99.74,97.44,102.11,-0.0026,0.0141,通过
优质处方,0.2,0.15,120,305,100.85,98.36,103.39,0.0084,0.015,通过
优质处方,0.2,0.15,120,306,100.64,98.05,103.29,0.0064,0.0157,通过
优质处方,0.2,0.15,120,307,98.38,96.04,100.76,-0.0164,0.0145,通过
优质处方,0.2,0.15,120,308,101.14,98.89,103.45,0.0114,0.0136,通过
优质处方,0.2,0.15,120,309,100.06,97.64,102.55,0.0006,0.0148,通过
优质处方,0.2,0.15,120,310,101.99,99.71,104.32,0.0197,0.0136,通过
优质处方,0.2,0.15,120,311,101.02,98.41,103.71,0.0102,0.0158,通过
优质处方,0.2,0.15,120,312,101.82,99.55,104.14,0.018,0.0136,通过
优质处方,0.2,0.15,120,313,99.74,97.32,102.21,-0.0026,0.0148,通过
优质处方,0.2,0.15,120,314,101.98,99.77,104.24,0.0196,0.0132,通过
优质处方,0.2,0.15,120,315,99.96,97.59,102.38,-0.0004,0.0145,通过
优质处方,0.2,0.15,120,316,100.96,98.46,103.52,0.0095,0.0151,通过
优质处方,0.2,0.15,120,317,102.43,100.21,104.69,0.024,0.0132,通过
优质处方,0.2,0.15,120,318,102.33,100.1,104.61,0.023,0.0133,通过
优质处方,0.2,0.15,120,319,102.35,99.93,104.83,0.0232,0.0144,通过
优质处方,0.2,0.15,120,320,100.75,98.56,102.99,0.0075,0.0132,通过
优质处方,0.2,0.15,120,321,100.72,98.36,103.13,0.0071,0.0143,通过
优质处方,0.2,0.15,120,322,99.61,97.13,102.15,-0.0039,0.0152,通过
优质处方,0.2,0.15,120,323,100.38,98.2,102.6,0.0038,0.0132,通过
优质处方,0.2,0.15,120,324,100.84,98.13,103.63,0.0084,0.0164,通过
优质处方,0.2,0.15,120,325,102.56,100.17,105.0,0.0252,0.0142,通过
优质处方,0.2,0.15,120,326,98.54,96.23,100.9,-0.0147,0.0143,通过
优质处方,0.2,0.15,120,327,100.98,98.61,103.4,0.0097,0.0143,通过
优质处方,0.2,0.15,120,328,99.29,96.87,101.77,-0.0071,0.0149,通过
优质处方,0.2,0.15,120,329,100.69,98.11,103.33,0.0069,0.0156,通过
优质处方,0.2,0.15,120,330,99.45,97.05,101.9,-0.0055,0.0147,通过
优质处方,0.2,0.15,120,331,99.57,97.2,101.99,-0.0044,0.0145,通过
优质处方,0.2,0.15,120,332,101.05,98.53,103.64,0.0105,0.0152,通过
优质处方,0.2,0.15,120,333,99.01,96.71,101.36,-0.01,0.0141,通过
优质处方,0.2,0.15,120,334,101.85,99.47,104.29,0.0183,0.0143,通过
优质处方,0.2,0.15,120,335,101.56,99.29,103.88,0.0155,0.0136,通过
优质处方,0.2,0.15,120,336,101.32,98.89,103.81,0.0132,0.0146,通过
优质处方,0.2,0.15,120,337,102.59,100.12,105.11,0.0255,0.0147,通过
优质处方,0.2,0.15,120,338,100.03,97.56,102.56,0.0003,0.0151,通过
优质处方,0.2,0.15,120,339,102.19,99.66,104.79,0.0217,0.0151,通过
优质处方,0.2,0.15,120,340,102.08,99.11,105.15,0.0206,0.0179,通过
优质处方,0.2,0.15,120,341,101.33,99.0,103.71,0.0132,0.014,通过
优质处方,0.2,0.15,120,342,98.92,96.79,101.11,-0.0108,0.0132,通过
优质处方,0.2,0.15,120,343,98.59,96.25,100.99,-0.0142,0.0145,通过
优质处方,0.2,0.15,120,344,100.94,98.85,103.07,0.0093,0.0126,通过
优质处方,0.2,0.15,120,345,102.09,99.93,104.3,0.0207,0.0129,通过
优质处方,0.2,0.15,120,346,96.98,94.96,99.04,-0.0307,0.0127,通过
优质处方,0.2,0.15,120,347,102.27,99.98,104.61,0.0224,0.0136,通过
优质处方,0.2,0.15,120,348,99.24,97.0,101.52,-0.0077,0.0138,通过
优质处方,0.2,0.15,120,349,99.02,96.59,101.52,-0.0098,0.015,通过
优质处方,0.2,0.15,120,350,101.9,99.37,104.49,0.0188,0.0152,通过
优质处方,0.2,0.15,120,351,100.4,98.17,102.68,0.004,0.0136,通过
优质处方,0.2,0.15,120,352,102.65,100.25,105.1,0.0261,0.0142,通过
优质处方,0.2,0.15,120,353,101.66,99.26,104.13,0.0165,0.0144,通过
优质处方,0.2,0.15,120,354,100.24,97.79,102.74,0.0024,0.0149,通过
优质处方,0.2,0.15,120,355,99.51,96.98,102.11,-0.0049,0.0155,通过
优质处方,0.2,0.15,120,356,99.53,97.07,102.05,-0.0047,0.0151,通过
优质处方,0.2,0.15,120,357,102.23,99.9,104.62,0.0221,0.0139,通过
优质处方,0.2,0.15,120,358,99.77,97.55,102.04,-0.0023,0.0136,通过
优质处方,0.2,0.15,120,359,99.68,97.06,102.36,-0.0032,0.016,通过
优质处方,0.2,0.15,120,360,100.88,98.72,103.09,0.0087,0.0131,通过
优质处方,0.2,0.15,120,361,99.15,97.12,101.22,-0.0085,0.0125,通过
优质处方,0.2,0.15,120,362,101.67,99.42,103.98,0.0166,0.0135,通过
优质处方,0.2,0.15,120,363,103.15,100.98,105.36,0.031,0.0128,通过
优质处方,0.2,0.15,120,364,101.01,98.66,103.42,0.01,0.0142,通过
优质处方,0.2,0.15,120,365,102.05,99.66,104.49,0.0203,0.0143,通过
优质处方,0.2,0.15,120,366,98.85,96.43,101.33,-0.0116,0.015,通过
优质处方,0.2,0.15,120,367,100.43,97.77,103.16,0.0043,0.0162,通过
优质处方,0.2,0.15,120,368,99.73,97.47,102.04,-0.0027,0.0138,通过
优质处方,0.2,0.15,120,369,101.13,98.73,103.59,0.0112,0.0145,通过
优质处方,0.2,0.15,120,370,100.37,97.95,102.85,0.0037,0.0147,通过
优质处方,0.2,0.15,120,371,99.78,97.27,102.37,-0.0022,0.0154,通过
优质处方,0.2,0.15,120,372,101.88,99.46,104.37,0.0187,0.0146,通过
优质处方,0.2,0.15,120,373,101.53,99.01,104.12,0.0152,0.0152,通过
优质处方,0.2,0.15,120,374,101.02,98.91,103.18,0.0102,0.0128,通过
优质处方,0.2,0.15,120,375,100.31,97.76,102.93,0.0031,0.0155,通过
优质处方,0.2,0.15,120,376,102.68,100.16,105.26,0.0265,0.015,通过
优质处方,0.2,0.15,120,377,103.31,100.98,105.69,0.0325,0.0138,通过
优质处方,0.2,0.15,120,378,100.37,97.85,102.94,0.0037,0.0153,通过
优质处方,0.2,0.15,120,379,98.91,96.62,101.26,-0.0109,0.0142,通过
优质处方,0.2,0.15,120,380,100.38,97.99,102.82,0.0037,0.0145,通过
优质处方,0.2,0.15,120,381,101.09,98.89,103.33,0.0108,0.0132,通过
优质处方,0.2,0.15,120,382,99.78,97.36,102.25,-0.0022,0.0148,通过
优质处方,0.2,0.15,120,383,100.84,98.57,103.15,0.0083,0.0137,通过
优质处方,0.2,0.15,120,384,99.89,97.8,102.03,-0.0011,0.0128,通过
优质处方,0.2,0.15,120,385,101.68,99.63,103.78,0.0167,0.0123,通过
优质处方,0.2,0.15,120,386,99.89,97.53,102.3,-0.0011,0.0144,通过
优质处方,0.2,0.15,120,387,103.29,101.07,105.57,0.0324,0.0131,通过
优质处方,0.2,0.15,120,388,101.44,99.05,103.88,0.0143,0.0144,通过
优质处方,0.2,0.15,120,389,98.29,95.81,100.82,-0.0173,0.0154,通过
优质处方,0.2,0.15,120,390,102.37,100.14,104.64,0.0234,0.0133,通过
优质处方,0.2,0.15,120,391,102.42,100.1,104.8,0.0239,0.0138,通过
优质处方,0.2,0.15,120,392,100.5,98.21,102.85,0.005,0.0139,通过
优质处方,0.2,0.15,120,393,97.07,94.68,99.52,-0.0298,0.0151,通过
优质处方,0.2,0.15,120,394,100.35,97.88,102.88,0.0035,0.015,通过
优质处方,0.2,0.15,120,395,103.38,101.14,105.67,0.0333,0.0132,通过
优质处方,0.2,0.15,120,396,99.44,97.06,101.87,-0.0056,0.0146,通过
优质处方,0.2,0.15,120,397,103.9,101.64,106.2,0.0382,0.0132,通过
优质处方,0.2,0.15,120,398,100.52,98.0,103.12,0.0052,0.0153,通过
优质处方,0.2,0.15,120,399,99.8,97.51,102.15,-0.002,0.014,通过
优质处方,0.2,0.15,120,400,101.67,99.23,104.18,0.0166,0.0147,通过
优质处方,0.2,0.15,120,401,103.65,101.28,106.07,0.0358,0.0139,通过
优质处方,0.2,0.15,120,402,99.54,97.17,101.97,-0.0046,0.0146,通过
优质处方,0.2,0.15,120,403,101.63,99.38,103.93,0.0162,0.0135,通过
优质处方,0.2,0.15,120,404,102.31,99.65,105.05,0.0229,0.0159,通过
优质处方,0.2,0.15,120,405,99.25,96.73,101.84,-0.0075,0.0155,通过
优质处方,0.2,0.15,120,406,98.57,96.44,100.75,-0.0144,0.0132,通过
优质处方,0.2,0.15,120,407,98.92,96.43,101.47,-0.0109,0.0154,通过
优质处方,0.2,0.15,120,408,101.16,98.69,103.69,0.0115,0.0149,通过
优质处方,0.2,0.15,120,409,102.35,100.06,104.69,0.0232,0.0136,通过
优质处方,0.2,0.15,120,410,101.45,99.13,103.83,0.0144,0.014,通过
优质处方,0.2,0.15,120,411,101.05,98.52,103.65,0.0105,0.0153,通过
优质处方,0.2,0.15,120,412,102.04,99.49,104.66,0.0202,0.0153,通过
优质处方,0.2,0.15,120,413,101.39,98.84,104.0,0.0138,0.0154,通过
优质处方,0.2,0.15,120,414,101.59,99.16,104.08,0.0158,0.0146,通过
优质处方,0.2,0.15,120,415,100.69,98.12,103.33,0.0069,0.0156,通过
优质处方,0.2,0.15,120,416,101.26,98.94,103.63,0.0125,0.014,通过
优质处方,0.2,0.15,120,417,102.09,99.9,104.33,0.0207,0.0131,通过
优质处方,0.2,0.15,120,418,99.37,97.17,101.62,-0.0063,0.0135,通过
优质处方,0.2,0.15,120,419,101.57,99.21,104.0,0.0156,0.0142,通过
优质处方,0.2,0.15,120,420,99.47,97.03,101.97,-0.0053,0.015,通过
优质处方,0.2,0.15,120,421,101.03,98.68,103.44,0.0103,0.0142,通过
优质处方,0.2,0.15,120,422,99.99,97.76,102.27,-0.0001,0.0136,通过
优质处方,0.2,0.15,120,423,100.03,97.76,102.34,0.0003,0.0138,通过
优质处方,0.2,0.15,120,424,100.65,98.2,103.16,0.0065,0.0149,通过
优质处方,0.2,0.15,120,425,99.69,97.25,102.19,-0.0031,0.0149,通过
优质处方,0.2,0.15,120,426,100.56,97.94,103.24,0.0055,0.0159,通过
优质处方,0.2,0.15,120,427,101.39,99.03,103.81,0.0138,0.0142,通过
优质处方,0.2,0.15,120,428,99.94,97.28,102.67,-0.0006,0.0163,通过
优质处方,0.2,0.15,120,429,101.12,98.71,103.58,0.0111,0.0145,通过
优质处方,0.2,0.15,120,430,100.36,97.63,103.16,0.0036,0.0166,通过
优质处方,0.2,0.15,120,431,99.93,97.67,102.24,-0.0007,0.0138,通过
优质处方,0.2,0.15,120,432,99.64,97.18,102.17,-0.0036,0.0151,通过
优质处方,0.2,0.15,120,433,104.96,102.52,107.45,0.0484,0.0142,通过
优质处方,0.2,0.15,120,434,101.71,99.15,104.33,0.0169,0.0153,通过
优质处方,0.2,0.15,120,435,99.74,97.3,102.24,-0.0026,0.015,通过
优质处方,0.2,0.15,120,436,99.7,97.26,102.19,-0.003,0.0149,通过
优质处方,0.2,0.15,120,437,101.66,99.3,104.07,0.0165,0.0142,通过
优质处方,0.2,0.15,120,438,100.12,97.91,102.38,0.0012,0.0135,通过
优质处方,0.2,0.15,120,439,99.84,97.58,102.16,-0.0016,0.0138,通过
优质处方,0.2,0.15,120,440,101.18,98.54,103.88,0.0117,0.0159,通过
优质处方,0.2,0.15,120,441,99.57,96.97,102.23,-0.0044,0.0159,通过
优质处方,0.2,0.15,120,442,101.23,99.05,103.45,0.0122,0.0131,通过
优质处方,0.2,0.15,120,443,100.32,98.0,102.69,0.0032,0.0141,通过
优质处方,0.2,0.15,120,444,102.44,100.08,104.85,0.0241,0.0141,通过
优质处方,0.2,0.15,120,445,99.96,97.54,102.44,-0.0004,0.0148,通过
优质处方,0.2,0.15,120,446,101.66,99.15,104.23,0.0165,0.0151,通过
优质处方,0.2,0.15,120,447,101.93,99.62,104.29,0.0191,0.0138,通过
优质处方,0.2,0.15,120,448,102.22,99.83,104.68,0.022,0.0143,通过
优质处方,0.2,0.15,120,449,99.36,96.82,101.96,-0.0065,0.0156,通过
优质处方,0.2,0.15,120,450,101.14,98.72,103.61,0.0113,0.0146,通过
优质处方,0.2,0.15,120,451,102.67,100.32,105.08,0.0264,0.014,通过
优质处方,0.2,0.15,120,452,102.06,99.52,104.66,0.0204,0.0152,通过
优质处方,0.2,0.15,120,453,98.06,95.99,100.19,-0.0195,0.0129,通过
优质处方,0.2,0.15,120,454,99.08,96.78,101.43,-0.0093,0.0142,通过
优质处方,0.2,0.15,120,455,100.85,98.69,103.05,0.0084,0.013,通过
优质处方,0.2,0.15,120,456,98.93,96.39,101.54,-0.0107,0.0157,通过
优质处方,0.2,0.15,120,457,99.64,97.21,102.14,-0.0036,0.0149,通过
优质处方,0.2,0.15,120,458,103.72,100.93,106.59,0.0365,0.0165,通过
优质处方,0.2,0.15,120,459,102.39,100.07,104.77,0.0237,0.0138,通过
优质处方,0.2,0.15,120,460,103.11,100.76,105.51,0.0306,0.0139,通过
优质处方,0.2,0.15,120,461,100.04,97.77,102.36,0.0004,0.0139,通过
优质处方,0.2,0.15,120,462,99.44,96.68,102.27,-0.0056,0.0169,通过
优质处方,0.2,0.15,120,463,100.13,97.62,102.7,0.0013,0.0153,通过
优质处方,0.2,0.15,120,464,98.75,96.32,101.23,-0.0126,0.015,通过
优质处方,0.2,0.15,120,465,99.37,97.24,101.55,-0.0063,0.0131,通过
优质处方,0.2,0.15,120,466,100.58,98.04,103.18,0.0058,0.0154,通过
优质处方,0.2,0.15,120,467,98.46,96.19,100.78,-0.0155,0.0141,通过
优质处方,0.2,0.15,120,468,102.01,99.71,104.37,0.0199,0.0138,通过
优质处方,0.2,0.15,120,469,100.73,98.69,102.82,0.0073,0.0124,通过
优质处方,0.2,0.15,120,470,98.87,96.81,100.97,-0.0114,0.0127,通过
优质处方,0.2,0.15,120,471,99.39,96.73,102.13,-0.0061,0.0164,通过
优质处方,0.2,0.15,120,472,100.55,98.14,103.01,0.0055,0.0146,通过
优质处方,0.2,0.15,120,473,100.87,98.71,103.08,0.0086,0.0131,通过
优质处方,0.2,0.15,120,474,102.23,99.81,104.7,0.022,0.0144,通过
优质处方,0.2,0.15,120,475,102.92,100.41,105.5,0.0288,0.0149,通过
优质处方,0.2,0.15,120,476,99.85,97.56,102.19,-0.0015,0.014,通过
优质处方,0.2,0.15,120,477,102.56,100.09,105.08,0.0252,0.0147,通过
优质处方,0.2,0.15,120,478,100.8,98.41,103.25,0.008,0.0145,通过
优质处方,0.2,0.15,120,479,100.66,98.19,103.2,0.0066,0.015,通过
优质处方,0.2,0.15,120,480,100.85,98.28,103.49,0.0085,0.0156,通过
优质处方,0.2,0.15,120,481,100.01,97.67,102.4,0.0001,0.0143,通过
优质处方,0.2,0.15,120,482,99.61,97.44,101.82,-0.0039,0.0133,通过
优质处方,0.2,0.15,120,483,99.28,97.14,101.48,-0.0072,0.0132,通过
优质处方,0.2,0.15,120,484,100.41,97.85,103.03,0.004,0.0156,通过
优质处方,0.2,0.15,120,485,103.43,101.0,105.91,0.0337,0.0143,通过
优质处方,0.2,0.15,120,486,101.76,99.38,104.2,0.0175,0.0143,通过
优质处方,0.2,0.15,120,487,100.11,97.72,102.56,0.0011,0.0146,通过
优质处方,0.2,0.15,120,488,102.26,100.1,104.47,0.0224,0.0129,通过
优质处方,0.2,0.15,120,489,100.64,98.29,103.04,0.0064,0.0142,通过
优质处方,0.2,0.15,120,490,101.39,99.04,103.81,0.0138,0.0142,通过
优质处方,0.2,0.15,120,491,100.25,97.83,102.73,0.0025,0.0148,通过
优质处方,0.2,0.15,120,492,100.7,98.22,103.25,0.007,0.0151,通过
优质处方,0.2,0.15,120,493,98.46,96.17,100.8,-0.0155,0.0142,通过
优质处方,0.2,0.15,120,494,101.65,99.4,103.95,0.0164,0.0135,通过
优质处方,0.2,0.15,120,495,99.12,96.81,101.49,-0.0088,0.0142,通过
优质处方,0.2,0.15,120,496,98.8,96.57,101.09,-0.0121,0.0138,通过
优质处方,0.2,0.15,120,497,99.31,96.76,101.92,-0.007,0.0157,通过
优质处方,0.2,0.15,120,498,103.02,100.59,105.51,0.0298,0.0144,通过
优质处方,0.2,0.15,120,499,102.34,99.94,104.79,0.0231,0.0143,通过
优质处方,0.2,0.15,120,500,100.76,98.58,102.99,0.0076,0.0132,通过
优质处方,0.2,0.15,150,1,101.53,99.25,103.87,0.0152,0.0137,通过
优质处方,0.2,0.15,150,2,99.86,97.71,102.06,-0.0014,0.0132,通过
优质处方,0.2,0.15,150,3,102.4,100.31,104.53,0.0237,0.0125,通过
优质处方,0.2,0.15,150,4,99.86,97.84,101.93,-0.0014,0.0124,通过
优质处方,0.2,0.15,150,5,98.17,95.96,100.43,-0.0185,0.0138,通过
优质处方,0.2,0.15,150,6,100.38,98.32,102.48,0.0038,0.0125,通过
优质处方,0.2,0.15,150,7,101.64,99.49,103.85,0.0163,0.013,通过
优质处方,0.2,0.15,150,8,103.54,101.29,105.83,0.0347,0.0132,通过
优质处方,0.2,0.15,150,9,101.94,99.67,104.26,0.0192,0.0136,通过
优质处方,0.2,0.15,150,10,101.08,98.85,103.37,0.0108,0.0135,通过
优质处方,0.2,0.15,150,11,99.63,97.58,101.72,-0.0037,0.0126,通过
优质处方,0.2,0.15,150,12,102.14,99.86,104.48,0.0212,0.0137,通过
优质处方,0.2,0.15,150,13,101.63,99.25,104.06,0.0162,0.0143,通过
优质处方,0.2,0.15,150,14,100.43,98.44,102.46,0.0042,0.0121,通过
优质处方,0.2,0.15,150,15,101.92,100.04,103.84,0.0191,0.0113,通过
优质处方,0.2,0.15,150,16,101.05,98.89,103.25,0.0104,0.0131,通过
优质处方,0.2,0.15,150,17,101.47,99.26,103.74,0.0146,0.0133,通过
优质处方,0.2,0.15,150,18,100.92,98.93,102.96,0.0092,0.0121,通过
优质处方,0.2,0.15,150,19,99.23,97.13,101.38,-0.0077,0.013,通过
优质处方,0.2,0.15,150,20,101.31,99.42,103.23,0.013,0.0114,通过
优质处方,0.2,0.15,150,21,97.91,95.82,100.05,-0.0211,0.013,通过
优质处方,0.2,0.15,150,22,102.71,100.47,105.0,0.0267,0.0133,通过
优质处方,0.2,0.15,150,23,101.53,99.34,103.76,0.0152,0.0132,通过
优质处方,0.2,0.15,150,24,101.27,99.09,103.48,0.0126,0.0131,通过
优质处方,0.2,0.15,150,25,100.6,98.59,102.64,0.0059,0.0122,通过
优质处方,0.2,0.15,150,26,101.18,98.96,103.45,0.0117,0.0134,通过
优质处方,0.2,0.15,150,27,101.16,99.17,103.2,0.0115,0.012,通过
优质处方,0.2,0.15,150,28,100.6,98.5,102.75,0.006,0.0128,通过
优质处方,0.2,0.15,150,29,99.91,97.88,101.99,-0.0009,0.0124,通过
优质处方,0.2,0.15,150,30,102.73,100.71,104.78,0.0269,0.012,通过
优质处方,0.2,0.15,150,31,102.32,100.12,104.57,0.0229,0.0131,通过
优质处方,0.2,0.15,150,32,100.41,98.3,102.56,0.0041,0.0128,通过
优质处方,0.2,0.15,150,33,99.55,97.4,101.75,-0.0045,0.0132,通过
优质处方,0.2,0.15,150,34,103.39,101.14,105.7,0.0334,0.0133,通过
优质处方,0.2,0.15,150,35,100.82,98.87,102.8,0.0081,0.0118,通过
优质处方,0.2,0.15,150,36,101.55,99.5,103.64,0.0154,0.0123,通过
优质处方,0.2,0.15,150,37,100.33,98.1,102.62,0.0033,0.0136,通过
优质处方,0.2,0.15,150,38,101.57,99.36,103.82,0.0155,0.0133,通过
优质处方,0.2,0.15,150,39,101.27,99.1,103.49,0.0126,0.0131,通过
优质处方,0.2,0.15,150,40,99.03,97.05,101.05,-0.0098,0.0122,通过
优质处方,0.2,0.15,150,41,100.68,98.4,103.02,0.0068,0.0139,通过
优质处方,0.2,0.15,150,42,100.41,98.24,102.63,0.0041,0.0132,通过
优质处方,0.2,0.15,150,43,99.17,96.97,101.43,-0.0083,0.0136,通过
优质处方,0.2,0.15,150,44,101.23,99.16,103.33,0.0122,0.0124,通过
优质处方,0.2,0.15,150,45,102.5,100.16,104.89,0.0247,0.014,通过
优质处方,0.2,0.15,150,46,100.34,98.2,102.52,0.0034,0.013,通过
优质处方,0.2,0.15,150,47,99.89,97.8,102.03,-0.0011,0.0128,通过
优质处方,0.2,0.15,150,48,101.68,99.36,104.04,0.0166,0.0139,通过
优质处方,0.2,0.15,150,49,100.68,98.75,102.64,0.0068,0.0117,通过
优质处方,0.2,0.15,150,50,100.15,98.03,102.33,0.0015,0.013,通过
优质处方,0.2,0.15,150,51,102.16,100.0,104.37,0.0214,0.0129,通过
优质处方,0.2,0.15,150,52,102.2,100.02,104.43,0.0218,0.013,通过
优质处方,0.2,0.15,150,53,102.04,99.99,104.14,0.0202,0.0123,通过
优质处方,0.2,0.15,150,54,100.25,98.07,102.48,0.0025,0.0133,通过
优质处方,0.2,0.15,150,55,100.82,98.65,103.03,0.0081,0.0131,通过
优质处方,0.2,0.15,150,56,100.41,98.29,102.58,0.0041,0.0129,通过
优质处方,0.2,0.15,150,57,100.43,98.32,102.59,0.0043,0.0129,通过
优质处方,0.2,0.15,150,58,100.16,98.13,102.23,0.0016,0.0123,通过
优质处方,0.2,0.15,150,59,100.91,98.83,103.04,0.0091,0.0126,通过
优质处方,0.2,0.15,150,60,99.73,97.57,101.94,-0.0027,0.0132,通过
优质处方,0.2,0.15,150,61,102.54,100.27,104.86,0.0251,0.0135,通过
优质处方,0.2,0.15,150,62,102.01,99.79,104.28,0.0199,0.0133,通过
优质处方,0.2,0.15,150,63,101.3,99.12,103.52,0.0129,0.0131,通过
优质处方,0.2,0.15,150,64,101.27,99.23,103.34,0.0126,0.0123,通过
优质处方,0.2,0.15,150,65,101.92,99.97,103.91,0.019,0.0117,通过
优质处方,0.2,0.15,150,66,100.55,98.56,102.58,0.0055,0.0121,通过
优质处方,0.2,0.15,150,67,101.7,99.64,103.8,0.0168,0.0123,通过
优质处方,0.2,0.15,150,68,100.99,98.86,103.16,0.0098,0.0128,通过
优质处方,0.2,0.15,150,69,100.72,98.61,102.88,0.0072,0.0128,通过
优质处方,0.2,0.15,150,70,103.28,100.95,105.66,0.0322,0.0138,通过
优质处方,0.2,0.15,150,71,101.54,99.35,103.77,0.0153,0.0131,通过
优质处方,0.2,0.15,150,72,101.1,98.98,103.27,0.011,0.0128,通过
优质处方,0.2,0.15,150,73,102.24,100.25,104.27,0.0221,0.0119,通过
优质处方,0.2,0.15,150,74,100.82,98.7,102.99,0.0082,0.0129,通过
优质处方,0.2,0.15,150,75,100.31,98.31,102.35,0.0031,0.0122,通过
优质处方,0.2,0.15,150,76,100.82,98.67,103.01,0.0081,0.013,通过
优质处方,0.2,0.15,150,77,100.37,98.31,102.47,0.0037,0.0125,通过
优质处方,0.2,0.15,150,78,100.98,98.87,103.13,0.0097,0.0127,通过
优质处方,0.2,0.15,150,79,102.12,100.14,104.14,0.0209,0.0118,通过
优质处方,0.2,0.15,150,80,102.06,99.78,104.4,0.0204,0.0137,通过
优质处方,0.2,0.15,150,81,102.14,100.11,104.21,0.0212,0.0121,通过
优质处方,0.2,0.15,150,82,99.07,96.89,101.29,-0.0094,0.0134,通过
优质处方,0.2,0.15,150,83,101.64,99.42,103.91,0.0163,0.0133,通过
优质处方,0.2,0.15,150,84,101.01,98.84,103.23,0.0101,0.0131,通过
优质处方,0.2,0.15,150,85,101.16,99.11,103.26,0.0115,0.0124,通过
优质处方,0.2,0.15,150,86,101.83,99.67,104.03,0.0181,0.0129,通过
优质处方,0.2,0.15,150,87,99.06,97.11,101.05,-0.0094,0.012,通过
优质处方,0.2,0.15,150,88,102.43,99.98,104.95,0.024,0.0147,通过
优质处方,0.2,0.15,150,89,99.35,97.28,101.46,-0.0065,0.0127,通过
优质处方,0.2,0.15,150,90,101.51,99.27,103.8,0.015,0.0135,通过
优质处方,0.2,0.15,150,91,102.1,99.8,104.45,0.0208,0.0138,通过
优质处方,0.2,0.15,150,92,100.72,98.93,102.54,0.0072,0.0108,通过
优质处方,0.2,0.15,150,93,102.36,100.18,104.58,0.0233,0.013,通过
优质处方,0.2,0.15,150,94,99.84,97.81,101.92,-0.0016,0.0124,通过
优质处方,0.2,0.15,150,95,101.18,99.31,103.1,0.0118,0.0113,通过
优质处方,0.2,0.15,150,96,99.83,97.54,102.16,-0.0017,0.014,通过
优质处方,0.2,0.15,150,97,102.08,99.75,104.46,0.0206,0.014,通过
优质处方,0.2,0.15,150,98,102.86,100.42,105.36,0.0282,0.0145,通过
优质处方,0.2,0.15,150,99,99.31,97.21,101.45,-0.0069,0.0129,通过
优质处方,0.2,0.15,150,100,100.34,98.31,102.41,0.0034,0.0124,通过
优质处方,0.2,0.15,150,101,100.06,97.9,102.26,0.0006,0.0132,通过
优质处方,0.2,0.15,150,102,99.93,97.92,101.98,-0.0007,0.0123,通过
优质处方,0.2,0.15,150,103,101.78,99.57,104.04,0.0176,0.0132,通过
优质处方,0.2,0.15,150,104,102.04,99.85,104.29,0.0202,0.0131,通过
优质处方,0.2,0.15,150,105,102.57,100.45,104.73,0.0254,0.0126,通过
优质处方,0.2,0.15,150,106,99.53,97.33,101.78,-0.0047,0.0135,通过
优质处方,0.2,0.15,150,107,99.28,97.18,101.43,-0.0072,0.0129,通过
优质处方,0.2,0.15,150,108,98.55,96.58,100.57,-0.0146,0.0122,通过
优质处方,0.2,0.15,150,109,103.36,101.23,105.53,0.0331,0.0126,通过
优质处方,0.2,0.15,150,110,100.21,98.28,102.18,0.0021,0.0117,通过
优质处方,0.2,0.15,150,111,101.26,99.11,103.46,0.0126,0.013,通过
优质处方,0.2,0.15,150,112,100.72,98.58,102.91,0.0072,0.013,通过
优质处方,0.2,0.15,150,113,101.53,99.45,103.65,0.0152,0.0125,通过
优质处方,0.2,0.15,150,114,103.64,101.69,105.62,0.0357,0.0115,通过
优质处方,0.2,0.15,150,115,103.52,101.27,105.82,0.0346,0.0133,通过
优质处方,0.2,0.15,150,116,100.53,98.36,102.75,0.0053,0.0132,通过
优质处方,0.2,0.15,150,117,102.27,100.03,104.56,0.0225,0.0134,通过
优质处方,0.2,0.15,150,118,101.35,99.35,103.39,0.0134,0.012,通过
优质处方,0.2,0.15,150,119,101.37,99.3,103.48,0.0136,0.0125,通过
优质处方,0.2,0.15,150,120,101.54,99.45,103.67,0.0153,0.0126,通过
优质处方,0.2,0.15,150,121,99.35,97.36,101.38,-0.0065,0.0122,通过
优质处方,0.2,0.15,150,122,101.06,98.86,103.31,0.0105,0.0133,通过
优质处方,0.2,0.15,150,123,99.38,97.48,101.32,-0.0062,0.0117,通过
优质处方,0.2,0.15,150,124,100.17,98.04,102.34,0.0017,0.013,通过
优质处方,0.2,0.15,150,125,102.05,100.06,104.09,0.0203,0.0119,通过
优质处方,0.2,0.15,150,126,99.73,97.72,101.78,-0.0027,0.0123,通过
优质处方,0.2,0.15,150,127,102.73,100.6,104.91,0.0269,0.0127,通过
优质处方,0.2,0.15,150,128,101.4,99.19,103.66,0.0139,0.0133,通过
优质处方,0.2,0.15,150,129,101.45,99.33,103.61,0.0144,0.0127,通过
优质处方,0.2,0.15,150,130,101.03,98.94,103.16,0.0102,0.0126,通过
优质处方,0.2,0.15,150,131,102.92,100.83,105.05,0.0287,0.0124,通过
优质处方,0.2,0.15,150,132,102.73,100.7,104.81,0.027,0.0121,通过
优质处方,0.2,0.15,150,133,100.03,97.8,102.3,0.0003,0.0136,通过
优质处方,0.2,0.15,150,134,102.37,100.06,104.74,0.0234,0.0138,通过
优质处方,0.2,0.15,150,135,100.24,98.13,102.41,0.0024,0.0129,通过
优质处方,0.2,0.15,150,136,99.98,97.78,102.23,-0.0002,0.0134,通过
优质处方,0.2,0.15,150,137,98.64,96.75,100.56,-0.0137,0.0117,通过
优质处方,0.2,0.15,150,138,101.23,99.16,103.34,0.0122,0.0125,通过
优质处方,0.2,0.15,150,139,100.67,98.55,102.83,0.0067,0.0128,通过
优质处方,0.2,0.15,150,140,102.02,99.64,104.45,0.02,0.0142,通过
优质处方,0.2,0.15,150,141,98.83,96.78,100.92,-0.0118,0.0127,通过
优质处方,0.2,0.15,150,142,99.59,97.78,101.44,-0.0041,0.0111,通过
优质处方,0.2,0.15,150,143,99.84,97.66,102.06,-0.0016,0.0133,通过
优质处方,0.2,0.15,150,144,100.35,98.19,102.55,0.0035,0.0131,通过
优质处方,0.2,0.15,150,145,99.5,97.24,101.82,-0.005,0.0139,通过
优质处方,0.2,0.15,150,146,98.85,96.93,100.81,-0.0116,0.0119,通过
优质处方,0.2,0.15,150,147,99.09,96.96,101.26,-0.0091,0.0131,通过
优质处方,0.2,0.15,150,148,101.78,99.83,103.76,0.0176,0.0117,通过
优质处方,0.2,0.15,150,149,102.4,100.35,104.49,0.0237,0.0122,通过
优质处方,0.2,0.15,150,150,99.44,97.45,101.46,-0.0057,0.0122,通过
优质处方,0.2,0.15,150,151,101.08,98.85,103.36,0.0108,0.0135,通过
优质处方,0.2,0.15,150,152,101.53,99.6,103.49,0.0151,0.0116,通过
优质处方,0.2,0.15,150,153,102.44,100.23,104.69,0.0241,0.0132,通过
优质处方,0.2,0.15,150,154,99.57,97.43,101.75,-0.0043,0.0131,通过
优质处方,0.2,0.15,150,155,103.68,101.24,106.17,0.0361,0.0144,通过
优质处方,0.2,0.15,150,156,101.86,99.72,104.04,0.0184,0.0128,通过
优质处方,0.2,0.15,150,157,101.87,99.76,104.03,0.0185,0.0126,通过
优质处方,0.2,0.15,150,158,100.95,98.77,103.17,0.0094,0.0132,通过
优质处方,0.2,0.15,150,159,101.57,99.45,103.73,0.0156,0.0127,通过
优质处方,0.2,0.15,150,160,99.22,97.05,101.45,-0.0078,0.0134,通过
优质处方,0.2,0.15,150,161,99.02,96.95,101.14,-0.0098,0.0128,通过
优质处方,0.2,0.15,150,162,101.69,99.23,104.21,0.0168,0.0148,通过
优质处方,0.2,0.15,150,163,102.23,99.95,104.57,0.0221,0.0137,通过
优质处方,0.2,0.15,150,164,101.96,99.93,104.03,0.0194,0.0121,通过
优质处方,0.2,0.15,150,165,101.45,99.21,103.75,0.0144,0.0135,通过
优质处方,0.2,0.15,150,166,99.41,97.49,101.37,-0.0059,0.0118,通过
优质处方,0.2,0.15,150,167,101.26,99.08,103.48,0.0125,0.0131,通过
优质处方,0.2,0.15,150,168,102.59,100.27,104.95,0.0255,0.0138,通过
优质处方,0.2,0.15,150,169,98.49,96.51,100.5,-0.0152,0.0122,通过
优质处方,0.2,0.15,150,170,102.19,100.0,104.42,0.0216,0.0131,通过
优质处方,0.2,0.15,150,171,101.29,99.27,103.36,0.0128,0.0122,通过
优质处方,0.2,0.15,150,172,101.86,99.78,103.99,0.0184,0.0125,通过
优质处方,0.2,0.15,150,173,100.87,98.94,102.84,0.0087,0.0117,通过
优质处方,0.2,0.15,150,174,103.65,101.52,105.82,0.0358,0.0125,通过
优质处方,0.2,0.15,150,175,100.16,97.93,102.45,0.0016,0.0136,通过
优质处方,0.2,0.15,150,176,100.71,98.62,102.85,0.0071,0.0127,通过
优质处方,0.2,0.15,150,177,100.51,98.19,102.89,0.0051,0.0141,通过
优质处方,0.2,0.15,150,178,100.27,98.19,102.4,0.0027,0.0127,通过
优质处方,0.2,0.15,150,179,100.35,98.38,102.35,0.0035,0.012,通过
优质处方,0.2,0.15,150,180,100.4,98.28,102.55,0.004,0.0129,通过
优质处方,0.2,0.15,150,181,101.26,99.21,103.36,0.0126,0.0124,通过
优质处方,0.2,0.15,150,182,102.66,100.33,105.04,0.0262,0.0139,通过
优质处方,0.2,0.15,150,183,100.96,99.07,102.89,0.0096,0.0114,通过
优质处方,0.2,0.15,150,184,99.07,96.91,101.27,-0.0094,0.0133,通过
优质处方,0.2,0.15,150,185,100.74,98.74,102.79,0.0074,0.0121,通过
优质处方,0.2,0.15,150,186,99.9,97.96,101.88,-0.001,0.0119,通过
优质处方,0.2,0.15,150,187,101.41,99.48,103.38,0.014,0.0116,通过
优质处方,0.2,0.15,150,188,100.73,98.77,102.72,0.0072,0.0118,通过
优质处方,0.2,0.15,150,189,100.45,98.17,102.79,0.0045,0.0139,通过
优质处方,0.2,0.15,150,190,102.31,100.16,104.5,0.0228,0.0128,通过
优质处方,0.2,0.15,150,191,101.78,99.67,103.95,0.0177,0.0127,通过
优质处方,0.2,0.15,150,192,100.5,98.36,102.68,0.0049,0.013,通过
优质处方,0.2,0.15,150,193,100.13,97.94,102.37,0.0013,0.0134,通过
优质处方,0.2,0.15,150,194,101.67,99.82,103.55,0.0165,0.0111,通过
优质处方,0.2,0.15,150,195,98.11,96.0,100.26,-0.0191,0.0131,通过
优质处方,0.2,0.15,150,196,100.81,98.86,102.8,0.0081,0.0118,通过
优质处方,0.2,0.15,150,197,103.08,101.11,105.09,0.0304,0.0117,通过
优质处方,0.2,0.15,150,198,101.88,99.71,104.09,0.0186,0.013,通过
优质处方,0.2,0.15,150,199,102.92,100.66,105.24,0.0288,0.0134,通过
优质处方,0.2,0.15,150,200,100.76,98.88,102.68,0.0076,0.0114,通过
优质处方,0.2,0.15,150,201,102.13,99.98,104.33,0.0211,0.0128,通过
优质处方,0.2,0.15,150,202,103.56,101.27,105.89,0.035,0.0135,通过
优质处方,0.2,0.15,150,203,99.89,97.77,102.05,-0.0011,0.0129,通过
优质处方,0.2,0.15,150,204,100.58,98.39,102.81,0.0057,0.0132,通过
优质处方,0.2,0.15,150,205,102.83,100.81,104.89,0.0279,0.012,通过
优质处方,0.2,0.15,150,206,100.31,98.3,102.36,0.0031,0.0122,通过
优质处方,0.2,0.15,150,207,98.24,96.21,100.32,-0.0177,0.0126,通过
优质处方,0.2,0.15,150,208,97.05,94.97,99.18,-0.0299,0.0131,通过
优质处方,0.2,0.15,150,209,103.64,101.36,105.97,0.0358,0.0134,通过
优质处方,0.2,0.15,150,210,99.03,96.71,101.39,-0.0098,0.0143,通过
优质处方,0.2,0.15,150,211,100.98,98.91,103.1,0.0098,0.0126,通过
优质处方,0.2,0.15,150,212,101.55,99.47,103.68,0.0154,0.0125,通过
优质处方,0.2,0.15,150,213,98.63,96.47,100.84,-0.0138,0.0134,通过
优质处方,0.2,0.15,150,214,99.27,97.29,101.28,-0.0074,0.0121,通过
优质处方,0.2,0.15,150,215,100.11,97.94,102.32,0.0011,0.0132,通过
优质处方,0.2,0.15,150,216,101.71,99.75,103.7,0.0169,0.0117,通过
优质处方,0.2,0.15,150,217,100.24,98.02,102.52,0.0024,0.0136,通过
优质处方,0.2,0.15,150,218,100.02,97.99,102.1,0.0002,0.0124,通过
优质处方,0.2,0.15,150,219,101.06,99.08,103.07,0.0105,0.0119,通过
优质处方,0.2,0.15,150,220,100.8,98.81,102.84,0.008,0.0121,通过
优质处方,0.2,0.15,150,221,101.33,99.18,103.53,0.0132,0.013,通过
优质处方,0.2,0.15,150,222,98.41,96.36,100.5,-0.016,0.0127,通过
优质处方,0.2,0.15,150,223,102.4,100.1,104.75,0.0237,0.0137,通过
优质处方,0.2,0.15,150,224,100.75,98.68,102.87,0.0075,0.0126,通过
优质处方,0.2,0.15,150,225,99.52,97.39,101.7,-0.0048,0.0131,通过
优质处方,0.2,0.15,150,226,102.49,100.31,104.72,0.0246,0.013,通过
优质处方,0.2,0.15,150,227,105.11,102.88,107.39,0.0499,0.013,通过
优质处方,0.2,0.15,150,228,101.86,99.62,104.14,0.0184,0.0134,通过
优质处方,0.2,0.15,150,229,100.93,98.82,103.08,0.0092,0.0127,通过
优质处方,0.2,0.15,150,230,100.57,98.43,102.75,0.0057,0.013,通过
优质处方,0.2,0.15,150,231,102.46,100.49,104.48,0.0243,0.0118,通过
优质处方,0.2,0.15,150,232,101.24,99.1,103.43,0.0123,0.0129,通过
优质处方,0.2,0.15,150,233,100.81,98.68,102.99,0.0081,0.0129,通过
优质处方,0.2,0.15,150,234,99.4,97.28,101.57,-0.006,0.013,通过
优质处方,0.2,0.15,150,235,102.54,100.35,104.77,0.0251,0.013,通过
优质处方,0.2,0.15,150,236,97.65,95.68,99.66,-0.0238,0.0123,通过
优质处方,0.2,0.15,150,237,101.55,99.39,103.75,0.0154,0.013,通过
优质处方,0.2,0.15,150,238,104.13,102.01,106.29,0.0405,0.0124,通过
优质处方,0.2,0.15,150,239,100.09,97.94,102.28,0.0009,0.0131,通过
优质处方,0.2,0.15,150,240,102.99,100.77,105.26,0.0294,0.0132,通过
优质处方,0.2,0.15,150,241,102.47,100.3,104.68,0.0244,0.0129,通过
优质处方,0.2,0.15,150,242,102.34,100.33,104.38,0.0231,0.012,通过
优质处方,0.2,0.15,150,243,101.76,99.72,103.83,0.0174,0.0122,通过
优质处方,0.2,0.15,150,244,100.15,98.2,102.15,0.0015,0.0119,通过
优质处方,0.2,0.15,150,245,102.84,100.7,105.02,0.028,0.0127,通过
优质处方,0.2,0.15,150,246,102.12,99.92,104.38,0.021,0.0132,通过
优质处方,0.2,0.15,150,247,100.94,98.95,102.97,0.0094,0.012,通过
优质处方,0.2,0.15,150,248,100.92,98.62,103.26,0.0091,0.0139,通过
优质处方,0.2,0.15,150,249,100.53,98.42,102.69,0.0053,0.0128,通过
优质处方,0.2,0.15,150,250,103.32,100.98,105.71,0.0327,0.0138,通过
优质处方,0.2,0.15,150,251,101.77,99.59,104.0,0.0176,0.0131,通过
优质处方,0.2,0.15,150,252,101.21,99.03,103.44,0.012,0.0132,通过
优质处方,0.2,0.15,150,253,100.86,98.77,102.98,0.0085,0.0126,通过
优质处方,0.2,0.15,150,254,100.24,98.12,102.4,0.0024,0.0129,通过
优质处方,0.2,0.15,150,255,101.6,99.45,103.8,0.0159,0.0129,通过
优质处方,0.2,0.15,150,256,102.04,99.95,104.19,0.0202,0.0126,通过
优质处方,0.2,0.15,150,257,102.61,100.42,104.84,0.0257,0.013,通过
优质处方,0.2,0.15,150,258,102.69,100.53,104.9,0.0266,0.0128,通过
优质处方,0.2,0.15,150,259,102.57,100.4,104.79,0.0254,0.0129,通过
优质处方,0.2,0.15,150,260,99.39,97.05,101.79,-0.0061,0.0144,通过
优质处方,0.2,0.15,150,261,98.71,96.73,100.74,-0.0129,0.0123,通过
优质处方,0.2,0.15,150,262,99.42,97.37,101.5,-0.0059,0.0125,通过
优质处方,0.2,0.15,150,263,100.78,98.8,102.8,0.0077,0.012,通过
优质处方,0.2,0.15,150,264,98.54,96.43,100.7,-0.0147,0.0131,通过
优质处方,0.2,0.15,150,265,102.93,100.64,105.27,0.0289,0.0136,通过
优质处方,0.2,0.15,150,266,100.05,97.99,102.15,0.0005,0.0126,通过
优质处方,0.2,0.15,150,267,101.43,99.24,103.67,0.0142,0.0132,通过
优质处方,0.2,0.15,150,268,100.03,97.71,102.4,0.0003,0.0141,通过
优质处方,0.2,0.15,150,269,102.59,100.42,104.8,0.0255,0.0129,通过
优质处方,0.2,0.15,150,270,100.73,98.47,103.05,0.0073,0.0138,通过
优质处方,0.2,0.15,150,271,99.58,97.42,101.79,-0.0042,0.0133,通过
优质处方,0.2,0.15,150,272,103.62,101.25,106.05,0.0356,0.014,通过
优质处方,0.2,0.15,150,273,100.94,98.76,103.18,0.0094,0.0132,通过
优质处方,0.2,0.15,150,274,100.01,97.93,102.14,0.0001,0.0127,通过
优质处方,0.2,0.15,150,275,101.76,99.55,104.02,0.0175,0.0133,通过
优质处方,0.2,0.15,150,276,102.0,99.54,104.53,0.0198,0.0148,通过
优质处方,0.2,0.15,150,277,101.17,99.06,103.33,0.0117,0.0128,通过
优质处方,0.2,0.15,150,278,101.16,99.12,103.24,0.0115,0.0123,通过
优质处方,0.2,0.15,150,279,100.54,98.33,102.8,0.0054,0.0134,通过
优质处方,0.2,0.15,150,280,101.14,99.24,103.08,0.0113,0.0114,通过
优质处方,0.2,0.15,150,281,102.57,100.38,104.8,0.0253,0.013,通过
优质处方,0.2,0.15,150,282,99.92,97.76,102.12,-0.0008,0.0132,通过
优质处方,0.2,0.15,150,283,99.66,97.57,101.8,-0.0034,0.0128,通过
优质处方,0.2,0.15,150,284,100.42,98.34,102.54,0.0042,0.0126,通过
优质处方,0.2,0.15,150,285,102.1,100.02,104.23,0.0208,0.0124,通过
优质处方,0.2,0.15,150,286,99.97,97.89,102.09,-0.0003,0.0127,通过
优质处方,0.2,0.15,150,287,102.91,100.67,105.2,0.0287,0.0133,通过
优质处方,0.2,0.15,150,288,101.14,99.07,103.26,0.0114,0.0125,通过
优质处方,0.2,0.15,150,289,102.73,100.53,104.97,0.0269,0.0131,通过
优质处方,0.2,0.15,150,290,103.73,101.72,105.78,0.0366,0.0118,通过
优质处方,0.2,0.15,150,291,101.06,98.95,103.22,0.0105,0.0128,通过
优质处方,0.2,0.15,150,292,100.71,98.59,102.87,0.007,0.0128,通过
优质处方,0.2,0.15,150,293,103.34,101.11,105.63,0.0329,0.0132,通过
优质处方,0.2,0.15,150,294,102.71,100.57,104.89,0.0267,0.0127,通过
优质处方,0.2,0.15,150,295,98.69,96.71,100.72,-0.0132,0.0123,通过
优质处方,0.2,0.15,150,296,101.11,98.97,103.29,0.011,0.0129,通过
优质处方,0.2,0.15,150,297,101.4,99.45,103.38,0.0139,0.0117,通过
优质处方,0.2,0.15,150,298,100.86,98.88,102.87,0.0085,0.012,通过
优质处方,0.2,0.15,150,299,100.33,98.02,102.69,0.0033,0.0141,通过
优质处方,0.2,0.15,150,300,102.51,100.4,104.66,0.0247,0.0126,通过
优质处方,0.2,0.15,150,301,100.91,98.82,103.05,0.0091,0.0127,通过
优质处方,0.2,0.15,150,302,101.84,99.76,103.95,0.0182,0.0124,通过
优质处方,0.2,0.15,150,303,100.85,98.72,103.03,0.0085,0.0129,通过
优质处方,0.2,0.15,150,304,100.84,98.82,102.92,0.0084,0.0123,通过
优质处方,0.2,0.15,150,305,101.22,98.98,103.5,0.0121,0.0135,通过
优质处方,0.2,0.15,150,306,103.91,101.75,106.11,0.0383,0.0127,通过
优质处方,0.2,0.15,150,307,102.04,99.89,104.23,0.0202,0.0128,通过
优质处方,0.2,0.15,150,308,102.01,99.75,104.32,0.0199,0.0136,通过
优质处方,0.2,0.15,150,309,103.96,101.75,106.23,0.0389,0.013,通过
优质处方,0.2,0.15,150,310,100.37,98.37,102.41,0.0037,0.0122,通过
优质处方,0.2,0.15,150,311,99.42,97.35,101.54,-0.0058,0.0128,通过
优质处方,0.2,0.15,150,312,100.45,98.47,102.48,0.0045,0.0121,通过
优质处方,0.2,0.15,150,313,101.57,99.62,103.55,0.0155,0.0117,通过
优质处方,0.2,0.15,150,314,99.42,97.35,101.52,-0.0058,0.0127,通过
优质处方,0.2,0.15,150,315,102.03,100.04,104.07,0.0201,0.0119,通过
优质处方,0.2,0.15,150,316,102.04,99.96,104.17,0.0202,0.0124,通过
优质处方,0.2,0.15,150,317,100.75,98.93,102.61,0.0075,0.011,通过
优质处方,0.2,0.15,150,318,101.51,99.32,103.74,0.015,0.0132,通过
优质处方,0.2,0.15,150,319,102.84,100.58,105.15,0.028,0.0134,通过
优质处方,0.2,0.15,150,320,101.65,99.58,103.77,0.0164,0.0125,通过
优质处方,0.2,0.15,150,321,100.4,98.29,102.55,0.004,0.0128,通过
优质处方,0.2,0.15,150,322,100.94,98.82,103.11,0.0094,0.0128,通过
优质处方,0.2,0.15,150,323,101.7,99.58,103.87,0.0169,0.0128,通过
优质处方,0.2,0.15,150,324,102.19,100.08,104.34,0.0216,0.0126,通过
优质处方,0.2,0.15,150,325,100.5,98.68,102.36,0.005,0.0111,通过
优质处方,0.2,0.15,150,326,101.48,99.09,103.93,0.0147,0.0144,通过
优质处方,0.2,0.15,150,327,100.39,98.27,102.56,0.0039,0.0129,通过
优质处方,0.2,0.15,150,328,100.29,98.0,102.63,0.0029,0.0139,通过
优质处方,0.2,0.15,150,329,100.12,97.78,102.52,0.0012,0.0143,通过
优质处方,0.2,0.15,150,330,100.81,98.74,102.92,0.008,0.0125,通过
优质处方,0.2,0.15,150,331,99.06,96.94,101.22,-0.0095,0.013,通过
优质处方,0.2,0.15,150,332,97.88,95.87,99.94,-0.0214,0.0126,通过
优质处方,0.2,0.15,150,333,100.41,98.36,102.52,0.0041,0.0125,通过
优质处方,0.2,0.15,150,334,100.93,98.95,102.95,0.0093,0.012,通过
优质处方,0.2,0.15,150,335,97.94,95.76,100.16,-0.0208,0.0136,通过
优质处方,0.2,0.15,150,336,99.47,97.49,101.5,-0.0053,0.0122,通过
优质处方,0.2,0.15,150,337,100.41,98.39,102.47,0.0041,0.0123,通过
优质处方,0.2,0.15,150,338,100.38,98.51,102.28,0.0038,0.0114,通过
优质处方,0.2,0.15,150,339,100.97,98.69,103.3,0.0096,0.0138,通过
优质处方,0.2,0.15,150,340,101.41,99.38,103.48,0.014,0.0122,通过
优质处方,0.2,0.15,150,341,103.3,101.05,105.61,0.0325,0.0133,通过
优质处方,0.2,0.15,150,342,101.66,99.53,103.83,0.0164,0.0128,通过
优质处方,0.2,0.15,150,343,100.7,98.84,102.58,0.0069,0.0112,通过
优质处方,0.2,0.15,150,344,102.01,99.62,104.46,0.0199,0.0143,通过
优质处方,0.2,0.15,150,345,102.16,100.08,104.29,0.0214,0.0125,通过
优质处方,0.2,0.15,150,346,103.98,101.86,106.14,0.039,0.0124,通过
优质处方,0.2,0.15,150,347,102.23,100.06,104.46,0.0221,0.013,通过
优质处方,0.2,0.15,150,348,99.6,97.39,101.86,-0.004,0.0136,通过
优质处方,0.2,0.15,150,349,100.11,98.0,102.27,0.0011,0.0129,通过
优质处方,0.2,0.15,150,350,102.76,100.85,104.7,0.0272,0.0113,通过
优质处方,0.2,0.15,150,351,100.29,98.03,102.6,0.0029,0.0138,通过
优质处方,0.2,0.15,150,352,101.71,99.61,103.85,0.017,0.0126,通过
优质处方,0.2,0.15,150,353,100.51,98.4,102.66,0.0051,0.0128,通过
优质处方,0.2,0.15,150,354,100.77,98.69,102.9,0.0077,0.0126,通过
优质处方,0.2,0.15,150,355,102.41,100.3,104.57,0.0238,0.0126,通过
优质处方,0.2,0.15,150,356,101.1,99.09,103.15,0.0109,0.0121,通过
优质处方,0.2,0.15,150,357,102.74,100.51,105.03,0.0271,0.0133,通过
优质处方,0.2,0.15,150,358,99.96,97.91,102.05,-0.0004,0.0125,通过
优质处方,0.2,0.15,150,359,100.38,98.28,102.53,0.0038,0.0128,通过
优质处方,0.2,0.15,150,360,99.53,97.36,101.74,-0.0047,0.0133,通过
优质处方,0.2,0.15,150,361,102.37,100.29,104.5,0.0234,0.0124,通过
优质处方,0.2,0.15,150,362,104.18,101.97,106.43,0.0409,0.0129,通过
优质处方,0.2,0.15,150,363,101.14,99.06,103.27,0.0114,0.0126,通过
优质处方,0.2,0.15,150,364,99.77,97.44,102.16,-0.0023,0.0143,通过
优质处方,0.2,0.15,150,365,104.21,101.91,106.57,0.0413,0.0135,通过
优质处方,0.2,0.15,150,366,101.13,99.31,102.99,0.0112,0.011,通过
优质处方,0.2,0.15,150,367,101.34,99.39,103.34,0.0133,0.0118,通过
优质处方,0.2,0.15,150,368,101.09,98.94,103.28,0.0108,0.013,通过
优质处方,0.2,0.15,150,369,100.82,98.56,103.14,0.0082,0.0137,通过
优质处方,0.2,0.15,150,370,100.5,98.4,102.63,0.0049,0.0127,通过
优质处方,0.2,0.15,150,371,102.36,100.2,104.57,0.0233,0.0129,通过
优质处方,0.2,0.15,150,372,101.92,99.81,104.08,0.019,0.0126,通过
优质处方,0.2,0.15,150,373,99.72,97.44,102.05,-0.0028,0.014,通过
优质处方,0.2,0.15,150,374,100.91,98.79,103.08,0.0091,0.0129,通过
优质处方,0.2,0.15,150,375,101.07,99.15,103.03,0.0107,0.0116,通过
优质处方,0.2,0.15,150,376,99.19,96.95,101.48,-0.0082,0.0138,通过
优质处方,0.2,0.15,150,377,101.69,99.31,104.13,0.0168,0.0143,通过
优质处方,0.2,0.15,150,378,99.2,96.88,101.57,-0.0081,0.0143,通过
优质处方,0.2,0.15,150,379,100.14,97.9,102.44,0.0014,0.0137,通过
优质处方,0.2,0.15,150,380,101.58,99.29,103.93,0.0157,0.0138,通过
优质处方,0.2,0.15,150,381,100.64,98.56,102.77,0.0064,0.0126,通过
优质处方,0.2,0.15,150,382,100.24,98.07,102.47,0.0024,0.0133,通过
优质处方,0.2,0.15,150,383,100.17,98.07,102.31,0.0017,0.0128,通过
优质处方,0.2,0.15,150,384,101.18,99.05,103.37,0.0118,0.0129,通过
优质处方,0.2,0.15,150,385,101.9,99.94,103.91,0.0189,0.0118,通过
优质处方,0.2,0.15,150,386,99.98,97.71,102.31,-0.0002,0.0139,通过
优质处方,0.2,0.15,150,387,101.88,99.53,104.29,0.0186,0.0141,通过
优质处方,0.2,0.15,150,388,101.83,99.98,103.71,0.0181,0.0111,通过
优质处方,0.2,0.15,150,389,102.12,99.94,104.35,0.021,0.0131,通过
优质处方,0.2,0.15,150,390,101.34,99.08,103.64,0.0133,0.0136,通过
优质处方,0.2,0.15,150,391,102.6,100.61,104.64,0.0257,0.0119,通过
优质处方,0.2,0.15,150,392,99.98,97.85,102.15,-0.0002,0.013,通过
优质处方,0.2,0.15,150,393,102.1,100.02,104.21,0.0207,0.0124,通过
优质处方,0.2,0.15,150,394,101.69,99.56,103.87,0.0168,0.0128,通过
优质处方,0.2,0.15,150,395,101.52,99.66,103.41,0.0151,0.0112,通过
优质处方,0.2,0.15,150,396,99.59,97.4,101.82,-0.0041,0.0134,通过
优质处方,0.2,0.15,150,397,101.99,99.97,104.05,0.0197,0.0121,通过
优质处方,0.2,0.15,150,398,100.07,97.78,102.42,0.0007,0.014,通过
优质处方,0.2,0.15,150,399,102.33,100.16,104.55,0.0231,0.0129,通过
优质处方,0.2,0.15,150,400,101.32,99.25,103.43,0.0131,0.0125,通过
优质处方,0.2,0.15,150,401,100.93,98.69,103.21,0.0092,0.0135,通过
优质处方,0.2,0.15,150,402,100.64,98.62,102.7,0.0064,0.0122,通过
优质处方,0.2,0.15,150,403,102.79,100.73,104.9,0.0275,0.0123,通过
优质处方,0.2,0.15,150,404,97.86,95.71,100.06,-0.0217,0.0134,通过
优质处方,0.2,0.15,150,405,102.39,100.11,104.72,0.0236,0.0136,通过
优质处方,0.2,0.15,150,406,100.24,98.04,102.49,0.0024,0.0134,通过
优质处方,0.2,0.15,150,407,101.06,99.05,103.12,0.0106,0.0122,通过
优质处方,0.2,0.15,150,408,99.79,97.7,101.93,-0.0021,0.0128,通过
优质处方,0.2,0.15,150,409,101.08,98.9,103.3,0.0107,0.0131,通过
优质处方,0.2,0.15,150,410,100.24,98.27,102.24,0.0024,0.012,通过
优质处方,0.2,0.15,150,411,102.22,100.0,104.5,0.022,0.0133,通过
优质处方,0.2,0.15,150,412,100.28,98.0,102.62,0.0028,0.0139,通过
优质处方,0.2,0.15,150,413,104.16,101.92,106.45,0.0408,0.0131,通过
优质处方,0.2,0.15,150,414,101.04,98.95,103.18,0.0103,0.0126,通过
优质处方,0.2,0.15,150,415,101.01,99.04,103.03,0.0101,0.0119,通过
优质处方,0.2,0.15,150,416,100.81,98.54,103.13,0.0081,0.0138,通过
优质处方,0.2,0.15,150,417,100.55,98.58,102.55,0.0055,0.0119,通过
优质处方,0.2,0.15,150,418,101.71,99.57,103.89,0.0169,0.0128,通过
优质处方,0.2,0.15,150,419,101.32,99.39,103.29,0.0131,0.0116,通过
优质处方,0.2,0.15,150,420,102.41,100.07,104.81,0.0238,0.014,通过
优质处方,0.2,0.15,150,421,98.88,96.69,101.12,-0.0113,0.0136,通过
优质处方,0.2,0.15,150,422,99.96,97.96,102.0,-0.0004,0.0122,通过
优质处方,0.2,0.15,150,423,101.4,99.36,103.49,0.0139,0.0123,通过
优质处方,0.2,0.15,150,424,97.44,95.44,99.47,-0.026,0.0125,通过
优质处方,0.2,0.15,150,425,100.17,97.98,102.42,0.0017,0.0134,通过
优质处方,0.2,0.15,150,426,101.14,99.18,103.14,0.0113,0.0118,通过
优质处方,0.2,0.15,150,427,101.1,98.83,103.41,0.0109,0.0137,通过
优质处方,0.2,0.15,150,428,101.92,99.82,104.06,0.019,0.0125,通过
优质处方,0.2,0.15,150,429,103.95,101.56,106.4,0.0388,0.014,通过
优质处方,0.2,0.15,150,430,100.14,98.02,102.3,0.0014,0.0129,通过
优质处方,0.2,0.15,150,431,100.7,98.73,102.71,0.007,0.0119,通过
优质处方,0.2,0.15,150,432,100.61,98.73,102.53,0.0061,0.0114,通过
优质处方,0.2,0.15,150,433,101.06,99.13,103.03,0.0105,0.0116,通过
优质处方,0.2,0.15,150,434,98.68,96.56,100.86,-0.0133,0.0132,通过
优质处方,0.2,0.15,150,435,101.25,99.03,103.51,0.0124,0.0134,通过
优质处方,0.2,0.15,150,436,100.72,98.64,102.84,0.0072,0.0126,通过
优质处方,0.2,0.15,150,437,102.24,100.12,104.41,0.0222,0.0127,通过
优质处方,0.2,0.15,150,438,102.63,100.27,105.06,0.026,0.0141,通过
优质处方,0.2,0.15,150,439,102.12,100.05,104.23,0.021,0.0123,通过
优质处方,0.2,0.15,150,440,100.42,98.35,102.54,0.0042,0.0126,通过
优质处方,0.2,0.15,150,441,99.53,97.5,101.61,-0.0047,0.0125,通过
优质处方,0.2,0.15,150,442,101.1,98.98,103.26,0.0109,0.0128,通过
优质处方,0.2,0.15,150,443,101.64,99.6,103.73,0.0163,0.0123,通过
优质处方,0.2,0.15,150,444,99.26,97.39,101.15,-0.0075,0.0114,通过
优质处方,0.2,0.15,150,445,100.69,98.61,102.81,0.0069,0.0126,通过
优质处方,0.2,0.15,150,446,100.75,98.31,103.26,0.0075,0.0148,通过
优质处方,0.2,0.15,150,447,99.89,97.84,101.99,-0.0011,0.0125,通过
优质处方,0.2,0.15,150,448,100.43,98.05,102.86,0.0043,0.0145,通过
优质处方,0.2,0.15,150,449,101.82,99.6,104.08,0.018,0.0133,通过
优质处方,0.2,0.15,150,450,99.78,97.69,101.91,-0.0022,0.0128,通过
优质处方,0.2,0.15,150,451,103.61,101.57,105.69,0.0354,0.012,通过
优质处方,0.2,0.15,150,452,98.0,96.03,100.02,-0.0202,0.0123,通过
优质处方,0.2,0.15,150,453,100.4,98.23,102.61,0.004,0.0132,通过
优质处方,0.2,0.15,150,454,102.6,100.39,104.87,0.0257,0.0132,通过
优质处方,0.2,0.15,150,455,102.31,100.25,104.41,0.0228,0.0123,通过
优质处方,0.2,0.15,150,456,102.8,100.47,105.18,0.0276,0.0138,通过
优质处方,0.2,0.15,150,457,101.73,99.57,103.94,0.0172,0.013,通过
优质处方,0.2,0.15,150,458,101.04,98.86,103.28,0.0104,0.0132,通过
优质处方,0.2,0.15,150,459,101.69,99.74,103.67,0.0167,0.0117,通过
优质处方,0.2,0.15,150,460,99.48,97.57,101.43,-0.0052,0.0117,通过
优质处方,0.2,0.15,150,461,100.17,98.2,102.19,0.0017,0.012,通过
优质处方,0.2,0.15,150,462,101.56,99.5,103.67,0.0155,0.0124,通过
优质处方,0.2,0.15,150,463,100.13,98.04,102.27,0.0013,0.0127,通过
优质处方,0.2,0.15,150,464,99.69,97.49,101.95,-0.0031,0.0135,通过
优质处方,0.2,0.15,150,465,99.12,97.22,101.07,-0.0088,0.0117,通过
优质处方,0.2,0.15,150,466,101.0,98.99,103.04,0.0099,0.0121,通过
优质处方,0.2,0.15,150,467,101.77,99.48,104.11,0.0175,0.0137,通过
优质处方,0.2,0.15,150,468,102.47,100.43,104.55,0.0244,0.0121,通过
优质处方,0.2,0.15,150,469,102.4,100.35,104.5,0.0238,0.0123,通过
优质处方,0.2,0.15,150,470,100.8,98.55,103.11,0.008,0.0137,通过
优质处方,0.2,0.15,150,471,99.62,97.54,101.76,-0.0038,0.0128,通过
优质处方,0.2,0.15,150,472,103.1,100.71,105.53,0.0305,0.0141,通过
优质处方,0.2,0.15,150,473,101.24,99.28,103.24,0.0124,0.0118,通过
优质处方,0.2,0.15,150,474,103.35,101.17,105.58,0.033,0.0129,通过
优质处方,0.2,0.15,150,475,100.69,98.41,103.02,0.0069,0.0138,通过
优质处方,0.2,0.15,150,476,100.14,97.85,102.48,0.0013,0.014,通过
优质处方,0.2,0.15,150,477,100.72,98.56,102.93,0.0072,0.0131,通过
优质处方,0.2,0.15,150,478,101.6,99.39,103.86,0.0159,0.0133,通过
优质处方,0.2,0.15,150,479,100.79,98.56,103.07,0.0079,0.0135,通过
优质处方,0.2,0.15,150,480,100.05,98.11,102.04,0.0005,0.0119,通过
优质处方,0.2,0.15,150,481,100.71,98.74,102.72,0.0071,0.0119,通过
优质处方,0.2,0.15,150,482,104.15,102.22,106.11,0.0406,0.0113,通过
优质处方,0.2,0.15,150,483,101.39,99.47,103.36,0.0138,0.0116,通过
优质处方,0.2,0.15,150,484,101.39,99.23,103.59,0.0138,0.013,通过
优质处方,0.2,0.15,150,485,99.34,97.23,101.5,-0.0066,0.013,通过
优质处方,0.2,0.15,150,486,100.71,98.55,102.91,0.007,0.0131,通过
优质处方,0.2,0.15,150,487,102.2,99.84,104.63,0.0218,0.0142,通过
优质处方,0.2,0.15,150,488,102.25,100.03,104.52,0.0223,0.0133,通过
优质处方,0.2,0.15,150,489,99.67,97.35,102.03,-0.0033,0.0142,通过
优质处方,0.2,0.15,150,490,101.31,99.19,103.47,0.013,0.0128,通过
优质处方,0.2,0.15,150,491,99.5,97.33,101.73,-0.005,0.0134,通过
优质处方,0.2,0.15,150,492,103.63,101.44,105.87,0.0356,0.0129,通过
优质处方,0.2,0.15,150,493,101.42,99.31,103.58,0.0141,0.0127,通过
优质处方,0.2,0.15,150,494,99.82,97.85,101.83,-0.0018,0.012,通过
优质处方,0.2,0.15,150,495,100.07,97.94,102.26,0.0007,0.013,通过
优质处方,0.2,0.15,150,496,100.29,98.15,102.48,0.0029,0.0131,通过
优质处方,0.2,0.15,150,497,102.48,100.43,104.57,0.0245,0.0122,通过
优质处方,0.2,0.15,150,498,100.38,98.37,102.44,0.0038,0.0123,通过
优质处方,0.2,0.15,150,499,100.25,98.16,102.38,0.0025,0.0127,通过
优质处方,0.2,0.15,150,500,102.66,100.66,104.71,0.0263,0.0119,通过
普通处方,0.4,0.3,12,1,120.44,105.99,136.87,0.186,0.0712,失败
普通处方,0.4,0.3,12,2,106.32,91.17,123.99,0.0613,0.0856,通过
普通处方,0.4,0.3,12,3,108.59,89.46,131.8,0.0824,0.1079,失败
普通处方,0.4,0.3,12,4,101.24,88.84,115.37,0.0123,0.0727,通过
普通处方,0.4,0.3,12,5,109.0,89.08,133.37,0.0861,0.1124,失败
普通处方,0.4,0.3,12,6,99.08,88.35,111.11,-0.0093,0.0638,通过
普通处方,0.4,0.3,12,7,95.66,80.88,113.15,-0.0443,0.0935,通过
普通处方,0.4,0.3,12,8,95.61,78.13,117.01,-0.0448,0.1124,失败
普通处方,0.4,0.3,12,9,106.02,90.79,123.8,0.0584,0.0863,通过
普通处方,0.4,0.3,12,10,110.86,98.14,125.23,0.1031,0.0679,失败
普通处方,0.4,0.3,12,11,96.5,86.04,108.24,-0.0356,0.0639,通过
普通处方,0.4,0.3,12,12,91.21,78.21,106.38,-0.092,0.0857,失败
普通处方,0.4,0.3,12,13,104.57,88.57,123.45,0.0447,0.0924,通过
普通处方,0.4,0.3,12,14,114.47,94.34,138.89,0.1351,0.1077,失败
普通处方,0.4,0.3,12,15,112.49,98.92,127.93,0.1177,0.0716,失败
普通处方,0.4,0.3,12,16,103.25,89.29,119.39,0.032,0.0809,通过
普通处方,0.4,0.3,12,17,103.39,88.74,120.46,0.0333,0.0851,通过
普通处方,0.4,0.3,12,18,102.69,89.33,118.04,0.0265,0.0776,通过
普通处方,0.4,0.3,12,19,119.38,106.58,133.72,0.1772,0.0632,失败
普通处方,0.4,0.3,12,20,97.15,85.88,109.9,-0.0289,0.0687,通过
普通处方,0.4,0.3,12,21,105.61,88.92,125.43,0.0546,0.0958,失败
普通处方,0.4,0.3,12,22,96.76,82.62,113.32,-0.0329,0.088,通过
普通处方,0.4,0.3,12,23,113.84,100.13,129.43,0.1297,0.0715,失败
普通处方,0.4,0.3,12,24,95.31,79.67,114.03,-0.048,0.0998,失败
普通处方,0.4,0.3,12,25,101.73,84.11,123.05,0.0172,0.1059,通过
普通处方,0.4,0.3,12,26,112.9,99.35,128.3,0.1213,0.0712,失败
普通处方,0.4,0.3,12,27,99.63,84.97,116.84,-0.0037,0.0887,通过
普通处方,0.4,0.3,12,28,96.42,78.09,119.06,-0.0364,0.1174,失败
普通处方,0.4,0.3,12,29,93.8,81.01,108.6,-0.064,0.0816,通过
普通处方,0.4,0.3,12,30,111.76,99.25,125.85,0.1112,0.0661,失败
普通处方,0.4,0.3,12,31,97.45,84.37,112.55,-0.0259,0.0802,通过
普通处方,0.4,0.3,12,32,93.33,79.78,109.19,-0.069,0.0874,失败
普通处方,0.4,0.3,12,33,108.75,91.38,129.42,0.0839,0.0969,失败
普通处方,0.4,0.3,12,34,113.53,96.97,132.92,0.1269,0.0878,失败
普通处方,0.4,0.3,12,35,92.72,81.4,105.6,-0.0756,0.0725,通过
普通处方,0.4,0.3,12,36,85.8,72.1,102.09,-0.1532,0.0968,失败
普通处方,0.4,0.3,12,37,104.94,90.47,121.73,0.0483,0.0826,通过
普通处方,0.4,0.3,12,38,101.54,87.8,117.42,0.0153,0.0809,通过
普通处方,0.4,0.3,12,39,84.44,73.1,97.55,-0.1691,0.0803,失败
普通处方,0.4,0.3,12,40,107.6,90.75,127.58,0.0732,0.0948,失败
普通处方,0.4,0.3,12,41,107.97,91.34,127.61,0.0766,0.0931,失败
普通处方,0.4,0.3,12,42,88.67,77.35,101.64,-0.1203,0.076,失败
普通处方,0.4,0.3,12,43,99.0,85.09,115.17,-0.0101,0.0843,通过
普通处方,0.4,0.3,12,44,107.07,91.0,125.98,0.0683,0.0906,失败
普通处方,0.4,0.3,12,45,101.61,90.88,113.61,0.016,0.0621,通过
普通处方,0.4,0.3,12,46,104.03,86.1,125.71,0.0395,0.1054,失败
普通处方,0.4,0.3,12,47,98.94,89.69,109.13,-0.0107,0.0546,通过
普通处方,0.4,0.3,12,48,96.86,84.38,111.19,-0.0319,0.0768,通过
普通处方,0.4,0.3,12,49,109.28,95.02,125.68,0.0887,0.0779,失败
普通处方,0.4,0.3,12,50,92.55,76.34,112.2,-0.0774,0.1072,失败
普通处方,0.4,0.3,12,51,104.45,84.63,128.9,0.0435,0.1171,失败
普通处方,0.4,0.3,12,52,107.78,88.2,131.7,0.0749,0.1116,失败
普通处方,0.4,0.3,12,53,111.18,97.56,126.71,0.106,0.0728,失败
普通处方,0.4,0.3,12,54,96.84,79.11,118.55,-0.0321,0.1126,失败
普通处方,0.4,0.3,12,55,107.94,96.52,120.71,0.0764,0.0623,通过
普通处方,0.4,0.3,12,56,104.67,88.28,124.1,0.0456,0.0948,通过
普通处方,0.4,0.3,12,57,109.22,96.22,123.98,0.0882,0.0706,通过
普通处方,0.4,0.3,12,58,120.54,101.73,142.83,0.1868,0.0945,失败
普通处方,0.4,0.3,12,59,101.43,91.17,112.85,0.0142,0.0594,通过
普通处方,0.4,0.3,12,60,114.75,100.19,131.43,0.1376,0.0756,失败
普通处方,0.4,0.3,12,61,96.06,81.64,113.04,-0.0402,0.0906,通过
普通处方,0.4,0.3,12,62,116.41,100.46,134.89,0.1519,0.082,失败
普通处方,0.4,0.3,12,63,101.71,89.28,115.86,0.0169,0.0725,通过
普通处方,0.4,0.3,12,64,89.22,79.99,99.51,-0.1141,0.0608,失败
普通处方,0.4,0.3,12,65,100.21,89.99,111.58,0.0021,0.0598,通过
普通处方,0.4,0.3,12,66,93.2,76.23,113.93,-0.0705,0.1119,失败
普通处方,0.4,0.3,12,67,110.61,96.84,126.33,0.1008,0.074,失败
普通处方,0.4,0.3,12,68,100.39,85.65,117.66,0.0039,0.0884,通过
普通处方,0.4,0.3,12,69,94.13,84.55,104.79,-0.0605,0.0597,通过
普通处方,0.4,0.3,12,70,96.53,78.44,118.78,-0.0353,0.1155,失败
普通处方,0.4,0.3,12,71,84.5,74.69,95.6,-0.1684,0.0687,失败
普通处方,0.4,0.3,12,72,109.31,96.58,123.71,0.089,0.0689,通过
普通处方,0.4,0.3,12,73,108.27,95.6,122.61,0.0794,0.0693,通过
普通处方,0.4,0.3,12,74,114.07,97.9,132.92,0.1317,0.0851,失败
普通处方,0.4,0.3,12,75,101.22,86.1,119.0,0.0121,0.0901,通过
普通处方,0.4,0.3,12,76,93.99,82.21,107.47,-0.0619,0.0746,通过
普通处方,0.4,0.3,12,77,91.23,78.66,105.81,-0.0918,0.0826,失败
普通处方,0.4,0.3,12,78,108.45,96.08,122.42,0.0811,0.0675,通过
普通处方,0.4,0.3,12,79,119.66,102.7,139.43,0.1795,0.0851,失败
普通处方,0.4,0.3,12,80,113.2,99.88,128.29,0.124,0.0697,失败
普通处方,0.4,0.3,12,81,102.22,86.19,121.24,0.022,0.095,通过
普通处方,0.4,0.3,12,82,106.46,94.18,120.34,0.0626,0.0683,通过
普通处方,0.4,0.3,12,83,110.63,97.81,125.12,0.101,0.0686,失败
普通处方,0.4,0.3,12,84,95.09,84.83,106.6,-0.0503,0.0636,通过
普通处方,0.4,0.3,12,85,104.1,92.0,117.79,0.0402,0.0688,通过
普通处方,0.4,0.3,12,86,90.46,77.81,105.18,-0.1002,0.0839,失败
普通处方,0.4,0.3,12,87,108.27,92.28,127.03,0.0795,0.089,失败
普通处方,0.4,0.3,12,88,110.28,98.64,123.3,0.0979,0.0621,通过
普通处方,0.4,0.3,12,89,100.22,89.14,112.67,0.0022,0.0652,通过
普通处方,0.4,0.3,12,90,100.9,81.89,124.31,0.0089,0.1162,通过
普通处方,0.4,0.3,12,91,103.95,83.46,129.47,0.0387,0.1222,失败
普通处方,0.4,0.3,12,92,105.4,92.52,120.08,0.0526,0.0726,通过
普通处方,0.4,0.3,12,93,115.89,101.79,131.96,0.1475,0.0723,失败
普通处方,0.4,0.3,12,94,97.73,88.86,107.48,-0.023,0.053,通过
普通处方,0.4,0.3,12,95,99.88,82.19,121.39,-0.0012,0.1086,通过
普通处方,0.4,0.3,12,96,96.23,83.86,110.43,-0.0384,0.0766,通过
普通处方,0.4,0.3,12,97,118.07,99.42,140.21,0.1661,0.0957,失败
普通处方,0.4,0.3,12,98,97.01,81.78,115.08,-0.0303,0.0951,通过
普通处方,0.4,0.3,12,99,95.2,81.39,111.35,-0.0492,0.0873,通过
普通处方,0.4,0.3,12,100,94.4,79.86,111.58,-0.0577,0.0931,失败
普通处方,0.4,0.3,12,101,101.76,91.5,113.18,0.0175,0.0592,通过
普通处方,0.4,0.3,12,102,115.47,100.02,133.3,0.1438,0.08,失败
普通处方,0.4,0.3,12,103,105.72,92.52,120.8,0.0556,0.0742,通过
普通处方,0.4,0.3,12,104,98.25,87.61,110.19,-0.0176,0.0638,通过
普通处方,0.4,0.3,12,105,119.17,101.14,140.42,0.1754,0.0914,失败
普通处方,0.4,0.3,12,106,113.46,93.08,138.28,0.1262,0.1102,失败
普通处方,0.4,0.3,12,107,93.24,85.5,101.68,-0.07,0.0482,通过
普通处方,0.4,0.3,12,108,112.45,92.77,136.32,0.1174,0.1072,失败
普通处方,0.4,0.3,12,109,115.27,98.32,135.13,0.1421,0.0885,失败
普通处方,0.4,0.3,12,110,95.07,78.07,115.77,-0.0506,0.1097,失败
普通处方,0.4,0.3,12,111,103.39,89.92,118.86,0.0333,0.0777,通过
普通处方,0.4,0.3,12,112,105.39,87.42,127.06,0.0525,0.1041,失败
普通处方,0.4,0.3,12,113,100.74,89.74,113.08,0.0073,0.0644,通过
普通处方,0.4,0.3,12,114,114.08,96.53,134.83,0.1318,0.093,失败
普通处方,0.4,0.3,12,115,115.73,103.01,130.02,0.1461,0.0648,失败
普通处方,0.4,0.3,12,116,99.21,84.25,116.81,-0.008,0.091,通过
普通处方,0.4,0.3,12,117,93.58,80.77,108.41,-0.0664,0.0819,通过
普通处方,0.4,0.3,12,118,109.0,98.23,120.95,0.0862,0.0579,通过
普通处方,0.4,0.3,12,119,91.73,79.06,106.45,-0.0863,0.0828,失败
普通处方,0.4,0.3,12,120,119.63,105.37,135.82,0.1792,0.0707,失败
普通处方,0.4,0.3,12,121,110.64,100.19,122.17,0.1011,0.0552,通过
普通处方,0.4,0.3,12,122,106.35,86.14,131.31,0.0616,0.1174,失败
普通处方,0.4,0.3,12,123,108.51,92.62,127.12,0.0817,0.0881,失败
普通处方,0.4,0.3,12,124,113.86,96.1,134.89,0.1298,0.0944,失败
普通处方,0.4,0.3,12,125,86.25,73.43,101.32,-0.1479,0.0897,失败
普通处方,0.4,0.3,12,126,96.22,82.65,112.02,-0.0385,0.0847,通过
普通处方,0.4,0.3,12,127,95.96,84.96,108.39,-0.0412,0.0678,通过
普通处方,0.4,0.3,12,128,109.33,95.64,124.98,0.0892,0.0745,通过
普通处方,0.4,0.3,12,129,101.29,92.55,110.86,0.0128,0.0503,通过
普通处方,0.4,0.3,12,130,110.09,98.13,123.51,0.0961,0.064,通过
普通处方,0.4,0.3,12,131,111.85,98.97,126.4,0.112,0.0681,失败
普通处方,0.4,0.3,12,132,110.52,95.68,127.67,0.1001,0.0803,失败
普通处方,0.4,0.3,12,133,102.97,85.09,124.6,0.0292,0.1062,通过
普通处方,0.4,0.3,12,134,94.99,82.17,109.81,-0.0514,0.0807,通过
普通处方,0.4,0.3,12,135,119.9,107.38,133.88,0.1815,0.0614,失败
普通处方,0.4,0.3,12,136,109.49,96.07,124.78,0.0906,0.0728,通过
普通处方,0.4,0.3,12,137,95.14,81.39,111.22,-0.0498,0.0869,通过
普通处方,0.4,0.3,12,138,87.71,77.98,98.66,-0.1311,0.0655,失败
普通处方,0.4,0.3,12,139,100.86,89.63,113.49,0.0086,0.0657,通过
普通处方,0.4,0.3,12,140,110.38,98.75,123.37,0.0987,0.062,通过
普通处方,0.4,0.3,12,141,108.92,94.23,125.9,0.0855,0.0807,失败
普通处方,0.4,0.3,12,142,101.15,88.33,115.82,0.0114,0.0754,通过
普通处方,0.4,0.3,12,143,107.61,95.02,121.88,0.0734,0.0693,通过
普通处方,0.4,0.3,12,144,110.25,89.2,136.26,0.0975,0.118,失败
普通处方,0.4,0.3,12,145,91.84,81.75,103.17,-0.0852,0.0648,通过
普通处方,0.4,0.3,12,146,111.87,95.75,130.71,0.1122,0.0867,失败
普通处方,0.4,0.3,12,147,99.84,89.17,111.79,-0.0016,0.063,通过
普通处方,0.4,0.3,12,148,115.69,97.11,137.82,0.1457,0.0975,失败
普通处方,0.4,0.3,12,149,106.82,94.27,121.03,0.0659,0.0695,通过
普通处方,0.4,0.3,12,150,97.14,85.63,110.2,-0.029,0.0702,通过
普通处方,0.4,0.3,12,151,105.59,93.06,119.82,0.0544,0.0704,通过
普通处方,0.4,0.3,12,152,107.61,87.14,132.9,0.0734,0.1175,失败
普通处方,0.4,0.3,12,153,110.06,93.75,129.22,0.0959,0.0893,失败
普通处方,0.4,0.3,12,154,111.59,92.91,134.02,0.1097,0.102,失败
普通处方,0.4,0.3,12,155,103.52,91.49,117.13,0.0346,0.0688,通过
普通处方,0.4,0.3,12,156,108.91,96.05,123.5,0.0854,0.07,通过
普通处方,0.4,0.3,12,157,99.94,87.61,114.0,-0.0006,0.0733,通过
普通处方,0.4,0.3,12,158,93.37,79.0,110.35,-0.0686,0.093,失败
普通处方,0.4,0.3,12,159,113.63,97.7,132.16,0.1278,0.0841,失败
普通处方,0.4,0.3,12,160,105.83,89.95,124.5,0.0566,0.0905,通过
普通处方,0.4,0.3,12,161,90.9,78.75,104.92,-0.0954,0.0799,失败
普通处方,0.4,0.3,12,162,101.45,83.7,122.98,0.0144,0.1071,通过
普通处方,0.4,0.3,12,163,112.43,98.75,128.0,0.1171,0.0722,失败
普通处方,0.4,0.3,12,164,93.51,78.99,110.71,-0.0671,0.094,失败
普通处方,0.4,0.3,12,165,102.31,88.47,118.32,0.0229,0.0809,通过
普通处方,0.4,0.3,12,166,110.77,97.86,125.4,0.1023,0.069,失败
普通处方,0.4,0.3,12,167,98.39,88.01,109.99,-0.0162,0.0621,通过
普通处方,0.4,0.3,12,168,93.86,79.23,111.21,-0.0633,0.0944,失败
普通处方,0.4,0.3,12,169,103.38,91.91,116.27,0.0332,0.0655,通过
普通处方,0.4,0.3,12,170,117.09,98.56,139.1,0.1578,0.0959,失败
普通处方,0.4,0.3,12,171,111.42,99.41,124.87,0.1081,0.0635,通过
普通处方,0.4,0.3,12,172,102.0,81.3,127.97,0.0198,0.1263,失败
普通处方,0.4,0.3,12,173,99.49,83.86,118.03,-0.0051,0.0952,通过
普通处方,0.4,0.3,12,174,109.43,99.47,120.39,0.0902,0.0531,通过
普通处方,0.4,0.3,12,175,109.58,94.77,126.7,0.0914,0.0808,失败
普通处方,0.4,0.3,12,176,96.48,81.89,113.68,-0.0358,0.0913,通过
普通处方,0.4,0.3,12,177,96.04,86.62,106.48,-0.0404,0.0575,通过
普通处方,0.4,0.3,12,178,95.51,85.07,107.23,-0.0459,0.0644,通过
普通处方,0.4,0.3,12,179,100.56,86.89,116.38,0.0056,0.0814,通过
普通处方,0.4,0.3,12,180,101.94,85.36,121.73,0.0192,0.0988,通过
普通处方,0.4,0.3,12,181,94.45,85.25,104.63,-0.0571,0.057,通过
普通处方,0.4,0.3,12,182,90.42,77.2,105.91,-0.1007,0.0881,失败
普通处方,0.4,0.3,12,183,111.45,97.8,127.02,0.1084,0.0728,失败
普通处方,0.4,0.3,12,184,101.4,90.48,113.63,0.0139,0.0634,通过
普通处方,0.4,0.3,12,185,95.89,86.73,106.01,-0.042,0.0559,通过
普通处方,0.4,0.3,12,186,89.38,77.64,102.89,-0.1123,0.0784,失败
普通处方,0.4,0.3,12,187,96.34,78.49,118.26,-0.0373,0.1141,失败
普通处方,0.4,0.3,12,188,116.93,103.51,132.08,0.1564,0.0679,失败
普通处方,0.4,0.3,12,189,102.56,90.96,115.63,0.0252,0.0668,通过
普通处方,0.4,0.3,12,190,89.73,77.3,104.17,-0.1083,0.083,失败
普通处方,0.4,0.3,12,191,109.03,94.45,125.85,0.0864,0.0799,失败
普通处方,0.4,0.3,12,192,88.23,73.5,105.92,-0.1252,0.1017,失败
普通处方,0.4,0.3,12,193,110.34,91.64,132.86,0.0984,0.1034,失败
普通处方,0.4,0.3,12,194,102.77,90.77,116.35,0.0273,0.0691,通过
普通处方,0.4,0.3,12,195,113.12,93.01,137.59,0.1233,0.109,失败
普通处方,0.4,0.3,12,196,98.84,87.62,111.5,-0.0116,0.0671,通过
普通处方,0.4,0.3,12,197,108.86,92.72,127.82,0.0849,0.0894,失败
普通处方,0.4,0.3,12,198,106.87,90.49,126.22,0.0665,0.0926,失败
普通处方,0.4,0.3,12,199,104.44,91.78,118.84,0.0434,0.0719,通过
普通处方,0.4,0.3,12,200,93.13,74.79,115.98,-0.0711,0.1222,失败
普通处方,0.4,0.3,12,201,99.91,88.31,113.02,-0.0009,0.0687,通过
普通处方,0.4,0.3,12,202,114.51,96.75,135.52,0.1355,0.0938,失败
普通处方,0.4,0.3,12,203,97.72,82.45,115.83,-0.023,0.0946,通过
普通处方,0.4,0.3,12,204,114.52,102.24,128.27,0.1356,0.0632,失败
普通处方,0.4,0.3,12,205,105.21,90.6,122.18,0.0508,0.0833,通过
普通处方,0.4,0.3,12,206,102.34,88.59,118.21,0.0231,0.0803,通过
普通处方,0.4,0.3,12,207,109.43,96.52,124.07,0.0901,0.0699,通过
普通处方,0.4,0.3,12,208,87.35,76.38,99.89,-0.1352,0.0747,失败
普通处方,0.4,0.3,12,209,92.23,83.92,101.37,-0.0809,0.0526,通过
普通处方,0.4,0.3,12,210,88.17,76.65,101.43,-0.1259,0.078,失败
普通处方,0.4,0.3,12,211,97.71,84.46,113.04,-0.0232,0.0812,通过
普通处方,0.4,0.3,12,212,91.79,78.95,106.72,-0.0856,0.0839,失败
普通处方,0.4,0.3,12,213,104.94,90.86,121.21,0.0483,0.0803,通过
普通处方,0.4,0.3,12,214,93.0,82.2,105.21,-0.0726,0.0687,通过
普通处方,0.4,0.3,12,215,95.56,75.9,120.31,-0.0455,0.1283,失败
普通处方,0.4,0.3,12,216,104.92,89.32,123.23,0.048,0.0896,通过
普通处方,0.4,0.3,12,217,107.27,99.65,115.47,0.0702,0.041,通过
普通处方,0.4,0.3,12,218,116.93,94.72,144.34,0.1564,0.1173,失败
普通处方,0.4,0.3,12,219,104.25,93.27,116.53,0.0417,0.062,通过
普通处方,0.4,0.3,12,220,103.38,88.51,120.75,0.0332,0.0865,通过
普通处方,0.4,0.3,12,221,113.57,99.96,129.03,0.1273,0.0711,失败
普通处方,0.4,0.3,12,222,99.25,82.63,119.2,-0.0075,0.102,通过
普通处方,0.4,0.3,12,223,115.36,97.15,136.98,0.1429,0.0957,失败
普通处方,0.4,0.3,12,224,106.61,92.59,122.76,0.064,0.0785,通过
普通处方,0.4,0.3,12,225,112.58,93.25,135.92,0.1185,0.1049,失败
普通处方,0.4,0.3,12,226,108.96,91.02,130.44,0.0858,0.1002,失败
普通处方,0.4,0.3,12,227,97.82,86.67,110.41,-0.022,0.0674,通过
普通处方,0.4,0.3,12,228,99.06,84.32,116.37,-0.0095,0.0897,通过
普通处方,0.4,0.3,12,229,91.49,76.03,110.09,-0.089,0.1031,失败
普通处方,0.4,0.3,12,230,110.73,93.66,130.9,0.1019,0.0932,失败
普通处方,0.4,0.3,12,231,107.37,96.41,119.56,0.0711,0.0599,通过
普通处方,0.4,0.3,12,232,106.84,91.36,124.93,0.0661,0.0871,通过
普通处方,0.4,0.3,12,233,98.7,85.02,114.58,-0.0131,0.0831,通过
普通处方,0.4,0.3,12,234,109.26,95.47,125.05,0.0886,0.0752,失败
普通处方,0.4,0.3,12,235,91.63,77.36,108.53,-0.0874,0.0943,失败
普通处方,0.4,0.3,12,236,96.7,84.27,110.95,-0.0336,0.0766,通过
普通处方,0.4,0.3,12,237,118.75,103.0,136.91,0.1719,0.0792,失败
普通处方,0.4,0.3,12,238,103.35,87.69,121.8,0.0329,0.0915,通过
普通处方,0.4,0.3,12,239,103.89,95.5,113.03,0.0382,0.0469,通过
普通处方,0.4,0.3,12,240,102.82,89.66,117.91,0.0278,0.0763,通过
普通处方,0.4,0.3,12,241,113.71,100.36,128.83,0.1284,0.0695,失败
普通处方,0.4,0.3,12,242,100.57,79.06,127.94,0.0057,0.134,失败
普通处方,0.4,0.3,12,243,104.55,89.47,122.17,0.0445,0.0867,通过
普通处方,0.4,0.3,12,244,112.61,102.15,124.14,0.1188,0.0543,通过
普通处方,0.4,0.3,12,245,96.73,84.88,110.23,-0.0332,0.0728,通过
普通处方,0.4,0.3,12,246,101.27,87.66,117.0,0.0127,0.0804,通过
普通处方,0.4,0.3,12,247,105.26,93.15,118.96,0.0513,0.0681,通过
普通处方,0.4,0.3,12,248,85.44,74.54,97.94,-0.1574,0.076,失败
普通处方,0.4,0.3,12,249,103.03,91.34,116.22,0.0299,0.0671,通过
普通处方,0.4,0.3,12,250,99.4,83.63,118.15,-0.006,0.0962,通过
普通处方,0.4,0.3,12,251,93.86,84.81,103.87,-0.0634,0.0564,通过
普通处方,0.4,0.3,12,252,124.21,108.13,142.7,0.2168,0.0772,失败
普通处方,0.4,0.3,12,253,108.09,90.91,128.51,0.0778,0.0964,失败
普通处方,0.4,0.3,12,254,101.69,87.84,117.74,0.0168,0.0816,通过
普通处方,0.4,0.3,12,255,100.03,88.68,112.83,0.0003,0.0671,通过
普通处方,0.4,0.3,12,256,85.98,69.88,105.78,-0.1511,0.1154,失败
普通处方,0.4,0.3,12,257,103.99,89.71,120.55,0.0391,0.0823,通过
普通处方,0.4,0.3,12,258,109.79,95.91,125.67,0.0934,0.0753,失败
普通处方,0.4,0.3,12,259,100.44,90.47,111.51,0.0044,0.0582,通过
普通处方,0.4,0.3,12,260,104.94,91.54,120.3,0.0482,0.0761,通过
普通处方,0.4,0.3,12,261,109.25,98.37,121.33,0.0885,0.0584,通过
普通处方,0.4,0.3,12,262,112.37,94.05,134.27,0.1167,0.0991,失败
普通处方,0.4,0.3,12,263,96.79,84.93,110.31,-0.0327,0.0728,通过
普通处方,0.4,0.3,12,264,98.81,84.04,116.19,-0.0119,0.0902,通过
普通处方,0.4,0.3,12,265,100.54,86.79,116.47,0.0054,0.0819,通过
普通处方,0.4,0.3,12,266,104.65,84.75,129.22,0.0455,0.1174,失败
普通处方,0.4,0.3,12,267,115.27,99.27,133.85,0.1421,0.0832,失败
普通处方,0.4,0.3,12,268,106.03,91.05,123.48,0.0586,0.0848,通过
普通处方,0.4,0.3,12,269,96.81,85.17,110.04,-0.0324,0.0713,通过
普通处方,0.4,0.3,12,270,95.42,82.75,110.02,-0.0469,0.0793,通过
普通处方,0.4,0.3,12,271,110.23,93.09,130.54,0.0974,0.0941,失败
普通处方,0.4,0.3,12,272,108.5,90.95,129.44,0.0816,0.0983,失败
普通处方,0.4,0.3,12,273,121.52,102.57,143.98,0.1949,0.0944,失败
普通处方,0.4,0.3,12,274,101.65,92.73,111.42,0.0163,0.0511,通过
普通处方,0.4,0.3,12,275,110.08,99.22,122.12,0.096,0.0578,通过
普通处方,0.4,0.3,12,276,93.97,76.23,115.83,-0.0622,0.1165,失败
普通处方,0.4,0.3,12,277,101.3,83.43,123.0,0.0129,0.1081,通过
普通处方,0.4,0.3,12,278,95.94,82.74,111.23,-0.0415,0.0824,通过
普通处方,0.4,0.3,12,279,100.16,84.06,119.35,0.0016,0.0976,通过
普通处方,0.4,0.3,12,280,106.99,86.77,131.92,0.0675,0.1166,失败
普通处方,0.4,0.3,12,281,102.43,85.88,122.18,0.024,0.0982,通过
普通处方,0.4,0.3,12,282,111.28,95.67,129.45,0.1069,0.0842,失败
普通处方,0.4,0.3,12,283,105.93,91.84,122.19,0.0576,0.0795,通过
普通处方,0.4,0.3,12,284,90.26,80.41,101.31,-0.1025,0.0643,通过
普通处方,0.4,0.3,12,285,121.51,97.45,151.52,0.1948,0.1229,失败
普通处方,0.4,0.3,12,286,98.86,87.58,111.59,-0.0115,0.0675,通过
普通处方,0.4,0.3,12,287,98.23,88.93,108.5,-0.0179,0.0554,通过
普通处方,0.4,0.3,12,288,113.77,98.82,130.99,0.129,0.0785,失败
普通处方,0.4,0.3,12,289,126.07,111.13,143.02,0.2317,0.0702,失败
普通处方,0.4,0.3,12,290,90.6,79.78,102.89,-0.0987,0.0708,失败
普通处方,0.4,0.3,12,291,93.22,80.66,107.73,-0.0703,0.0806,通过
普通处方,0.4,0.3,12,292,113.08,98.68,129.59,0.123,0.0759,失败
普通处方,0.4,0.3,12,293,94.66,79.7,112.43,-0.0549,0.0958,失败
普通处方,0.4,0.3,12,294,107.3,95.05,121.13,0.0704,0.0675,通过
普通处方,0.4,0.3,12,295,99.35,85.64,115.26,-0.0065,0.0827,通过
普通处方,0.4,0.3,12,296,95.07,83.63,108.08,-0.0505,0.0714,通过
普通处方,0.4,0.3,12,297,105.35,90.66,122.41,0.0521,0.0836,通过
普通处方,0.4,0.3,12,298,98.22,84.93,113.59,-0.018,0.0809,通过
普通处方,0.4,0.3,12,299,94.62,79.31,112.88,-0.0553,0.0983,失败
普通处方,0.4,0.3,12,300,87.69,73.3,104.9,-0.1314,0.0998,失败
普通处方,0.4,0.3,12,301,105.59,85.55,130.32,0.0544,0.1172,失败
普通处方,0.4,0.3,12,302,102.32,89.2,117.36,0.0229,0.0764,通过
普通处方,0.4,0.3,12,303,111.17,93.07,132.8,0.1059,0.099,失败
普通处方,0.4,0.3,12,304,119.89,102.8,139.82,0.1814,0.0856,失败
普通处方,0.4,0.3,12,305,107.09,90.49,126.75,0.0685,0.0938,失败
普通处方,0.4,0.3,12,306,106.41,89.31,126.78,0.0621,0.0976,失败
普通处方,0.4,0.3,12,307,99.63,86.21,115.14,-0.0037,0.0805,通过
普通处方,0.4,0.3,12,308,84.95,75.16,96.02,-0.1631,0.0682,失败
普通处方,0.4,0.3,12,309,99.5,84.51,117.16,-0.005,0.091,通过
普通处方,0.4,0.3,12,310,102.71,87.13,121.08,0.0267,0.0916,通过
普通处方,0.4,0.3,12,311,98.39,83.68,115.7,-0.0162,0.0902,通过
普通处方,0.4,0.3,12,312,106.72,92.86,122.65,0.065,0.0775,通过
普通处方,0.4,0.3,12,313,111.95,91.13,137.52,0.1129,0.1146,失败
普通处方,0.4,0.3,12,314,100.54,86.32,117.1,0.0053,0.0849,通过
普通处方,0.4,0.3,12,315,110.78,98.33,124.8,0.1023,0.0664,通过
普通处方,0.4,0.3,12,316,106.82,93.08,122.6,0.066,0.0767,通过
普通处方,0.4,0.3,12,317,96.87,84.23,111.41,-0.0318,0.0779,通过
普通处方,0.4,0.3,12,318,97.4,82.64,114.78,-0.0264,0.0915,通过
普通处方,0.4,0.3,12,319,105.18,85.82,128.9,0.0505,0.1132,失败
普通处方,0.4,0.3,12,320,108.87,97.05,122.12,0.0849,0.064,通过
普通处方,0.4,0.3,12,321,89.81,77.99,103.42,-0.1074,0.0786,失败
普通处方,0.4,0.3,12,322,106.03,87.49,128.5,0.0586,0.107,失败
普通处方,0.4,0.3,12,323,102.88,89.41,118.39,0.0284,0.0782,通过
普通处方,0.4,0.3,12,324,101.77,88.18,117.46,0.0176,0.0798,通过
普通处方,0.4,0.3,12,325,111.78,96.14,129.96,0.1113,0.0839,失败
普通处方,0.4,0.3,12,326,106.47,89.8,126.24,0.0627,0.0948,失败
普通处方,0.4,0.3,12,327,97.88,82.32,116.38,-0.0214,0.0964,通过
普通处方,0.4,0.3,12,328,115.06,95.45,138.71,0.1403,0.1041,失败
普通处方,0.4,0.3,12,329,109.99,91.91,131.63,0.0953,0.1,失败
普通处方,0.4,0.3,12,330,105.66,89.95,124.12,0.0551,0.0896,通过
普通处方,0.4,0.3,12,331,113.0,98.97,129.02,0.1222,0.0738,失败
普通处方,0.4,0.3,12,332,111.79,100.59,124.25,0.1115,0.0588,通过
普通处方,0.4,0.3,12,333,102.86,84.08,125.84,0.0282,0.1123,失败
普通处方,0.4,0.3,12,334,96.41,84.79,109.61,-0.0366,0.0715,通过
普通处方,0.4,0.3,12,335,110.4,97.64,124.82,0.0989,0.0684,通过
普通处方,0.4,0.3,12,336,102.5,86.26,121.8,0.0247,0.096,通过
普通处方,0.4,0.3,12,337,100.57,84.27,120.03,0.0057,0.0985,通过
普通处方,0.4,0.3,12,338,115.95,102.59,131.04,0.148,0.0681,失败
普通处方,0.4,0.3,12,339,94.95,78.73,114.52,-0.0518,0.1043,失败
普通处方,0.4,0.3,12,340,110.49,97.55,125.14,0.0998,0.0693,失败
普通处方,0.4,0.3,12,341,101.38,89.18,115.24,0.0137,0.0714,通过
普通处方,0.4,0.3,12,342,112.24,96.48,130.59,0.1155,0.0843,失败
普通处方,0.4,0.3,12,343,114.02,95.83,135.67,0.1312,0.0968,失败
普通处方,0.4,0.3,12,344,112.33,88.76,142.15,0.1163,0.1311,失败
普通处方,0.4,0.3,12,345,122.23,105.61,141.45,0.2007,0.0814,失败
普通处方,0.4,0.3,12,346,107.42,92.13,125.25,0.0716,0.0855,失败
普通处方,0.4,0.3,12,347,94.11,80.22,110.4,-0.0607,0.0889,通过
普通处方,0.4,0.3,12,348,96.5,80.6,115.53,-0.0356,0.1002,通过
普通处方,0.4,0.3,12,349,107.22,92.19,124.69,0.0697,0.0841,通过
普通处方,0.4,0.3,12,350,105.77,91.99,121.61,0.0561,0.0777,通过
普通处方,0.4,0.3,12,351,103.9,89.76,120.28,0.0383,0.0815,通过
普通处方,0.4,0.3,12,352,110.24,100.57,120.83,0.0975,0.0511,通过
普通处方,0.4,0.3,12,353,121.25,99.55,147.69,0.1927,0.1098,失败
普通处方,0.4,0.3,12,354,104.64,90.72,120.71,0.0454,0.0795,通过
普通处方,0.4,0.3,12,355,89.14,76.83,103.42,-0.115,0.0827,失败
普通处方,0.4,0.3,12,356,84.35,77.17,92.18,-0.1702,0.0495,失败
普通处方,0.4,0.3,12,357,102.81,86.5,122.19,0.0277,0.0962,通过
普通处方,0.4,0.3,12,358,84.79,76.44,94.06,-0.165,0.0578,失败
普通处方,0.4,0.3,12,359,129.93,112.92,149.51,0.2618,0.0781,失败
普通处方,0.4,0.3,12,360,107.78,90.63,128.16,0.0749,0.0965,失败
普通处方,0.4,0.3,12,361,116.44,98.45,137.71,0.1522,0.0934,失败
普通处方,0.4,0.3,12,362,121.29,96.71,152.12,0.193,0.1261,失败
普通处方,0.4,0.3,12,363,115.19,103.28,128.49,0.1414,0.0608,失败
普通处方,0.4,0.3,12,364,112.53,94.63,133.82,0.1181,0.0965,失败
普通处方,0.4,0.3,12,365,88.07,78.8,98.42,-0.1271,0.0619,失败
普通处方,0.4,0.3,12,366,106.43,91.85,123.33,0.0623,0.082,通过
普通处方,0.4,0.3,12,367,110.61,97.59,125.36,0.1008,0.0697,失败
普通处方,0.4,0.3,12,368,115.5,94.72,140.84,0.1441,0.1104,失败
普通处方,0.4,0.3,12,369,112.62,96.33,131.66,0.1188,0.087,失败
普通处方,0.4,0.3,12,370,97.35,83.7,113.22,-0.0268,0.0841,通过
普通处方,0.4,0.3,12,371,99.91,85.33,116.97,-0.0009,0.0878,通过
普通处方,0.4,0.3,12,372,98.37,86.66,111.67,-0.0164,0.0706,通过
普通处方,0.4,0.3,12,373,112.5,99.13,127.67,0.1177,0.0704,失败
普通处方,0.4,0.3,12,374,91.75,79.45,105.96,-0.0861,0.0802,失败
普通处方,0.4,0.3,12,375,113.67,102.93,125.53,0.1281,0.0553,失败
普通处方,0.4,0.3,12,376,86.83,72.96,103.34,-0.1412,0.0969,失败
普通处方,0.4,0.3,12,377,114.4,100.62,130.06,0.1345,0.0714,失败
普通处方,0.4,0.3,12,378,104.84,86.2,127.5,0.0472,0.109,失败
普通处方,0.4,0.3,12,379,127.19,110.43,146.49,0.2405,0.0787,失败
普通处方,0.4,0.3,12,380,107.19,90.61,126.81,0.0695,0.0936,失败
普通处方,0.4,0.3,12,381,104.36,89.8,121.27,0.0426,0.0837,通过
普通处方,0.4,0.3,12,382,106.02,91.91,122.29,0.0584,0.0795,通过
普通处方,0.4,0.3,12,383,96.25,82.6,112.15,-0.0382,0.0851,通过
普通处方,0.4,0.3,12,384,114.36,97.61,133.99,0.1342,0.0882,失败
普通处方,0.4,0.3,12,385,101.13,92.92,110.07,0.0113,0.0472,通过
普通处方,0.4,0.3,12,386,102.52,87.69,119.85,0.0249,0.087,通过
普通处方,0.4,0.3,12,387,89.3,80.98,98.47,-0.1132,0.0545,通过
普通处方,0.4,0.3,12,388,88.68,76.73,102.49,-0.1201,0.0806,失败
普通处方,0.4,0.3,12,389,104.85,83.45,131.74,0.0474,0.1271,失败
普通处方,0.4,0.3,12,390,94.9,78.49,114.74,-0.0524,0.1057,失败
普通处方,0.4,0.3,12,391,92.74,81.09,106.05,-0.0754,0.0747,通过
普通处方,0.4,0.3,12,392,104.65,88.21,124.15,0.0454,0.0952,通过
普通处方,0.4,0.3,12,393,96.19,81.91,112.97,-0.0388,0.0895,通过
普通处方,0.4,0.3,12,394,102.72,88.57,119.14,0.0269,0.0826,通过
普通处方,0.4,0.3,12,395,100.45,88.4,114.14,0.0045,0.0712,通过
普通处方,0.4,0.3,12,396,101.09,83.3,122.67,0.0108,0.1078,通过
普通处方,0.4,0.3,12,397,101.73,85.92,120.45,0.0171,0.0941,通过
普通处方,0.4,0.3,12,398,101.78,86.8,119.34,0.0176,0.0886,通过
普通处方,0.4,0.3,12,399,101.15,87.36,117.13,0.0115,0.0817,通过
普通处方,0.4,0.3,12,400,112.24,94.24,133.68,0.1155,0.0974,失败
普通处方,0.4,0.3,12,401,113.06,102.07,125.24,0.1228,0.057,失败
普通处方,0.4,0.3,12,402,93.83,83.41,105.55,-0.0637,0.0655,通过
普通处方,0.4,0.3,12,403,121.09,109.64,133.73,0.1914,0.0553,失败
普通处方,0.4,0.3,12,404,90.83,79.12,104.27,-0.0962,0.0768,失败
普通处方,0.4,0.3,12,405,107.24,96.25,119.48,0.0699,0.0602,通过
普通处方,0.4,0.3,12,406,88.6,78.41,100.11,-0.121,0.068,失败
普通处方,0.4,0.3,12,407,95.68,78.42,116.75,-0.0441,0.1108,失败
普通处方,0.4,0.3,12,408,90.04,74.47,108.87,-0.1049,0.1058,失败
普通处方,0.4,0.3,12,409,105.23,91.79,120.63,0.0509,0.0761,通过
普通处方,0.4,0.3,12,410,99.73,84.19,118.14,-0.0027,0.0943,通过
普通处方,0.4,0.3,12,411,104.66,91.45,119.79,0.0456,0.0752,通过
普通处方,0.4,0.3,12,412,95.01,79.34,113.78,-0.0512,0.1004,失败
普通处方,0.4,0.3,12,413,97.39,81.39,116.54,-0.0264,0.1,通过
普通处方,0.4,0.3,12,414,117.73,101.63,136.38,0.1632,0.0819,失败
普通处方,0.4,0.3,12,415,110.22,95.02,127.85,0.0973,0.0826,失败
普通处方,0.4,0.3,12,416,89.83,77.32,104.37,-0.1072,0.0835,失败
普通处方,0.4,0.3,12,417,100.11,84.97,117.95,0.0011,0.0913,通过
普通处方,0.4,0.3,12,418,103.34,90.68,117.76,0.0328,0.0728,通过
普通处方,0.4,0.3,12,419,104.19,88.65,122.45,0.041,0.0899,通过
普通处方,0.4,0.3,12,420,120.26,104.46,138.44,0.1844,0.0784,失败
普通处方,0.4,0.3,12,421,106.83,92.42,123.49,0.066,0.0807,通过
普通处方,0.4,0.3,12,422,99.54,88.74,111.64,-0.0047,0.0639,通过
普通处方,0.4,0.3,12,423,92.94,78.57,109.95,-0.0732,0.0936,失败
普通处方,0.4,0.3,12,424,111.54,89.29,139.33,0.1092,0.1239,失败
普通处方,0.4,0.3,12,425,104.35,89.2,122.08,0.0426,0.0874,通过
普通处方,0.4,0.3,12,426,86.34,75.03,99.36,-0.1469,0.0782,失败
普通处方,0.4,0.3,12,427,113.56,96.17,134.1,0.1272,0.0926,失败
普通处方,0.4,0.3,12,428,107.3,91.96,125.19,0.0704,0.0859,失败
普通处方,0.4,0.3,12,429,100.8,88.79,114.44,0.008,0.0706,通过
普通处方,0.4,0.3,12,430,90.26,80.91,100.7,-0.1024,0.0609,通过
普通处方,0.4,0.3,12,431,96.91,83.16,112.92,-0.0314,0.0852,通过
普通处方,0.4,0.3,12,432,112.26,96.62,130.45,0.1157,0.0836,失败
普通处方,0.4,0.3,12,433,109.79,93.73,128.61,0.0934,0.0881,失败
普通处方,0.4,0.3,12,434,100.65,88.76,114.14,0.0065,0.07,通过
普通处方,0.4,0.3,12,435,107.64,90.11,128.57,0.0736,0.099,失败
普通处方,0.4,0.3,12,436,104.72,86.44,126.86,0.0461,0.1068,失败
普通处方,0.4,0.3,12,437,107.43,93.23,123.79,0.0716,0.0789,通过
普通处方,0.4,0.3,12,438,122.72,101.72,148.06,0.2047,0.1045,失败
普通处方,0.4,0.3,12,439,107.2,89.6,128.27,0.0696,0.0999,失败
普通处方,0.4,0.3,12,440,100.38,80.69,124.89,0.0038,0.1216,通过
普通处方,0.4,0.3,12,441,105.29,89.49,123.89,0.0516,0.0905,通过
普通处方,0.4,0.3,12,442,94.26,83.39,106.54,-0.0591,0.0682,通过
普通处方,0.4,0.3,12,443,90.5,80.0,102.38,-0.0998,0.0687,通过
普通处方,0.4,0.3,12,444,99.38,86.52,114.15,-0.0062,0.0772,通过
普通处方,0.4,0.3,12,445,102.15,85.84,121.55,0.0213,0.0968,通过
普通处方,0.4,0.3,12,446,104.83,89.93,122.21,0.0472,0.0854,通过
普通处方,0.4,0.3,12,447,106.67,92.57,122.91,0.0645,0.0789,通过
普通处方,0.4,0.3,12,448,104.57,88.41,123.69,0.0447,0.0935,通过
普通处方,0.4,0.3,12,449,97.43,85.13,111.52,-0.026,0.0752,通过
普通处方,0.4,0.3,12,450,106.79,88.67,128.62,0.0657,0.1036,失败
普通处方,0.4,0.3,12,451,106.51,93.58,121.22,0.0631,0.0721,通过
普通处方,0.4,0.3,12,452,119.82,102.89,139.53,0.1808,0.0848,失败
普通处方,0.4,0.3,12,453,102.45,89.21,117.64,0.0242,0.077,通过
普通处方,0.4,0.3,12,454,86.85,76.16,99.04,-0.141,0.0731,失败
普通处方,0.4,0.3,12,455,113.37,100.15,128.34,0.1255,0.0691,失败
普通处方,0.4,0.3,12,456,96.64,83.69,111.59,-0.0342,0.0801,通过
普通处方,0.4,0.3,12,457,123.31,109.64,138.69,0.2095,0.0654,失败
普通处方,0.4,0.3,12,458,109.24,97.51,122.38,0.0884,0.0633,通过
普通处方,0.4,0.3,12,459,104.9,88.82,123.88,0.0478,0.0926,通过
普通处方,0.4,0.3,12,460,108.32,95.41,122.97,0.0799,0.0706,通过
普通处方,0.4,0.3,12,461,112.03,101.09,124.15,0.1136,0.0572,通过
普通处方,0.4,0.3,12,462,96.41,84.09,110.53,-0.0365,0.0761,通过
普通处方,0.4,0.3,12,463,114.75,99.76,132.01,0.1376,0.078,失败
普通处方,0.4,0.3,12,464,95.97,85.25,108.03,-0.0412,0.0659,通过
普通处方,0.4,0.3,12,465,100.19,86.74,115.71,0.0018,0.0802,通过
普通处方,0.4,0.3,12,466,109.13,93.73,127.06,0.0873,0.0847,失败
普通处方,0.4,0.3,12,467,106.81,96.14,118.66,0.0659,0.0586,通过
普通处方,0.4,0.3,12,468,109.57,96.82,124.01,0.0914,0.0689,通过
普通处方,0.4,0.3,12,469,101.29,87.9,116.73,0.0128,0.079,通过
普通处方,0.4,0.3,12,470,98.15,80.89,119.09,-0.0186,0.1077,通过
普通处方,0.4,0.3,12,471,92.83,76.75,112.3,-0.0743,0.106,失败
普通处方,0.4,0.3,12,472,101.49,83.75,122.98,0.0148,0.107,通过
普通处方,0.4,0.3,12,473,107.53,93.57,123.58,0.0726,0.0774,通过
普通处方,0.4,0.3,12,474,110.03,96.57,125.38,0.0956,0.0727,失败
普通处方,0.4,0.3,12,475,114.99,100.76,131.23,0.1397,0.0736,失败
普通处方,0.4,0.3,12,476,96.07,85.64,107.76,-0.0401,0.064,通过
普通处方,0.4,0.3,12,477,104.85,90.85,121.02,0.0474,0.0798,通过
普通处方,0.4,0.3,12,478,89.25,77.88,102.29,-0.1137,0.0759,失败
普通处方,0.4,0.3,12,479,97.42,84.94,111.74,-0.0261,0.0764,通过
普通处方,0.4,0.3,12,480,92.67,85.62,100.29,-0.0762,0.044,通过
普通处方,0.4,0.3,12,481,107.47,89.3,129.33,0.072,0.1031,失败
普通处方,0.4,0.3,12,482,118.73,94.81,148.7,0.1717,0.1253,失败
普通处方,0.4,0.3,12,483,111.83,91.78,136.27,0.1119,0.1101,失败
普通处方,0.4,0.3,12,484,99.69,89.73,110.75,-0.0031,0.0586,通过
普通处方,0.4,0.3,12,485,88.96,74.71,105.92,-0.117,0.0972,失败
普通处方,0.4,0.3,12,486,116.89,103.99,131.39,0.1561,0.0651,失败
普通处方,0.4,0.3,12,487,110.12,95.69,126.74,0.0964,0.0782,失败
普通处方,0.4,0.3,12,488,106.36,90.24,125.36,0.0616,0.0915,失败
普通处方,0.4,0.3,12,489,114.1,96.57,134.8,0.1319,0.0929,失败
普通处方,0.4,0.3,12,490,106.56,93.83,121.02,0.0636,0.0708,通过
普通处方,0.4,0.3,12,491,118.83,99.2,142.34,0.1725,0.1005,失败
普通处方,0.4,0.3,12,492,102.37,91.17,114.95,0.0234,0.0645,通过
普通处方,0.4,0.3,12,493,103.4,92.21,115.95,0.0334,0.0638,通过
普通处方,0.4,0.3,12,494,112.98,94.91,134.49,0.122,0.0971,失败
普通处方,0.4,0.3,12,495,97.43,84.76,111.99,-0.0261,0.0776,通过
普通处方,0.4,0.3,12,496,103.38,83.78,127.57,0.0332,0.1171,失败
普通处方,0.4,0.3,12,497,99.89,83.26,119.84,-0.0011,0.1014,通过
普通处方,0.4,0.3,12,498,107.37,94.3,122.25,0.0711,0.0723,通过
普通处方,0.4,0.3,12,499,104.64,91.98,119.03,0.0453,0.0718,通过
普通处方,0.4,0.3,12,500,109.65,93.63,128.41,0.0921,0.0879,失败
普通处方,0.4,0.3,18,1,105.67,92.84,120.27,0.0551,0.0744,通过
普通处方,0.4,0.3,18,2,96.62,87.11,107.17,-0.0344,0.0595,通过
普通处方,0.4,0.3,18,3,103.66,89.39,120.22,0.036,0.0852,通过
普通处方,0.4,0.3,18,4,107.93,98.97,117.7,0.0763,0.0498,通过
普通处方,0.4,0.3,18,5,105.05,92.42,119.41,0.0493,0.0736,通过
普通处方,0.4,0.3,18,6,93.86,82.69,106.55,-0.0633,0.0729,通过
普通处方,0.4,0.3,18,7,98.11,85.61,112.43,-0.0191,0.0783,通过
普通处方,0.4,0.3,18,8,99.82,89.1,111.82,-0.0018,0.0653,通过
普通处方,0.4,0.3,18,9,114.26,105.23,124.07,0.1333,0.0473,通过
普通处方,0.4,0.3,18,10,103.16,90.84,117.15,0.0311,0.0731,通过
普通处方,0.4,0.3,18,11,113.25,103.94,123.38,0.1244,0.0493,通过
普通处方,0.4,0.3,18,12,101.26,91.79,111.71,0.0125,0.0565,通过
普通处方,0.4,0.3,18,13,118.28,102.57,136.4,0.1679,0.0819,失败
普通处方,0.4,0.3,18,14,100.13,89.3,112.28,0.0013,0.0658,通过
普通处方,0.4,0.3,18,15,102.48,91.68,114.55,0.0245,0.064,通过
普通处方,0.4,0.3,18,16,110.85,100.67,122.06,0.103,0.0554,通过
普通处方,0.4,0.3,18,17,112.63,99.69,127.26,0.119,0.0702,失败
普通处方,0.4,0.3,18,18,100.41,88.62,113.77,0.0041,0.0718,通过
普通处方,0.4,0.3,18,19,109.3,94.89,125.91,0.0889,0.0813,失败
普通处方,0.4,0.3,18,20,101.89,90.82,114.3,0.0187,0.0661,通过
普通处方,0.4,0.3,18,21,109.08,95.63,124.42,0.0869,0.0756,通过
普通处方,0.4,0.3,18,22,109.96,97.64,123.85,0.095,0.0684,通过
普通处方,0.4,0.3,18,23,94.59,82.85,107.99,-0.0556,0.0762,通过
普通处方,0.4,0.3,18,24,92.85,80.25,107.44,-0.0741,0.0839,通过
普通处方,0.4,0.3,18,25,113.95,95.89,135.41,0.1306,0.0992,失败
普通处方,0.4,0.3,18,26,103.06,93.42,113.69,0.0301,0.0565,通过
普通处方,0.4,0.3,18,27,110.42,100.32,121.53,0.0991,0.0551,通过
普通处方,0.4,0.3,18,28,104.03,93.13,116.21,0.0395,0.0636,通过
普通处方,0.4,0.3,18,29,102.33,92.35,113.39,0.023,0.059,通过
普通处方,0.4,0.3,18,30,106.42,91.55,123.71,0.0622,0.0865,通过
普通处方,0.4,0.3,18,31,109.67,96.22,125.01,0.0923,0.0753,失败
普通处方,0.4,0.3,18,32,108.56,99.08,118.93,0.0821,0.0525,通过
普通处方,0.4,0.3,18,33,106.25,92.22,122.43,0.0607,0.0814,通过
普通处方,0.4,0.3,18,34,102.48,92.47,113.57,0.0245,0.0591,通过
普通处方,0.4,0.3,18,35,101.03,89.44,114.12,0.0102,0.07,通过
普通处方,0.4,0.3,18,36,115.82,103.73,129.31,0.1469,0.0633,失败
普通处方,0.4,0.3,18,37,107.57,94.43,122.53,0.073,0.0749,通过
普通处方,0.4,0.3,18,38,101.04,87.61,116.54,0.0104,0.082,通过
普通处方,0.4,0.3,18,39,95.47,81.44,111.91,-0.0464,0.0914,通过
普通处方,0.4,0.3,18,40,90.39,78.91,103.53,-0.1011,0.078,失败
普通处方,0.4,0.3,18,41,104.22,89.84,120.91,0.0413,0.0854,通过
普通处方,0.4,0.3,18,42,101.08,88.51,115.43,0.0107,0.0763,通过
普通处方,0.4,0.3,18,43,116.89,102.43,133.38,0.156,0.0759,失败
普通处方,0.4,0.3,18,44,97.71,89.3,106.91,-0.0232,0.0517,通过
普通处方,0.4,0.3,18,45,91.03,80.84,102.51,-0.0939,0.0683,通过
普通处方,0.4,0.3,18,46,101.76,92.63,111.78,0.0174,0.054,通过
普通处方,0.4,0.3,18,47,99.01,88.36,110.95,-0.0099,0.0654,通过
普通处方,0.4,0.3,18,48,107.12,93.71,122.44,0.0688,0.0769,通过
普通处方,0.4,0.3,18,49,103.19,94.53,112.65,0.0314,0.0504,通过
普通处方,0.4,0.3,18,50,103.52,90.58,118.32,0.0346,0.0768,通过
普通处方,0.4,0.3,18,51,101.08,91.46,111.7,0.0107,0.0574,通过
普通处方,0.4,0.3,18,52,110.17,96.98,125.15,0.0968,0.0733,失败
普通处方,0.4,0.3,18,53,100.93,89.29,114.09,0.0093,0.0704,通过
普通处方,0.4,0.3,18,54,115.82,100.63,133.3,0.1469,0.0808,失败
普通处方,0.4,0.3,18,55,92.81,83.28,103.43,-0.0746,0.0623,通过
普通处方,0.4,0.3,18,56,108.41,97.13,121.0,0.0807,0.0632,通过
普通处方,0.4,0.3,18,57,111.74,98.37,126.91,0.111,0.0732,失败
普通处方,0.4,0.3,18,58,101.68,89.92,114.99,0.0167,0.0707,通过
普通处方,0.4,0.3,18,59,92.75,81.77,105.2,-0.0753,0.0724,通过
普通处方,0.4,0.3,18,60,107.95,92.84,125.53,0.0765,0.0867,失败
普通处方,0.4,0.3,18,61,126.92,118.22,136.26,0.2384,0.0408,失败
普通处方,0.4,0.3,18,62,104.96,93.1,118.32,0.0484,0.0689,通过
普通处方,0.4,0.3,18,63,105.64,94.47,118.13,0.0549,0.0642,通过
普通处方,0.4,0.3,18,64,108.66,95.35,123.83,0.0831,0.0751,通过
普通处方,0.4,0.3,18,65,109.88,99.96,120.79,0.0942,0.0544,通过
普通处方,0.4,0.3,18,66,87.33,76.09,100.23,-0.1355,0.0792,失败
普通处方,0.4,0.3,18,67,98.31,86.23,112.07,-0.0171,0.0753,通过
普通处方,0.4,0.3,18,68,101.38,85.54,120.15,0.0137,0.0977,通过
普通处方,0.4,0.3,18,69,102.34,91.09,114.98,0.0231,0.0669,通过
普通处方,0.4,0.3,18,70,110.83,99.56,123.38,0.1029,0.0616,通过
普通处方,0.4,0.3,18,71,111.76,100.51,124.27,0.1112,0.061,通过
普通处方,0.4,0.3,18,72,98.42,87.91,110.19,-0.0159,0.0649,通过
普通处方,0.4,0.3,18,73,102.56,94.01,111.89,0.0253,0.0501,通过
普通处方,0.4,0.3,18,74,100.19,89.39,112.3,0.0019,0.0656,通过
普通处方,0.4,0.3,18,75,107.22,94.83,121.24,0.0698,0.0706,通过
普通处方,0.4,0.3,18,76,93.72,80.42,109.21,-0.0649,0.088,通过
普通处方,0.4,0.3,18,77,111.09,99.86,123.59,0.1052,0.0613,通过
普通处方,0.4,0.3,18,78,114.35,99.3,131.68,0.1341,0.0811,失败
普通处方,0.4,0.3,18,79,102.75,90.33,116.87,0.0271,0.0741,通过
普通处方,0.4,0.3,18,80,108.2,95.56,122.52,0.0788,0.0714,通过
普通处方,0.4,0.3,18,81,101.65,91.27,113.22,0.0164,0.062,通过
普通处方,0.4,0.3,18,82,109.31,97.18,122.96,0.089,0.0676,通过
普通处方,0.4,0.3,18,83,105.09,96.64,114.28,0.0497,0.0482,通过
普通处方,0.4,0.3,18,84,110.33,99.22,122.67,0.0983,0.061,通过
普通处方,0.4,0.3,18,85,112.31,93.77,134.51,0.1161,0.1037,失败
普通处方,0.4,0.3,18,86,99.86,88.38,112.83,-0.0014,0.0702,通过
普通处方,0.4,0.3,18,87,102.07,88.35,117.94,0.0205,0.083,通过
普通处方,0.4,0.3,18,88,112.1,98.86,127.12,0.1142,0.0723,失败
普通处方,0.4,0.3,18,89,96.91,85.4,109.97,-0.0314,0.0727,通过
普通处方,0.4,0.3,18,90,94.4,83.83,106.31,-0.0576,0.0683,通过
普通处方,0.4,0.3,18,91,99.26,87.79,112.24,-0.0074,0.0706,通过
普通处方,0.4,0.3,18,92,108.05,94.5,123.54,0.0774,0.077,通过
普通处方,0.4,0.3,18,93,107.32,92.01,125.19,0.0707,0.0885,失败
普通处方,0.4,0.3,18,94,96.58,86.78,107.48,-0.0348,0.0615,通过
普通处方,0.4,0.3,18,95,106.2,93.26,120.95,0.0602,0.0747,通过
普通处方,0.4,0.3,18,96,113.23,102.83,124.69,0.1243,0.0554,通过
普通处方,0.4,0.3,18,97,96.53,85.12,109.48,-0.0353,0.0723,通过
普通处方,0.4,0.3,18,98,111.13,98.23,125.73,0.1055,0.0709,失败
普通处方,0.4,0.3,18,99,104.46,94.19,115.86,0.0437,0.0595,通过
普通处方,0.4,0.3,18,100,117.67,109.36,126.61,0.1627,0.0421,失败
普通处方,0.4,0.3,18,101,98.62,85.6,113.62,-0.0139,0.0814,通过
普通处方,0.4,0.3,18,102,95.36,84.96,107.03,-0.0476,0.0664,通过
普通处方,0.4,0.3,18,103,104.04,88.27,122.62,0.0396,0.0945,通过
普通处方,0.4,0.3,18,104,95.59,87.36,104.59,-0.0451,0.0517,通过
普通处方,0.4,0.3,18,105,108.75,93.89,125.96,0.0839,0.0844,失败
普通处方,0.4,0.3,18,106,104.54,92.02,118.76,0.0444,0.0733,通过
普通处方,0.4,0.3,18,107,93.0,83.94,103.04,-0.0726,0.0589,通过
普通处方,0.4,0.3,18,108,96.65,83.67,111.65,-0.034,0.0829,通过
普通处方,0.4,0.3,18,109,106.09,96.72,116.37,0.0591,0.0532,通过
普通处方,0.4,0.3,18,110,103.94,92.38,116.95,0.0387,0.0678,通过
普通处方,0.4,0.3,18,111,107.51,96.01,120.39,0.0724,0.065,通过
普通处方,0.4,0.3,18,112,112.11,101.51,123.82,0.1143,0.0571,通过
普通处方,0.4,0.3,18,113,110.66,95.62,128.06,0.1013,0.0839,失败
普通处方,0.4,0.3,18,114,99.5,85.34,116.0,-0.005,0.0882,通过
普通处方,0.4,0.3,18,115,93.86,83.89,105.0,-0.0634,0.0645,通过
普通处方,0.4,0.3,18,116,100.76,91.79,110.61,0.0076,0.0536,通过
普通处方,0.4,0.3,18,117,105.69,91.45,122.16,0.0554,0.0832,通过
普通处方,0.4,0.3,18,118,105.93,93.9,119.51,0.0576,0.0693,通过
普通处方,0.4,0.3,18,119,109.4,99.43,120.38,0.0899,0.055,通过
普通处方,0.4,0.3,18,120,112.19,101.08,124.53,0.115,0.06,通过
普通处方,0.4,0.3,18,121,94.97,85.02,106.09,-0.0516,0.0636,通过
普通处方,0.4,0.3,18,122,103.71,90.25,119.19,0.0365,0.0799,通过
普通处方,0.4,0.3,18,123,104.94,97.13,113.39,0.0483,0.0445,通过
普通处方,0.4,0.3,18,124,101.88,91.84,113.02,0.0187,0.0596,通过
普通处方,0.4,0.3,18,125,92.13,81.37,104.31,-0.082,0.0714,通过
普通处方,0.4,0.3,18,126,102.96,88.92,119.21,0.0291,0.0843,通过
普通处方,0.4,0.3,18,127,107.03,96.87,118.25,0.0679,0.0573,通过
普通处方,0.4,0.3,18,128,104.4,88.27,123.46,0.043,0.0964,通过
普通处方,0.4,0.3,18,129,98.29,88.41,109.28,-0.0172,0.0609,通过
普通处方,0.4,0.3,18,130,104.99,91.82,120.04,0.0487,0.077,通过
普通处方,0.4,0.3,18,131,104.44,92.76,117.58,0.0434,0.0681,通过
普通处方,0.4,0.3,18,132,112.4,100.04,126.28,0.1169,0.0669,失败
普通处方,0.4,0.3,18,133,107.67,96.62,119.99,0.0739,0.0623,通过
普通处方,0.4,0.3,18,134,102.79,90.3,117.01,0.0275,0.0745,通过
普通处方,0.4,0.3,18,135,101.77,87.72,118.07,0.0175,0.0854,通过
普通处方,0.4,0.3,18,136,102.09,89.86,116.0,0.0207,0.0734,通过
普通处方,0.4,0.3,18,137,103.35,88.83,120.25,0.033,0.0871,通过
普通处方,0.4,0.3,18,138,93.56,83.46,104.9,-0.0665,0.0657,通过
普通处方,0.4,0.3,18,139,113.82,99.28,130.48,0.1294,0.0785,失败
普通处方,0.4,0.3,18,140,93.28,78.32,111.09,-0.0696,0.1005,失败
普通处方,0.4,0.3,18,141,115.42,104.42,127.59,0.1434,0.0576,失败
普通处方,0.4,0.3,18,142,90.84,80.58,102.42,-0.096,0.0689,通过
普通处方,0.4,0.3,18,143,103.58,91.42,117.35,0.0352,0.0718,通过
普通处方,0.4,0.3,18,144,106.71,95.3,119.48,0.065,0.065,通过
普通处方,0.4,0.3,18,145,124.63,110.45,140.62,0.2202,0.0694,失败
普通处方,0.4,0.3,18,146,88.7,78.56,100.15,-0.1199,0.0698,失败
普通处方,0.4,0.3,18,147,120.83,106.63,136.91,0.1892,0.0718,失败
普通处方,0.4,0.3,18,148,91.33,78.83,105.8,-0.0907,0.0846,失败
普通处方,0.4,0.3,18,149,97.37,86.16,110.03,-0.0267,0.0703,通过
普通处方,0.4,0.3,18,150,104.34,94.48,115.23,0.0425,0.0571,通过
普通处方,0.4,0.3,18,151,97.92,88.15,108.77,-0.021,0.0604,通过
普通处方,0.4,0.3,18,152,105.34,94.91,116.93,0.0521,0.06,通过
普通处方,0.4,0.3,18,153,103.94,91.62,117.92,0.0386,0.0725,通过
普通处方,0.4,0.3,18,154,114.15,103.92,125.38,0.1323,0.054,失败
普通处方,0.4,0.3,18,155,103.2,90.67,117.47,0.0315,0.0744,通过
普通处方,0.4,0.3,18,156,118.31,104.45,134.0,0.1681,0.0716,失败
普通处方,0.4,0.3,18,157,103.02,91.74,115.69,0.0298,0.0667,通过
普通处方,0.4,0.3,18,158,107.91,93.09,125.09,0.0761,0.0849,失败
普通处方,0.4,0.3,18,159,117.14,105.82,129.67,0.1582,0.0584,失败
普通处方,0.4,0.3,18,160,113.26,95.28,134.63,0.1245,0.0994,失败
普通处方,0.4,0.3,18,161,109.21,93.2,127.98,0.0881,0.0912,失败
普通处方,0.4,0.3,18,162,106.37,93.33,121.23,0.0618,0.0752,通过
普通处方,0.4,0.3,18,163,111.29,95.14,130.19,0.107,0.0902,失败
普通处方,0.4,0.3,18,164,90.4,80.71,101.25,-0.101,0.0652,通过
普通处方,0.4,0.3,18,165,94.52,78.92,113.21,-0.0563,0.1037,失败
普通处方,0.4,0.3,18,166,100.51,89.97,112.29,0.0051,0.0637,通过
普通处方,0.4,0.3,18,167,97.69,87.51,109.06,-0.0234,0.0633,通过
普通处方,0.4,0.3,18,168,98.22,87.21,110.63,-0.0179,0.0684,通过
普通处方,0.4,0.3,18,169,104.4,94.19,115.73,0.0431,0.0592,通过
普通处方,0.4,0.3,18,170,104.53,92.92,117.6,0.0443,0.0677,通过
普通处方,0.4,0.3,18,171,108.61,98.41,119.86,0.0826,0.0566,通过
普通处方,0.4,0.3,18,172,91.44,79.54,105.12,-0.0895,0.0801,失败
普通处方,0.4,0.3,18,173,114.35,103.56,126.26,0.1341,0.0569,失败
普通处方,0.4,0.3,18,174,92.57,79.6,107.65,-0.0772,0.0868,失败
普通处方,0.4,0.3,18,175,101.34,86.67,118.49,0.0133,0.0899,通过
普通处方,0.4,0.3,18,176,103.92,89.55,120.6,0.0385,0.0856,通过
普通处方,0.4,0.3,18,177,95.47,84.82,107.46,-0.0463,0.068,通过
普通处方,0.4,0.3,18,178,101.95,91.57,113.51,0.0193,0.0617,通过
普通处方,0.4,0.3,18,179,99.57,87.91,112.77,-0.0043,0.0716,通过
普通处方,0.4,0.3,18,180,102.74,92.38,114.27,0.0271,0.0611,通过
普通处方,0.4,0.3,18,181,104.25,87.43,124.29,0.0416,0.1011,通过
普通处方,0.4,0.3,18,182,108.16,96.37,121.4,0.0785,0.0664,通过
普通处方,0.4,0.3,18,183,101.83,88.81,116.77,0.0182,0.0787,通过
普通处方,0.4,0.3,18,184,98.67,86.15,113.02,-0.0134,0.078,通过
普通处方,0.4,0.3,18,185,89.66,80.88,99.4,-0.1091,0.0593,通过
普通处方,0.4,0.3,18,186,117.81,103.1,134.61,0.1639,0.0766,失败
普通处方,0.4,0.3,18,187,109.28,95.61,124.89,0.0887,0.0768,通过
普通处方,0.4,0.3,18,188,105.25,93.84,118.04,0.0511,0.066,通过
普通处方,0.4,0.3,18,189,91.36,80.55,103.63,-0.0904,0.0724,通过
普通处方,0.4,0.3,18,190,113.76,99.99,129.42,0.1289,0.0741,失败
普通处方,0.4,0.3,18,191,102.14,90.67,115.06,0.0211,0.0685,通过
普通处方,0.4,0.3,18,192,103.11,89.6,118.66,0.0307,0.0807,通过
普通处方,0.4,0.3,18,193,109.2,96.89,123.08,0.088,0.0688,通过
普通处方,0.4,0.3,18,194,109.89,97.66,123.65,0.0943,0.0678,通过
普通处方,0.4,0.3,18,195,99.14,90.14,109.05,-0.0086,0.0547,通过
普通处方,0.4,0.3,18,196,105.44,89.37,124.4,0.053,0.0951,通过
普通处方,0.4,0.3,18,197,102.34,92.37,113.38,0.0231,0.0589,通过
普通处方,0.4,0.3,18,198,100.78,89.92,112.95,0.0077,0.0655,通过
普通处方,0.4,0.3,18,199,114.12,99.86,130.43,0.1321,0.0768,失败
普通处方,0.4,0.3,18,200,108.87,96.84,122.39,0.085,0.0673,通过
普通处方,0.4,0.3,18,201,96.07,84.67,109.01,-0.04,0.0726,通过
普通处方,0.4,0.3,18,202,95.52,82.4,110.74,-0.0458,0.085,通过
普通处方,0.4,0.3,18,203,109.9,97.1,124.39,0.0944,0.0712,通过
普通处方,0.4,0.3,18,204,103.53,92.8,115.5,0.0347,0.0629,通过
普通处方,0.4,0.3,18,205,102.08,91.64,113.71,0.0206,0.062,通过
普通处方,0.4,0.3,18,206,112.36,101.72,124.11,0.1165,0.0572,通过
普通处方,0.4,0.3,18,207,101.44,85.95,119.72,0.0143,0.0952,通过
普通处方,0.4,0.3,18,208,111.68,99.2,125.73,0.1104,0.0681,失败
普通处方,0.4,0.3,18,209,99.48,85.46,115.81,-0.0052,0.0873,通过
普通处方,0.4,0.3,18,210,100.81,89.54,113.49,0.008,0.0681,通过
普通处方,0.4,0.3,18,211,96.42,85.86,108.28,-0.0365,0.0667,通过
普通处方,0.4,0.3,18,212,93.22,79.81,108.87,-0.0703,0.0893,失败
普通处方,0.4,0.3,18,213,106.44,95.78,118.29,0.0624,0.0607,通过
普通处方,0.4,0.3,18,214,99.59,88.39,112.21,-0.0041,0.0686,通过
普通处方,0.4,0.3,18,215,108.59,94.1,125.3,0.0824,0.0823,失败
普通处方,0.4,0.3,18,216,108.77,94.57,125.11,0.0841,0.0804,失败
普通处方,0.4,0.3,18,217,98.33,86.12,112.28,-0.0168,0.0762,通过
普通处方,0.4,0.3,18,218,120.81,107.84,135.35,0.1891,0.0653,失败
普通处方,0.4,0.3,18,219,111.01,96.83,127.27,0.1045,0.0786,失败
普通处方,0.4,0.3,18,220,111.57,99.95,124.56,0.1095,0.0633,通过
普通处方,0.4,0.3,18,221,107.0,96.05,119.2,0.0677,0.0621,通过
普通处方,0.4,0.3,18,222,103.34,91.69,116.47,0.0329,0.0688,通过
普通处方,0.4,0.3,18,223,106.37,95.82,118.07,0.0617,0.06,通过
普通处方,0.4,0.3,18,224,122.25,103.79,143.99,0.2009,0.0941,失败
普通处方,0.4,0.3,18,225,108.96,96.38,123.17,0.0858,0.0705,通过
普通处方,0.4,0.3,18,226,90.07,79.98,101.42,-0.1046,0.0682,失败
普通处方,0.4,0.3,18,227,102.64,92.32,114.11,0.026,0.0609,通过
普通处方,0.4,0.3,18,228,101.39,91.38,112.49,0.0138,0.0597,通过
普通处方,0.4,0.3,18,229,93.04,82.68,104.69,-0.0722,0.0679,通过
普通处方,0.4,0.3,18,230,104.92,90.33,121.86,0.048,0.0861,通过
普通处方,0.4,0.3,18,231,124.65,106.37,146.09,0.2204,0.0912,失败
普通处方,0.4,0.3,18,232,99.03,89.16,109.99,-0.0098,0.0603,通过
普通处方,0.4,0.3,18,233,112.93,102.72,124.16,0.1216,0.0545,通过
普通处方,0.4,0.3,18,234,113.81,101.96,127.04,0.1294,0.0632,失败
普通处方,0.4,0.3,18,235,110.05,96.6,125.37,0.0958,0.0749,失败
普通处方,0.4,0.3,18,236,105.73,94.87,117.84,0.0557,0.0623,通过
普通处方,0.4,0.3,18,237,94.9,85.06,105.89,-0.0523,0.063,通过
普通处方,0.4,0.3,18,238,97.06,87.54,107.62,-0.0298,0.0594,通过
普通处方,0.4,0.3,18,239,106.88,96.6,118.26,0.0666,0.0581,通过
普通处方,0.4,0.3,18,240,110.73,97.82,125.35,0.1019,0.0713,失败
普通处方,0.4,0.3,18,241,106.53,94.73,119.81,0.0633,0.0675,通过
普通处方,0.4,0.3,18,242,111.44,94.49,131.43,0.1083,0.0948,失败
普通处方,0.4,0.3,18,243,112.02,103.86,120.82,0.1135,0.0435,通过
普通处方,0.4,0.3,18,244,96.73,84.47,110.77,-0.0332,0.0779,通过
普通处方,0.4,0.3,18,245,108.46,101.44,115.97,0.0812,0.0385,通过
普通处方,0.4,0.3,18,246,97.45,86.64,109.62,-0.0258,0.0676,通过
普通处方,0.4,0.3,18,247,101.9,87.68,118.44,0.0189,0.0864,通过
普通处方,0.4,0.3,18,248,106.83,95.41,119.62,0.0661,0.065,通过
普通处方,0.4,0.3,18,249,109.08,95.72,124.3,0.0869,0.0751,通过
普通处方,0.4,0.3,18,250,95.6,83.88,108.96,-0.0449,0.0752,通过
普通处方,0.4,0.3,18,251,106.48,96.13,117.94,0.0628,0.0588,通过
普通处方,0.4,0.3,18,252,100.7,85.38,118.77,0.007,0.0949,通过
普通处方,0.4,0.3,18,253,116.05,99.29,135.64,0.1488,0.0897,失败
普通处方,0.4,0.3,18,254,108.97,98.06,121.1,0.0859,0.0606,通过
普通处方,0.4,0.3,18,255,103.83,94.05,114.64,0.0376,0.0569,通过
普通处方,0.4,0.3,18,256,109.87,97.01,124.43,0.0941,0.0716,通过
普通处方,0.4,0.3,18,257,98.19,88.8,108.59,-0.0182,0.0578,通过
普通处方,0.4,0.3,18,258,94.55,80.14,111.54,-0.0561,0.095,通过
普通处方,0.4,0.3,18,259,101.72,93.04,111.21,0.0171,0.0513,通过
普通处方,0.4,0.3,18,260,123.08,108.17,140.05,0.2077,0.0742,失败
普通处方,0.4,0.3,18,261,101.47,89.77,114.69,0.0146,0.0704,通过
普通处方,0.4,0.3,18,262,102.81,91.22,115.87,0.0277,0.0687,通过
普通处方,0.4,0.3,18,263,111.34,97.48,127.17,0.1074,0.0764,失败
普通处方,0.4,0.3,18,264,91.66,84.02,99.99,-0.0871,0.05,通过
普通处方,0.4,0.3,18,265,107.73,95.31,121.76,0.0744,0.0704,通过
普通处方,0.4,0.3,18,266,108.73,96.36,122.69,0.0837,0.0694,通过
普通处方,0.4,0.3,18,267,118.98,103.29,137.05,0.1738,0.0813,失败
普通处方,0.4,0.3,18,268,117.01,106.46,128.6,0.1571,0.0543,失败
普通处方,0.4,0.3,18,269,96.33,82.22,112.85,-0.0374,0.091,通过
普通处方,0.4,0.3,18,270,96.82,83.89,111.74,-0.0323,0.0824,通过
普通处方,0.4,0.3,18,271,105.2,96.02,115.26,0.0507,0.0525,通过
普通处方,0.4,0.3,18,272,118.01,107.8,129.17,0.1656,0.052,失败
普通处方,0.4,0.3,18,273,105.6,94.54,117.95,0.0545,0.0636,通过
普通处方,0.4,0.3,18,274,104.6,87.94,124.41,0.045,0.0997,通过
普通处方,0.4,0.3,18,275,95.59,84.47,108.18,-0.0451,0.0711,通过
普通处方,0.4,0.3,18,276,114.95,106.18,124.45,0.1393,0.0456,通过
普通处方,0.4,0.3,18,277,99.0,85.49,114.66,-0.01,0.0844,通过
普通处方,0.4,0.3,18,278,104.98,95.33,115.61,0.0486,0.0554,通过
普通处方,0.4,0.3,18,279,112.4,97.06,130.17,0.1169,0.0843,失败
普通处方,0.4,0.3,18,280,112.26,97.53,129.22,0.1156,0.0809,失败
普通处方,0.4,0.3,18,281,113.27,99.3,129.2,0.1246,0.0756,失败
普通处方,0.4,0.3,18,282,94.64,81.33,110.13,-0.0551,0.0871,通过
普通处方,0.4,0.3,18,283,102.53,89.84,117.01,0.025,0.076,通过
普通处方,0.4,0.3,18,284,93.96,85.29,103.52,-0.0623,0.0557,通过
普通处方,0.4,0.3,18,285,102.11,92.78,112.38,0.0209,0.0551,通过
普通处方,0.4,0.3,18,286,110.48,97.13,125.68,0.0997,0.0741,失败
普通处方,0.4,0.3,18,287,103.46,89.85,119.13,0.034,0.0811,通过
普通处方,0.4,0.3,18,288,103.26,91.92,116.0,0.0321,0.0669,通过
普通处方,0.4,0.3,18,289,92.67,82.3,104.35,-0.0761,0.0682,通过
普通处方,0.4,0.3,18,290,110.61,98.64,124.03,0.1008,0.0658,通过
普通处方,0.4,0.3,18,291,95.28,83.63,108.57,-0.0483,0.075,通过
普通处方,0.4,0.3,18,292,107.26,95.55,120.41,0.0701,0.0665,通过
普通处方,0.4,0.3,18,293,100.45,89.32,112.97,0.0045,0.0675,通过
普通处方,0.4,0.3,18,294,116.19,103.32,130.67,0.1501,0.0675,失败
普通处方,0.4,0.3,18,295,101.54,85.81,120.15,0.0153,0.0968,通过
普通处方,0.4,0.3,18,296,96.73,86.4,108.29,-0.0333,0.0649,通过
普通处方,0.4,0.3,18,297,103.49,90.99,117.7,0.0343,0.074,通过
普通处方,0.4,0.3,18,298,103.43,91.18,117.33,0.0337,0.0725,通过
普通处方,0.4,0.3,18,299,103.95,91.56,118.02,0.0387,0.0729,通过
普通处方,0.4,0.3,18,300,94.46,84.88,105.12,-0.057,0.0615,通过
普通处方,0.4,0.3,18,301,112.28,100.98,124.83,0.1158,0.0609,通过
普通处方,0.4,0.3,18,302,100.72,90.71,111.84,0.0072,0.0602,通过
普通处方,0.4,0.3,18,303,104.82,91.3,120.34,0.0471,0.0794,通过
普通处方,0.4,0.3,18,304,106.2,95.33,118.3,0.0601,0.062,通过
普通处方,0.4,0.3,18,305,96.9,86.93,108.01,-0.0315,0.0624,通过
普通处方,0.4,0.3,18,306,101.0,91.54,111.45,0.01,0.0566,通过
普通处方,0.4,0.3,18,307,110.64,96.5,126.85,0.1011,0.0786,失败
普通处方,0.4,0.3,18,308,109.08,100.03,118.95,0.0869,0.0498,通过
普通处方,0.4,0.3,18,309,99.98,86.28,115.87,-0.0002,0.0847,通过
普通处方,0.4,0.3,18,310,99.52,84.23,117.6,-0.0048,0.0959,通过
普通处方,0.4,0.3,18,311,97.9,87.2,109.9,-0.0213,0.0665,通过
普通处方,0.4,0.3,18,312,115.96,103.81,129.54,0.1481,0.0636,失败
普通处方,0.4,0.3,18,313,108.74,97.05,121.85,0.0838,0.0654,通过
普通处方,0.4,0.3,18,314,110.82,98.01,125.31,0.1028,0.0706,失败
普通处方,0.4,0.3,18,315,112.62,98.67,128.55,0.1189,0.076,失败
普通处方,0.4,0.3,18,316,95.58,85.33,107.07,-0.0452,0.0652,通过
普通处方,0.4,0.3,18,317,91.49,81.32,102.94,-0.0889,0.0678,通过
普通处方,0.4,0.3,18,318,95.75,85.07,107.77,-0.0434,0.068,通过
普通处方,0.4,0.3,18,319,118.19,102.92,135.72,0.1671,0.0795,失败
普通处方,0.4,0.3,18,320,104.75,90.58,121.15,0.0465,0.0836,通过
普通处方,0.4,0.3,18,321,107.24,92.25,124.66,0.0699,0.0865,通过
普通处方,0.4,0.3,18,322,100.11,89.82,111.57,0.0011,0.0623,通过
普通处方,0.4,0.3,18,323,112.66,99.3,127.82,0.1192,0.0726,失败
普通处方,0.4,0.3,18,324,103.5,93.06,115.11,0.0344,0.0611,通过
普通处方,0.4,0.3,18,325,103.1,92.42,115.01,0.0305,0.0629,通过
普通处方,0.4,0.3,18,326,105.06,92.5,119.32,0.0493,0.0732,通过
普通处方,0.4,0.3,18,327,109.15,96.67,123.24,0.0876,0.0698,通过
普通处方,0.4,0.3,18,328,119.37,105.68,134.82,0.177,0.07,失败
普通处方,0.4,0.3,18,329,111.54,97.44,127.67,0.1092,0.0776,失败
普通处方,0.4,0.3,18,330,99.34,88.51,111.49,-0.0066,0.0663,通过
普通处方,0.4,0.3,18,331,109.97,96.62,125.17,0.0951,0.0744,失败
普通处方,0.4,0.3,18,332,102.99,93.38,113.59,0.0295,0.0563,通过
普通处方,0.4,0.3,18,333,95.65,82.11,111.43,-0.0445,0.0878,通过
普通处方,0.4,0.3,18,334,103.37,88.62,120.57,0.0331,0.0885,通过
普通处方,0.4,0.3,18,335,112.13,100.39,125.25,0.1145,0.0636,失败
普通处方,0.4,0.3,18,336,103.57,92.37,116.13,0.0351,0.0658,通过
普通处方,0.4,0.3,18,337,117.78,103.06,134.61,0.1637,0.0768,失败
普通处方,0.4,0.3,18,338,89.88,79.18,102.03,-0.1067,0.0729,失败
普通处方,0.4,0.3,18,339,119.08,108.35,130.86,0.1746,0.0543,失败
普通处方,0.4,0.3,18,340,95.8,85.52,107.32,-0.0429,0.0653,通过
普通处方,0.4,0.3,18,341,107.63,95.42,121.4,0.0735,0.0692,通过
普通处方,0.4,0.3,18,342,106.84,93.59,121.96,0.0662,0.0761,通过
普通处方,0.4,0.3,18,343,98.69,86.78,112.23,-0.0132,0.0739,通过
普通处方,0.4,0.3,18,344,91.55,81.91,102.33,-0.0883,0.064,通过
普通处方,0.4,0.3,18,345,124.11,114.36,134.69,0.216,0.047,失败
普通处方,0.4,0.3,18,346,93.23,82.15,105.8,-0.0701,0.0727,通过
普通处方,0.4,0.3,18,347,110.63,96.62,126.66,0.101,0.0778,失败
普通处方,0.4,0.3,18,348,103.25,90.98,117.17,0.032,0.0727,通过
普通处方,0.4,0.3,18,349,113.02,94.55,135.09,0.1224,0.1025,失败
普通处方,0.4,0.3,18,350,110.72,100.68,121.75,0.1018,0.0546,通过
普通处方,0.4,0.3,18,351,110.09,94.59,128.14,0.0961,0.0873,失败
普通处方,0.4,0.3,18,352,107.5,95.06,121.55,0.0723,0.0706,通过
普通处方,0.4,0.3,18,353,112.58,103.64,122.29,0.1185,0.0476,通过
普通处方,0.4,0.3,18,354,110.69,95.22,128.67,0.1016,0.0865,失败
普通处方,0.4,0.3,18,355,94.02,82.96,106.56,-0.0616,0.072,通过
普通处方,0.4,0.3,18,356,101.63,92.46,111.72,0.0162,0.0544,通过
普通处方,0.4,0.3,18,357,97.69,88.05,108.38,-0.0234,0.0597,通过
普通处方,0.4,0.3,18,358,107.53,95.74,120.77,0.0726,0.0667,通过
普通处方,0.4,0.3,18,359,106.46,94.98,119.32,0.0626,0.0656,通过
普通处方,0.4,0.3,18,360,96.61,86.54,107.85,-0.0345,0.0633,通过
普通处方,0.4,0.3,18,361,112.63,103.23,122.89,0.1189,0.0501,通过
普通处方,0.4,0.3,18,362,108.22,95.78,122.26,0.079,0.0702,通过
普通处方,0.4,0.3,18,363,104.13,92.33,117.43,0.0405,0.0691,通过
普通处方,0.4,0.3,18,364,125.15,111.15,140.91,0.2243,0.0682,失败
普通处方,0.4,0.3,18,365,100.46,91.23,110.62,0.0046,0.0554,通过
普通处方,0.4,0.3,18,366,99.71,84.41,117.79,-0.0029,0.0958,通过
普通处方,0.4,0.3,18,367,111.49,99.34,125.13,0.1088,0.0664,失败
普通处方,0.4,0.3,18,368,111.29,95.68,129.45,0.107,0.0869,失败
普通处方,0.4,0.3,18,369,108.0,95.79,121.77,0.077,0.069,通过
普通处方,0.4,0.3,18,370,105.42,94.08,118.13,0.0528,0.0654,通过
普通处方,0.4,0.3,18,371,105.71,91.98,121.49,0.0555,0.08,通过
普通处方,0.4,0.3,18,372,114.8,97.03,135.83,0.138,0.0967,失败
普通处方,0.4,0.3,18,373,112.79,101.97,124.75,0.1203,0.0579,通过
普通处方,0.4,0.3,18,374,95.97,87.67,105.06,-0.0411,0.052,通过
普通处方,0.4,0.3,18,375,100.0,86.37,115.77,-0.0,0.0842,通过
普通处方,0.4,0.3,18,376,100.99,86.15,118.38,0.0098,0.0913,通过
普通处方,0.4,0.3,18,377,110.33,98.47,123.62,0.0983,0.0654,通过
普通处方,0.4,0.3,18,378,94.16,85.14,104.14,-0.0602,0.0579,通过
普通处方,0.4,0.3,18,379,120.59,105.42,137.95,0.1872,0.0773,失败
普通处方,0.4,0.3,18,380,105.79,93.83,119.28,0.0563,0.069,通过
普通处方,0.4,0.3,18,381,113.54,99.53,129.51,0.1269,0.0757,失败
普通处方,0.4,0.3,18,382,107.13,91.97,124.79,0.0689,0.0877,通过
普通处方,0.4,0.3,18,383,110.62,96.49,126.82,0.1009,0.0786,失败
普通处方,0.4,0.3,18,384,102.78,92.36,114.37,0.0274,0.0614,通过
普通处方,0.4,0.3,18,385,107.75,96.05,120.87,0.0746,0.0661,通过
普通处方,0.4,0.3,18,386,110.66,97.4,125.72,0.1013,0.0734,失败
普通处方,0.4,0.3,18,387,121.92,106.24,139.91,0.1982,0.0791,失败
普通处方,0.4,0.3,18,388,123.71,111.02,137.85,0.2128,0.0622,失败
普通处方,0.4,0.3,18,389,100.26,86.96,115.61,0.0026,0.0818,通过
普通处方,0.4,0.3,18,390,100.54,90.76,111.37,0.0054,0.0588,通过
普通处方,0.4,0.3,18,391,97.16,86.09,109.66,-0.0288,0.0695,通过
普通处方,0.4,0.3,18,392,117.8,99.99,138.78,0.1638,0.0942,失败
普通处方,0.4,0.3,18,393,113.25,99.89,128.39,0.1244,0.0721,失败
普通处方,0.4,0.3,18,394,103.1,92.88,114.44,0.0305,0.06,通过
普通处方,0.4,0.3,18,395,120.87,108.32,134.87,0.1895,0.063,失败
普通处方,0.4,0.3,18,396,113.57,99.17,130.07,0.1273,0.078,失败
普通处方,0.4,0.3,18,397,114.3,100.98,129.37,0.1336,0.0712,失败
普通处方,0.4,0.3,18,398,102.6,92.53,113.78,0.0257,0.0594,通过
普通处方,0.4,0.3,18,399,116.7,103.14,132.05,0.1544,0.071,失败
普通处方,0.4,0.3,18,400,98.5,88.26,109.92,-0.0151,0.0631,通过
普通处方,0.4,0.3,18,401,122.38,111.68,134.1,0.202,0.0526,失败
普通处方,0.4,0.3,18,402,95.41,86.95,104.7,-0.0469,0.0534,通过
普通处方,0.4,0.3,18,403,118.28,99.86,140.1,0.1679,0.0973,失败
普通处方,0.4,0.3,18,404,97.1,87.61,107.63,-0.0294,0.0591,通过
普通处方,0.4,0.3,18,405,103.05,89.2,119.05,0.03,0.083,通过
普通处方,0.4,0.3,18,406,107.62,94.17,122.99,0.0734,0.0768,通过
普通处方,0.4,0.3,18,407,95.38,83.13,109.43,-0.0473,0.079,通过
普通处方,0.4,0.3,18,408,108.11,92.6,126.21,0.078,0.089,失败
普通处方,0.4,0.3,18,409,103.48,89.55,119.58,0.0342,0.0831,通过
普通处方,0.4,0.3,18,410,114.47,101.19,129.49,0.1352,0.0709,失败
普通处方,0.4,0.3,18,411,96.12,87.23,105.93,-0.0395,0.0558,通过
普通处方,0.4,0.3,18,412,102.84,94.25,112.22,0.028,0.0502,通过
普通处方,0.4,0.3,18,413,108.05,97.16,120.17,0.0774,0.0611,通过
普通处方,0.4,0.3,18,414,100.15,87.96,114.03,0.0015,0.0746,通过
普通处方,0.4,0.3,18,415,100.61,89.17,113.52,0.0061,0.0694,通过
普通处方,0.4,0.3,18,416,98.27,90.39,106.82,-0.0175,0.048,通过
普通处方,0.4,0.3,18,417,105.46,97.88,113.62,0.0531,0.0429,通过
普通处方,0.4,0.3,18,418,114.97,100.4,131.64,0.1395,0.0779,失败
普通处方,0.4,0.3,18,419,89.67,78.9,101.9,-0.109,0.0735,失败
普通处方,0.4,0.3,18,420,93.54,84.31,103.77,-0.0668,0.0597,通过
普通处方,0.4,0.3,18,421,112.44,98.11,128.86,0.1172,0.0784,失败
普通处方,0.4,0.3,18,422,104.54,91.98,118.82,0.0444,0.0736,通过
普通处方,0.4,0.3,18,423,100.39,87.69,114.92,0.0039,0.0777,通过
普通处方,0.4,0.3,18,424,118.47,107.33,130.76,0.1695,0.0567,失败
普通处方,0.4,0.3,18,425,106.84,93.33,122.31,0.0662,0.0777,通过
普通处方,0.4,0.3,18,426,99.26,89.25,110.38,-0.0074,0.0611,通过
普通处方,0.4,0.3,18,427,122.32,107.92,138.64,0.2015,0.072,失败
普通处方,0.4,0.3,18,428,98.49,88.36,109.78,-0.0152,0.0624,通过
普通处方,0.4,0.3,18,429,89.49,78.32,102.26,-0.111,0.0767,失败
普通处方,0.4,0.3,18,430,107.76,91.32,127.16,0.0747,0.0952,失败
普通处方,0.4,0.3,18,431,115.64,103.94,128.66,0.1453,0.0613,失败
普通处方,0.4,0.3,18,432,103.61,91.63,117.14,0.0354,0.0706,通过
普通处方,0.4,0.3,18,433,107.11,96.23,119.23,0.0687,0.0616,通过
普通处方,0.4,0.3,18,434,105.08,90.56,121.92,0.0495,0.0855,通过
普通处方,0.4,0.3,18,435,114.2,101.78,128.13,0.1327,0.0662,失败
普通处方,0.4,0.3,18,436,95.74,84.18,108.88,-0.0436,0.074,通过
普通处方,0.4,0.3,18,437,113.08,99.19,128.92,0.123,0.0753,失败
普通处方,0.4,0.3,18,438,111.41,99.93,124.21,0.1081,0.0625,通过
普通处方,0.4,0.3,18,439,106.48,94.38,120.13,0.0628,0.0693,通过
普通处方,0.4,0.3,18,440,105.49,97.59,114.04,0.0535,0.0448,通过
普通处方,0.4,0.3,18,441,99.47,89.24,110.88,-0.0053,0.0624,通过
普通处方,0.4,0.3,18,442,96.21,85.16,108.7,-0.0386,0.0701,通过
普通处方,0.4,0.3,18,443,94.62,78.63,113.87,-0.0553,0.1065,失败
普通处方,0.4,0.3,18,444,106.1,94.8,118.74,0.0592,0.0647,通过
普通处方,0.4,0.3,18,445,103.68,92.47,116.26,0.0362,0.0658,通过
普通处方,0.4,0.3,18,446,106.27,90.9,124.25,0.0608,0.0898,通过
普通处方,0.4,0.3,18,447,94.61,82.59,108.39,-0.0554,0.0781,通过
普通处方,0.4,0.3,18,448,109.92,98.92,122.15,0.0946,0.0606,通过
普通处方,0.4,0.3,18,449,101.0,90.36,112.89,0.0099,0.064,通过
普通处方,0.4,0.3,18,450,100.04,84.31,118.71,0.0004,0.0984,通过
普通处方,0.4,0.3,18,451,117.04,105.06,130.39,0.1573,0.0621,失败
普通处方,0.4,0.3,18,452,100.72,91.0,111.48,0.0072,0.0583,通过
普通处方,0.4,0.3,18,453,104.04,92.66,116.83,0.0396,0.0666,通过
普通处方,0.4,0.3,18,454,97.4,85.64,110.78,-0.0263,0.074,通过
普通处方,0.4,0.3,18,455,94.87,85.45,105.33,-0.0527,0.0601,通过
普通处方,0.4,0.3,18,456,101.74,84.16,122.98,0.0172,0.109,通过
普通处方,0.4,0.3,18,457,116.24,100.48,134.47,0.1505,0.0837,失败
普通处方,0.4,0.3,18,458,101.49,90.86,113.36,0.0148,0.0636,通过
普通处方,0.4,0.3,18,459,107.84,97.67,119.06,0.0754,0.0569,通过
普通处方,0.4,0.3,18,460,100.08,93.26,107.41,0.0008,0.0406,通过
普通处方,0.4,0.3,18,461,99.03,86.04,113.97,-0.0098,0.0808,通过
普通处方,0.4,0.3,18,462,106.45,94.56,119.83,0.0625,0.0681,通过
普通处方,0.4,0.3,18,463,103.08,92.29,115.12,0.0303,0.0635,通过
普通处方,0.4,0.3,18,464,124.55,112.55,137.84,0.2196,0.0583,失败
普通处方,0.4,0.3,18,465,96.58,84.45,110.47,-0.0348,0.0772,通过
普通处方,0.4,0.3,18,466,96.37,84.77,109.55,-0.037,0.0737,通过
普通处方,0.4,0.3,18,467,103.47,91.25,117.33,0.0341,0.0723,通过
普通处方,0.4,0.3,18,468,111.64,101.25,123.1,0.1101,0.0562,通过
普通处方,0.4,0.3,18,469,130.73,114.05,149.84,0.2679,0.0784,失败
普通处方,0.4,0.3,18,470,111.72,98.11,127.22,0.1108,0.0747,失败
普通处方,0.4,0.3,18,471,93.1,80.62,107.52,-0.0715,0.0828,通过
普通处方,0.4,0.3,18,472,100.5,91.02,110.97,0.005,0.0569,通过
普通处方,0.4,0.3,18,473,103.89,90.42,119.36,0.0381,0.0798,通过
普通处方,0.4,0.3,18,474,94.13,81.61,108.56,-0.0605,0.082,通过
普通处方,0.4,0.3,18,475,125.34,109.1,144.01,0.2259,0.0798,失败
普通处方,0.4,0.3,18,476,102.26,92.91,112.54,0.0223,0.0551,通过
普通处方,0.4,0.3,18,477,99.99,90.17,110.88,-0.0001,0.0594,通过
普通处方,0.4,0.3,18,478,108.06,95.08,122.82,0.0775,0.0736,通过
普通处方,0.4,0.3,18,479,90.61,81.24,101.06,-0.0986,0.0627,通过
普通处方,0.4,0.3,18,480,100.5,86.7,116.49,0.005,0.0849,通过
普通处方,0.4,0.3,18,481,106.29,93.61,120.68,0.061,0.073,通过
普通处方,0.4,0.3,18,482,99.32,86.74,113.72,-0.0069,0.0779,通过
普通处方,0.4,0.3,18,483,113.78,97.12,133.31,0.1291,0.091,失败
普通处方,0.4,0.3,18,484,110.25,96.85,125.5,0.0976,0.0745,失败
普通处方,0.4,0.3,18,485,115.68,103.22,129.65,0.1457,0.0655,失败
普通处方,0.4,0.3,18,486,108.55,96.54,122.06,0.0821,0.0674,通过
普通处方,0.4,0.3,18,487,104.61,91.0,120.25,0.045,0.0801,通过
普通处方,0.4,0.3,18,488,105.21,97.79,113.2,0.0508,0.0421,通过
普通处方,0.4,0.3,18,489,101.63,90.92,113.6,0.0162,0.064,通过
普通处方,0.4,0.3,18,490,104.39,88.75,122.79,0.043,0.0933,通过
普通处方,0.4,0.3,18,491,106.11,95.23,118.23,0.0593,0.0622,通过
普通处方,0.4,0.3,18,492,107.51,95.15,121.47,0.0724,0.0702,通过
普通处方,0.4,0.3,18,493,119.57,107.86,132.56,0.1787,0.0593,失败
普通处方,0.4,0.3,18,494,107.44,95.09,121.38,0.0717,0.0701,通过
普通处方,0.4,0.3,18,495,101.53,87.52,117.79,0.0152,0.0854,通过
普通处方,0.4,0.3,18,496,97.06,86.84,108.49,-0.0298,0.064,通过
普通处方,0.4,0.3,18,497,106.02,92.83,121.08,0.0585,0.0764,通过
普通处方,0.4,0.3,18,498,91.06,79.65,104.12,-0.0936,0.077,失败
普通处方,0.4,0.3,18,499,105.23,94.64,117.02,0.051,0.061,通过
普通处方,0.4,0.3,18,500,100.17,87.99,114.04,0.0017,0.0745,通过
普通处方,0.4,0.3,24,1,117.1,103.87,132.02,0.1579,0.07,失败
普通处方,0.4,0.3,24,2,98.91,90.36,108.27,-0.0109,0.0528,通过
普通处方,0.4,0.3,24,3,106.35,93.34,121.17,0.0616,0.0761,通过
普通处方,0.4,0.3,24,4,104.16,94.94,114.26,0.0407,0.054,通过
普通处方,0.4,0.3,24,5,119.77,107.45,133.5,0.1804,0.0633,失败
普通处方,0.4,0.3,24,6,92.12,83.95,101.08,-0.0821,0.0542,通过
普通处方,0.4,0.3,24,7,108.75,98.42,120.16,0.0839,0.0582,通过
普通处方,0.4,0.3,24,8,103.29,92.89,114.85,0.0324,0.0619,通过
普通处方,0.4,0.3,24,9,103.71,94.63,113.66,0.0364,0.0535,通过
普通处方,0.4,0.3,24,10,110.98,98.05,125.6,0.1041,0.0722,失败
普通处方,0.4,0.3,24,11,106.62,98.13,115.84,0.0641,0.0484,通过
普通处方,0.4,0.3,24,12,116.98,107.45,127.37,0.1569,0.0496,失败
普通处方,0.4,0.3,24,13,98.25,87.81,109.94,-0.0176,0.0656,通过
普通处方,0.4,0.3,24,14,112.68,101.93,124.55,0.1193,0.0585,通过
普通处方,0.4,0.3,24,15,102.89,91.03,116.29,0.0285,0.0714,通过
普通处方,0.4,0.3,24,16,110.38,100.22,121.57,0.0987,0.0563,通过
普通处方,0.4,0.3,24,17,104.11,94.4,114.82,0.0403,0.0571,通过
普通处方,0.4,0.3,24,18,98.8,88.2,110.68,-0.012,0.0662,通过
普通处方,0.4,0.3,24,19,109.9,99.08,121.9,0.0944,0.0605,通过
普通处方,0.4,0.3,24,20,103.28,92.03,115.9,0.0322,0.0673,通过
普通处方,0.4,0.3,24,21,106.51,95.03,119.38,0.0631,0.0665,通过
普通处方,0.4,0.3,24,22,103.55,91.49,117.2,0.0349,0.0722,通过
普通处方,0.4,0.3,24,23,103.48,94.57,113.24,0.0343,0.0526,通过
普通处方,0.4,0.3,24,24,97.3,86.7,109.19,-0.0274,0.0673,通过
普通处方,0.4,0.3,24,25,112.03,101.13,124.09,0.1136,0.0597,通过
普通处方,0.4,0.3,24,26,96.73,88.47,105.77,-0.0332,0.0521,通过
普通处方,0.4,0.3,24,27,102.07,90.9,114.61,0.0205,0.0676,通过
普通处方,0.4,0.3,24,28,98.34,92.11,105.0,-0.0167,0.0382,通过
普通处方,0.4,0.3,24,29,91.18,83.03,100.12,-0.0924,0.0546,通过
普通处方,0.4,0.3,24,30,107.9,99.53,116.97,0.076,0.0471,通过
普通处方,0.4,0.3,24,31,107.5,98.15,117.73,0.0723,0.0531,通过
普通处方,0.4,0.3,24,32,109.99,99.84,121.17,0.0952,0.0565,通过
普通处方,0.4,0.3,24,33,106.92,97.74,116.96,0.0669,0.0524,通过
普通处方,0.4,0.3,24,34,99.22,89.02,110.6,-0.0078,0.0633,通过
普通处方,0.4,0.3,24,35,114.42,103.04,127.05,0.1347,0.0611,失败
普通处方,0.4,0.3,24,36,95.14,87.56,103.38,-0.0498,0.0485,通过
普通处方,0.4,0.3,24,37,103.34,94.02,113.58,0.0329,0.0551,通过
普通处方,0.4,0.3,24,38,108.27,99.56,117.75,0.0795,0.0489,通过
普通处方,0.4,0.3,24,39,107.46,96.78,119.33,0.072,0.0611,通过
普通处方,0.4,0.3,24,40,102.22,91.21,114.56,0.022,0.0665,通过
普通处方,0.4,0.3,24,41,97.17,87.22,108.25,-0.0288,0.063,通过
普通处方,0.4,0.3,24,42,103.41,96.25,111.1,0.0335,0.0419,通过
普通处方,0.4,0.3,24,43,110.69,100.11,122.39,0.1016,0.0586,通过
普通处方,0.4,0.3,24,44,113.7,102.77,125.79,0.1284,0.059,失败
普通处方,0.4,0.3,24,45,98.96,88.41,110.78,-0.0104,0.0658,通过
普通处方,0.4,0.3,24,46,104.65,94.85,115.46,0.0454,0.0573,通过
普通处方,0.4,0.3,24,47,100.38,90.39,111.48,0.0038,0.0612,通过
普通处方,0.4,0.3,24,48,109.3,98.13,121.73,0.0889,0.0629,通过
普通处方,0.4,0.3,24,49,101.55,90.86,113.48,0.0153,0.0648,通过
普通处方,0.4,0.3,24,50,112.46,102.51,123.37,0.1174,0.054,通过
普通处方,0.4,0.3,24,51,101.52,90.34,114.08,0.0151,0.0681,通过
普通处方,0.4,0.3,24,52,105.52,94.13,118.29,0.0537,0.0666,通过
普通处方,0.4,0.3,24,53,105.3,96.06,115.41,0.0516,0.0535,通过
普通处方,0.4,0.3,24,54,95.72,87.6,104.58,-0.0438,0.0517,通过
普通处方,0.4,0.3,24,55,98.77,90.27,108.07,-0.0124,0.0525,通过
普通处方,0.4,0.3,24,56,99.53,88.43,112.04,-0.0047,0.069,通过
普通处方,0.4,0.3,24,57,105.62,94.25,118.36,0.0547,0.0665,通过
普通处方,0.4,0.3,24,58,100.34,91.98,109.45,0.0034,0.0507,通过
普通处方,0.4,0.3,24,59,104.73,95.8,114.49,0.0462,0.052,通过
普通处方,0.4,0.3,24,60,106.16,94.0,119.89,0.0597,0.071,通过
普通处方,0.4,0.3,24,61,105.37,92.99,119.4,0.0523,0.0729,通过
普通处方,0.4,0.3,24,62,100.2,88.88,112.95,0.002,0.0699,通过
普通处方,0.4,0.3,24,63,111.91,99.09,126.38,0.1125,0.071,失败
普通处方,0.4,0.3,24,64,107.05,97.51,117.51,0.0681,0.0544,通过
普通处方,0.4,0.3,24,65,100.65,91.77,110.38,0.0064,0.0539,通过
普通处方,0.4,0.3,24,66,103.18,92.08,115.61,0.0313,0.0664,通过
普通处方,0.4,0.3,24,67,107.81,95.9,121.19,0.0752,0.0683,通过
普通处方,0.4,0.3,24,68,96.39,88.92,104.49,-0.0368,0.0471,通过
普通处方,0.4,0.3,24,69,99.75,89.23,111.52,-0.0025,0.0651,通过
普通处方,0.4,0.3,24,70,101.87,88.81,116.85,0.0185,0.08,通过
普通处方,0.4,0.3,24,71,100.04,91.6,109.26,0.0004,0.0514,通过
普通处方,0.4,0.3,24,72,94.99,86.54,104.28,-0.0513,0.0544,通过
普通处方,0.4,0.3,24,73,108.07,99.51,117.37,0.0776,0.0482,通过
普通处方,0.4,0.3,24,74,97.32,86.46,109.55,-0.0271,0.069,通过
普通处方,0.4,0.3,24,75,106.0,95.31,117.89,0.0583,0.062,通过
普通处方,0.4,0.3,24,76,94.84,86.75,103.68,-0.053,0.052,通过
普通处方,0.4,0.3,24,77,98.21,88.45,109.05,-0.018,0.0611,通过
普通处方,0.4,0.3,24,78,99.71,89.32,111.31,-0.0029,0.0642,通过
普通处方,0.4,0.3,24,79,96.8,87.91,106.59,-0.0325,0.0562,通过
普通处方,0.4,0.3,24,80,99.41,90.81,108.83,-0.0059,0.0528,通过
普通处方,0.4,0.3,24,81,94.48,84.12,106.12,-0.0568,0.0678,通过
普通处方,0.4,0.3,24,82,105.73,95.3,117.29,0.0557,0.0606,通过
普通处方,0.4,0.3,24,83,112.01,99.02,126.71,0.1134,0.072,失败
普通处方,0.4,0.3,24,84,100.51,90.52,111.61,0.0051,0.0611,通过
普通处方,0.4,0.3,24,85,110.51,100.14,121.96,0.1,0.0575,通过
普通处方,0.4,0.3,24,86,114.29,105.0,124.4,0.1335,0.0495,通过
普通处方,0.4,0.3,24,87,103.23,92.47,115.24,0.0318,0.0642,通过
普通处方,0.4,0.3,24,88,110.02,99.19,122.04,0.0955,0.0605,通过
普通处方,0.4,0.3,24,89,99.39,90.35,109.33,-0.0061,0.0556,通过
普通处方,0.4,0.3,24,90,112.51,104.23,121.46,0.1179,0.0446,通过
普通处方,0.4,0.3,24,91,96.91,87.07,107.87,-0.0314,0.0625,通过
普通处方,0.4,0.3,24,92,115.55,102.88,129.78,0.1445,0.0678,失败
普通处方,0.4,0.3,24,93,100.51,92.78,108.88,0.0051,0.0467,通过
普通处方,0.4,0.3,24,94,111.4,101.09,122.76,0.1079,0.0566,通过
普通处方,0.4,0.3,24,95,113.96,102.73,126.42,0.1307,0.0605,失败
普通处方,0.4,0.3,24,96,108.73,98.21,120.38,0.0837,0.0594,通过
普通处方,0.4,0.3,24,97,99.36,90.67,108.88,-0.0064,0.0534,通过
普通处方,0.4,0.3,24,98,100.89,91.43,111.33,0.0089,0.0574,通过
普通处方,0.4,0.3,24,99,101.13,92.4,110.7,0.0113,0.0527,通过
普通处方,0.4,0.3,24,100,101.95,90.74,114.55,0.0193,0.068,通过
普通处方,0.4,0.3,24,101,100.79,93.14,109.08,0.0079,0.0461,通过
普通处方,0.4,0.3,24,102,100.38,90.73,111.06,0.0038,0.059,通过
普通处方,0.4,0.3,24,103,117.81,107.26,129.4,0.1639,0.0547,失败
普通处方,0.4,0.3,24,104,102.61,94.07,111.93,0.0258,0.0507,通过
普通处方,0.4,0.3,24,105,101.67,92.77,111.42,0.0166,0.0535,通过
普通处方,0.4,0.3,24,106,99.8,88.28,112.83,-0.002,0.0716,通过
普通处方,0.4,0.3,24,107,111.95,101.36,123.63,0.1129,0.0579,通过
普通处方,0.4,0.3,24,108,117.55,107.51,128.53,0.1617,0.0521,失败
普通处方,0.4,0.3,24,109,104.19,90.48,119.97,0.041,0.0823,通过
普通处方,0.4,0.3,24,110,109.83,100.3,120.26,0.0938,0.0529,通过
普通处方,0.4,0.3,24,111,99.19,87.63,112.29,-0.0081,0.0723,通过
普通处方,0.4,0.3,24,112,101.11,90.63,112.79,0.011,0.0638,通过
普通处方,0.4,0.3,24,113,94.33,85.84,103.66,-0.0584,0.055,通过
普通处方,0.4,0.3,24,114,98.06,89.03,108.0,-0.0196,0.0563,通过
普通处方,0.4,0.3,24,115,110.33,100.78,120.78,0.0983,0.0528,通过
普通处方,0.4,0.3,24,116,111.39,99.24,125.04,0.1079,0.0674,失败
普通处方,0.4,0.3,24,117,92.45,82.05,104.18,-0.0785,0.0697,通过
普通处方,0.4,0.3,24,118,105.96,96.63,116.18,0.0578,0.0538,通过
普通处方,0.4,0.3,24,119,87.27,79.35,95.97,-0.1362,0.0555,失败
普通处方,0.4,0.3,24,120,97.47,89.44,106.22,-0.0257,0.0502,通过
普通处方,0.4,0.3,24,121,89.57,82.15,97.66,-0.1101,0.0505,通过
普通处方,0.4,0.3,24,122,111.32,99.73,124.26,0.1073,0.0642,通过
普通处方,0.4,0.3,24,123,105.11,96.57,114.4,0.0498,0.0494,通过
普通处方,0.4,0.3,24,124,104.41,93.34,116.8,0.0432,0.0654,通过
普通处方,0.4,0.3,24,125,108.74,99.78,118.5,0.0838,0.0501,通过
普通处方,0.4,0.3,24,126,96.93,86.17,109.04,-0.0312,0.0687,通过
普通处方,0.4,0.3,24,127,107.96,95.36,122.22,0.0766,0.0724,通过
普通处方,0.4,0.3,24,128,105.15,92.9,119.03,0.0503,0.0723,通过
普通处方,0.4,0.3,24,129,100.35,90.17,111.68,0.0035,0.0624,通过
普通处方,0.4,0.3,24,130,97.51,85.65,111.02,-0.0252,0.0757,通过
普通处方,0.4,0.3,24,131,97.41,87.9,107.95,-0.0263,0.0599,通过
普通处方,0.4,0.3,24,132,109.6,99.47,120.76,0.0916,0.0566,通过
普通处方,0.4,0.3,24,133,103.56,92.83,115.52,0.035,0.0638,通过
普通处方,0.4,0.3,24,134,91.99,80.51,105.1,-0.0835,0.0778,通过
普通处方,0.4,0.3,24,135,104.22,94.44,115.02,0.0413,0.0575,通过
普通处方,0.4,0.3,24,136,116.76,107.28,127.08,0.1549,0.0494,失败
普通处方,0.4,0.3,24,137,104.86,94.89,115.87,0.0474,0.0583,通过
普通处方,0.4,0.3,24,138,109.73,97.28,123.78,0.0929,0.0703,通过
普通处方,0.4,0.3,24,139,102.66,91.6,115.05,0.0262,0.0665,通过
普通处方,0.4,0.3,24,140,105.92,97.01,115.65,0.0575,0.0513,通过
普通处方,0.4,0.3,24,141,99.47,86.21,114.77,-0.0053,0.0835,通过
普通处方,0.4,0.3,24,142,101.13,93.45,109.45,0.0113,0.0461,通过
普通处方,0.4,0.3,24,143,98.78,89.54,108.98,-0.0122,0.0573,通过
普通处方,0.4,0.3,24,144,101.56,90.46,114.03,0.0155,0.0676,通过
普通处方,0.4,0.3,24,145,100.38,90.89,110.85,0.0038,0.0579,通过
普通处方,0.4,0.3,24,146,103.47,92.61,115.61,0.0341,0.0647,通过
普通处方,0.4,0.3,24,147,99.29,88.94,110.85,-0.0071,0.0643,通过
普通处方,0.4,0.3,24,148,108.77,99.12,119.36,0.0841,0.0542,通过
普通处方,0.4,0.3,24,149,109.64,97.04,123.88,0.092,0.0712,通过
普通处方,0.4,0.3,24,150,97.07,88.41,106.59,-0.0297,0.0545,通过
普通处方,0.4,0.3,24,151,99.48,85.01,116.42,-0.0052,0.0917,通过
普通处方,0.4,0.3,24,152,111.29,100.88,122.78,0.107,0.0573,通过
普通处方,0.4,0.3,24,153,85.96,74.8,98.78,-0.1513,0.0811,失败
普通处方,0.4,0.3,24,154,104.54,94.45,115.71,0.0444,0.0592,通过
普通处方,0.4,0.3,24,155,107.63,98.68,117.39,0.0735,0.0507,通过
普通处方,0.4,0.3,24,156,114.69,104.85,125.45,0.1371,0.0523,失败
普通处方,0.4,0.3,24,157,103.94,95.97,112.58,0.0387,0.0466,通过
普通处方,0.4,0.3,24,158,115.57,107.69,124.03,0.1447,0.0412,通过
普通处方,0.4,0.3,24,159,97.95,91.22,105.17,-0.0208,0.0415,通过
普通处方,0.4,0.3,24,160,95.92,86.67,106.17,-0.0416,0.0592,通过
普通处方,0.4,0.3,24,161,102.48,93.09,112.83,0.0245,0.0561,通过
普通处方,0.4,0.3,24,162,113.83,102.45,126.48,0.1296,0.0615,失败
普通处方,0.4,0.3,24,163,104.17,96.22,112.78,0.0408,0.0463,通过
普通处方,0.4,0.3,24,164,92.92,83.11,103.89,-0.0734,0.0651,通过
普通处方,0.4,0.3,24,165,103.89,93.64,115.26,0.0381,0.0606,通过
普通处方,0.4,0.3,24,166,97.77,87.54,109.19,-0.0226,0.0645,通过
普通处方,0.4,0.3,24,167,94.66,86.82,103.2,-0.0549,0.0504,通过
普通处方,0.4,0.3,24,168,103.89,92.06,117.26,0.0382,0.0706,通过
普通处方,0.4,0.3,24,169,107.65,95.65,121.16,0.0737,0.069,通过
普通处方,0.4,0.3,24,170,86.31,77.35,96.3,-0.1472,0.0639,失败
普通处方,0.4,0.3,24,171,115.29,100.38,132.41,0.1423,0.0808,失败
普通处方,0.4,0.3,24,172,102.95,92.67,114.37,0.0291,0.0614,通过
普通处方,0.4,0.3,24,173,104.48,89.94,121.37,0.0438,0.0875,通过
普通处方,0.4,0.3,24,174,96.03,85.66,107.66,-0.0405,0.0667,通过
普通处方,0.4,0.3,24,175,104.32,96.27,113.03,0.0422,0.0468,通过
普通处方,0.4,0.3,24,176,94.6,86.17,103.86,-0.0555,0.0545,通过
普通处方,0.4,0.3,24,177,108.35,96.18,122.05,0.0802,0.0695,通过
普通处方,0.4,0.3,24,178,107.77,97.54,119.08,0.0748,0.0582,通过
普通处方,0.4,0.3,24,179,99.84,92.1,108.22,-0.0016,0.047,通过
普通处方,0.4,0.3,24,180,103.79,93.99,114.61,0.0372,0.0579,通过
普通处方,0.4,0.3,24,181,115.05,104.14,127.09,0.1402,0.0581,失败
普通处方,0.4,0.3,24,182,101.29,88.63,115.75,0.0128,0.0779,通过
普通处方,0.4,0.3,24,183,90.43,82.2,99.49,-0.1006,0.0557,通过
普通处方,0.4,0.3,24,184,103.85,94.48,114.15,0.0378,0.0552,通过
普通处方,0.4,0.3,24,185,101.63,89.9,114.88,0.0161,0.0715,通过
普通处方,0.4,0.3,24,186,96.71,87.86,106.46,-0.0334,0.056,通过
普通处方,0.4,0.3,24,187,95.42,86.13,105.73,-0.0468,0.0598,通过
普通处方,0.4,0.3,24,188,110.82,97.84,125.53,0.1028,0.0727,失败
普通处方,0.4,0.3,24,189,98.81,87.98,110.98,-0.012,0.0678,通过
普通处方,0.4,0.3,24,190,110.14,96.97,125.09,0.0965,0.0743,失败
普通处方,0.4,0.3,24,191,101.79,92.9,111.54,0.0178,0.0534,通过
普通处方,0.4,0.3,24,192,105.99,93.81,119.75,0.0582,0.0712,通过
普通处方,0.4,0.3,24,193,105.33,95.9,115.69,0.0519,0.0547,通过
普通处方,0.4,0.3,24,194,105.7,94.55,118.16,0.0554,0.065,通过
普通处方,0.4,0.3,24,195,99.99,93.84,106.54,-0.0001,0.037,通过
普通处方,0.4,0.3,24,196,104.94,94.98,115.94,0.0482,0.0582,通过
普通处方,0.4,0.3,24,197,122.69,110.12,136.69,0.2045,0.0631,失败
普通处方,0.4,0.3,24,198,104.29,95.49,113.9,0.042,0.0514,通过
普通处方,0.4,0.3,24,199,110.59,101.2,120.87,0.1007,0.0518,通过
普通处方,0.4,0.3,24,200,115.12,102.95,128.73,0.1408,0.0652,失败
普通处方,0.4,0.3,24,201,100.82,91.68,110.87,0.0082,0.0555,通过
普通处方,0.4,0.3,24,202,98.99,90.15,108.7,-0.0102,0.0546,通过
普通处方,0.4,0.3,24,203,99.26,88.52,111.32,-0.0074,0.0669,通过
普通处方,0.4,0.3,24,204,100.21,91.38,109.9,0.0021,0.0538,通过
普通处方,0.4,0.3,24,205,103.3,95.27,112.0,0.0325,0.0472,通过
普通处方,0.4,0.3,24,206,98.02,87.31,110.04,-0.02,0.0675,通过
普通处方,0.4,0.3,24,207,101.86,92.64,111.99,0.0184,0.0553,通过
普通处方,0.4,0.3,24,208,101.31,89.91,114.16,0.013,0.0697,通过
普通处方,0.4,0.3,24,209,101.95,91.53,113.56,0.0193,0.0629,通过
普通处方,0.4,0.3,24,210,96.65,86.17,108.41,-0.0341,0.067,通过
普通处方,0.4,0.3,24,211,101.8,91.57,113.17,0.0178,0.0618,通过
普通处方,0.4,0.3,24,212,101.65,90.99,113.55,0.0164,0.0646,通过
普通处方,0.4,0.3,24,213,107.34,96.55,119.35,0.0709,0.0618,通过
普通处方,0.4,0.3,24,214,100.13,90.48,110.81,0.0013,0.0591,通过
普通处方,0.4,0.3,24,215,109.97,97.91,123.51,0.095,0.0678,通过
普通处方,0.4,0.3,24,216,102.35,92.9,112.78,0.0233,0.0566,通过
普通处方,0.4,0.3,24,217,99.85,88.4,112.78,-0.0015,0.0711,通过
普通处方,0.4,0.3,24,218,107.37,94.97,121.38,0.0711,0.0716,通过
普通处方,0.4,0.3,24,219,104.18,95.08,114.15,0.041,0.0533,通过
普通处方,0.4,0.3,24,220,115.4,103.25,128.97,0.1432,0.0649,失败
普通处方,0.4,0.3,24,221,108.64,99.46,118.67,0.0829,0.0515,通过
普通处方,0.4,0.3,24,222,103.93,93.88,115.06,0.0386,0.0594,通过
普通处方,0.4,0.3,24,223,103.11,94.11,112.97,0.0306,0.0533,通过
普通处方,0.4,0.3,24,224,101.13,93.21,109.73,0.0112,0.0476,通过
普通处方,0.4,0.3,24,225,106.34,97.91,115.5,0.0615,0.0482,通过
普通处方,0.4,0.3,24,226,94.32,83.69,106.3,-0.0585,0.0698,通过
普通处方,0.4,0.3,24,227,97.54,86.9,109.48,-0.0249,0.0674,通过
普通处方,0.4,0.3,24,228,107.29,95.72,120.27,0.0704,0.0666,通过
普通处方,0.4,0.3,24,229,104.28,95.04,114.42,0.0419,0.0541,通过
普通处方,0.4,0.3,24,230,98.89,89.45,109.33,-0.0112,0.0586,通过
普通处方,0.4,0.3,24,231,106.16,94.32,119.5,0.0598,0.069,通过
普通处方,0.4,0.3,24,232,103.2,92.28,115.42,0.0315,0.0653,通过
普通处方,0.4,0.3,24,233,99.4,90.41,109.27,-0.0061,0.0553,通过
普通处方,0.4,0.3,24,234,112.86,100.38,126.9,0.121,0.0684,失败
普通处方,0.4,0.3,24,235,95.16,84.91,106.64,-0.0496,0.0665,通过
普通处方,0.4,0.3,24,236,99.06,90.74,108.14,-0.0095,0.0512,通过
普通处方,0.4,0.3,24,237,99.55,90.94,108.98,-0.0045,0.0528,通过
普通处方,0.4,0.3,24,238,96.37,90.52,102.6,-0.0369,0.0366,通过
普通处方,0.4,0.3,24,239,105.1,95.83,115.27,0.0498,0.0539,通过
普通处方,0.4,0.3,24,240,109.69,97.9,122.9,0.0925,0.0664,通过
普通处方,0.4,0.3,24,241,100.74,89.91,112.88,0.0074,0.0664,通过
普通处方,0.4,0.3,24,242,110.5,101.12,120.73,0.0998,0.0517,通过
普通处方,0.4,0.3,24,243,112.86,101.13,125.95,0.121,0.064,失败
普通处方,0.4,0.3,24,244,115.99,104.58,128.64,0.1483,0.0604,失败
普通处方,0.4,0.3,24,245,96.29,87.99,105.37,-0.0378,0.0526,通过
普通处方,0.4,0.3,24,246,111.59,104.04,119.69,0.1097,0.0409,通过
普通处方,0.4,0.3,24,247,110.82,99.91,122.91,0.1027,0.0604,通过
普通处方,0.4,0.3,24,248,100.49,89.9,112.32,0.0049,0.065,通过
普通处方,0.4,0.3,24,249,109.17,100.33,118.79,0.0877,0.0493,通过
普通处方,0.4,0.3,24,250,99.7,88.98,111.7,-0.003,0.0663,通过
普通处方,0.4,0.3,24,251,96.02,86.9,106.09,-0.0406,0.0582,通过
普通处方,0.4,0.3,24,252,116.28,106.01,127.55,0.1508,0.054,失败
普通处方,0.4,0.3,24,253,105.16,92.53,119.51,0.0503,0.0746,通过
普通处方,0.4,0.3,24,254,103.95,93.06,116.12,0.0388,0.0646,通过
普通处方,0.4,0.3,24,255,98.1,88.42,108.86,-0.0191,0.0607,通过
普通处方,0.4,0.3,24,256,104.78,96.88,113.32,0.0467,0.0457,通过
普通处方,0.4,0.3,24,257,107.78,96.79,120.02,0.0749,0.0628,通过
普通处方,0.4,0.3,24,258,94.22,83.5,106.32,-0.0595,0.0705,通过
普通处方,0.4,0.3,24,259,96.42,83.9,110.81,-0.0365,0.0812,通过
普通处方,0.4,0.3,24,260,97.92,89.34,107.32,-0.0211,0.0535,通过
普通处方,0.4,0.3,24,261,96.93,87.38,107.51,-0.0312,0.0605,通过
普通处方,0.4,0.3,24,262,103.39,93.59,114.23,0.0334,0.0581,通过
普通处方,0.4,0.3,24,263,104.65,94.57,115.8,0.0454,0.0591,通过
普通处方,0.4,0.3,24,264,109.97,99.13,122.01,0.0951,0.0606,通过
普通处方,0.4,0.3,24,265,97.07,89.05,105.82,-0.0297,0.0503,通过
普通处方,0.4,0.3,24,266,112.59,103.71,122.22,0.1186,0.0479,通过
普通处方,0.4,0.3,24,267,98.68,89.23,109.13,-0.0133,0.0587,通过
普通处方,0.4,0.3,24,268,96.57,87.25,106.89,-0.0349,0.0592,通过
普通处方,0.4,0.3,24,269,101.21,88.31,115.99,0.012,0.0795,通过
普通处方,0.4,0.3,24,270,110.73,96.57,126.97,0.1019,0.0799,失败
普通处方,0.4,0.3,24,271,105.55,94.95,117.33,0.054,0.0617,通过
普通处方,0.4,0.3,24,272,101.02,89.25,114.35,0.0102,0.0723,通过
普通处方,0.4,0.3,24,273,104.9,96.34,114.22,0.0478,0.0497,通过
普通处方,0.4,0.3,24,274,105.56,93.83,118.76,0.0541,0.0687,通过
普通处方,0.4,0.3,24,275,102.44,95.06,110.4,0.0241,0.0437,通过
普通处方,0.4,0.3,24,276,94.17,84.48,104.97,-0.0601,0.0634,通过
普通处方,0.4,0.3,24,277,99.97,90.85,110.01,-0.0003,0.0558,通过
普通处方,0.4,0.3,24,278,120.58,109.6,132.67,0.1872,0.0557,失败
普通处方,0.4,0.3,24,279,106.62,95.75,118.72,0.0641,0.0628,通过
普通处方,0.4,0.3,24,280,94.28,85.87,103.51,-0.0589,0.0545,通过
普通处方,0.4,0.3,24,281,105.67,96.46,115.75,0.0551,0.0532,通过
普通处方,0.4,0.3,24,282,101.47,92.27,111.59,0.0146,0.0555,通过
普通处方,0.4,0.3,24,283,92.48,83.67,102.23,-0.0781,0.0585,通过
普通处方,0.4,0.3,24,284,96.48,87.38,106.52,-0.0359,0.0578,通过
普通处方,0.4,0.3,24,285,108.49,99.75,117.99,0.0815,0.049,通过
普通处方,0.4,0.3,24,286,100.21,92.62,108.42,0.0021,0.0459,通过
普通处方,0.4,0.3,24,287,100.72,89.64,113.16,0.0072,0.068,通过
普通处方,0.4,0.3,24,288,102.98,91.88,115.42,0.0294,0.0665,通过
普通处方,0.4,0.3,24,289,111.67,103.03,121.04,0.1104,0.047,通过
普通处方,0.4,0.3,24,290,98.09,84.59,113.74,-0.0193,0.0864,通过
普通处方,0.4,0.3,24,291,107.37,93.74,122.99,0.0712,0.0792,通过
普通处方,0.4,0.3,24,292,106.27,94.47,119.55,0.0608,0.0687,通过
普通处方,0.4,0.3,24,293,102.74,88.77,118.92,0.0271,0.0853,通过
普通处方,0.4,0.3,24,294,105.96,98.35,114.17,0.0579,0.0435,通过
普通处方,0.4,0.3,24,295,102.45,89.83,116.84,0.0242,0.0767,通过
普通处方,0.4,0.3,24,296,101.71,89.19,116.0,0.017,0.0767,通过
普通处方,0.4,0.3,24,297,104.24,93.01,116.82,0.0415,0.0665,通过
普通处方,0.4,0.3,24,298,94.61,83.45,107.27,-0.0554,0.0733,通过
普通处方,0.4,0.3,24,299,105.74,94.33,118.54,0.0558,0.0667,通过
普通处方,0.4,0.3,24,300,95.45,85.51,106.55,-0.0466,0.0642,通过
普通处方,0.4,0.3,24,301,98.01,88.97,107.96,-0.0201,0.0564,通过
普通处方,0.4,0.3,24,302,109.09,95.62,124.47,0.087,0.0769,通过
普通处方,0.4,0.3,24,303,108.2,96.89,120.82,0.0788,0.0644,通过
普通处方,0.4,0.3,24,304,99.43,89.55,110.4,-0.0057,0.0611,通过
普通处方,0.4,0.3,24,305,105.33,96.29,115.23,0.052,0.0524,通过
普通处方,0.4,0.3,24,306,106.35,97.62,115.86,0.0616,0.05,通过
普通处方,0.4,0.3,24,307,102.51,91.74,114.54,0.0247,0.0648,通过
普通处方,0.4,0.3,24,308,108.8,96.8,122.3,0.0844,0.0682,通过
普通处方,0.4,0.3,24,309,101.54,91.36,112.84,0.0152,0.0616,通过
普通处方,0.4,0.3,24,310,106.73,97.49,116.86,0.0652,0.0529,通过
普通处方,0.4,0.3,24,311,102.01,91.25,114.04,0.0199,0.0651,通过
普通处方,0.4,0.3,24,312,101.62,91.98,112.26,0.016,0.0581,通过
普通处方,0.4,0.3,24,313,105.28,94.14,117.74,0.0515,0.0653,通过
普通处方,0.4,0.3,24,314,94.13,86.86,102.01,-0.0605,0.0469,通过
普通处方,0.4,0.3,24,315,86.21,75.45,98.51,-0.1483,0.0778,失败
普通处方,0.4,0.3,24,316,102.72,93.74,112.56,0.0269,0.0534,通过
普通处方,0.4,0.3,24,317,106.75,94.18,121.0,0.0654,0.0731,通过
普通处方,0.4,0.3,24,318,101.97,93.9,110.74,0.0195,0.0481,通过
普通处方,0.4,0.3,24,319,110.47,98.41,123.99,0.0995,0.0674,通过
普通处方,0.4,0.3,24,320,98.87,89.38,109.37,-0.0114,0.0589,通过
普通处方,0.4,0.3,24,321,108.99,96.25,123.43,0.0861,0.0726,通过
普通处方,0.4,0.3,24,322,106.92,97.59,117.14,0.0669,0.0533,通过
普通处方,0.4,0.3,24,323,97.65,88.83,107.35,-0.0238,0.0553,通过
普通处方,0.4,0.3,24,324,109.61,99.82,120.36,0.0918,0.0546,通过
普通处方,0.4,0.3,24,325,93.77,86.07,102.16,-0.0643,0.05,通过
普通处方,0.4,0.3,24,326,97.75,89.04,107.31,-0.0228,0.0544,通过
普通处方,0.4,0.3,24,327,96.17,85.32,108.4,-0.0391,0.0698,通过
普通处方,0.4,0.3,24,328,109.18,98.54,120.97,0.0878,0.0598,通过
普通处方,0.4,0.3,24,329,105.76,97.5,114.72,0.056,0.0475,通过
普通处方,0.4,0.3,24,330,99.63,92.49,107.33,-0.0037,0.0434,通过
普通处方,0.4,0.3,24,331,110.76,98.69,124.32,0.1022,0.0674,通过
普通处方,0.4,0.3,24,332,104.56,93.89,116.44,0.0446,0.0628,通过
普通处方,0.4,0.3,24,333,107.32,97.47,118.16,0.0706,0.0561,通过
普通处方,0.4,0.3,24,334,100.71,91.3,111.09,0.0071,0.0572,通过
普通处方,0.4,0.3,24,335,122.06,109.27,136.35,0.1993,0.0646,失败
普通处方,0.4,0.3,24,336,101.1,90.84,112.53,0.011,0.0625,通过
普通处方,0.4,0.3,24,337,106.09,91.08,123.57,0.0591,0.089,通过
普通处方,0.4,0.3,24,338,112.75,101.58,125.15,0.12,0.0609,失败
普通处方,0.4,0.3,24,339,113.0,103.12,123.81,0.1222,0.0533,通过
普通处方,0.4,0.3,24,340,101.5,93.94,109.68,0.0149,0.0452,通过
普通处方,0.4,0.3,24,341,98.53,90.57,107.19,-0.0148,0.0492,通过
普通处方,0.4,0.3,24,342,89.2,82.67,96.25,-0.1143,0.0444,通过
普通处方,0.4,0.3,24,343,112.72,100.77,126.09,0.1197,0.0654,失败
普通处方,0.4,0.3,24,344,113.77,102.87,125.83,0.129,0.0588,失败
普通处方,0.4,0.3,24,345,110.97,100.55,122.46,0.1041,0.0575,通过
普通处方,0.4,0.3,24,346,91.58,83.36,100.62,-0.0879,0.0549,通过
普通处方,0.4,0.3,24,347,104.81,97.43,112.75,0.047,0.0426,通过
普通处方,0.4,0.3,24,348,112.85,100.92,126.19,0.1209,0.0652,失败
普通处方,0.4,0.3,24,349,99.2,91.76,107.24,-0.008,0.0455,通过
普通处方,0.4,0.3,24,350,110.44,101.85,119.75,0.0993,0.0472,通过
普通处方,0.4,0.3,24,351,110.73,99.63,123.06,0.1019,0.0616,通过
普通处方,0.4,0.3,24,352,123.03,110.4,137.1,0.2072,0.0632,失败
普通处方,0.4,0.3,24,353,113.61,102.18,126.32,0.1276,0.0619,失败
普通处方,0.4,0.3,24,354,97.11,86.07,109.57,-0.0293,0.0704,通过
普通处方,0.4,0.3,24,355,109.69,100.09,120.21,0.0925,0.0534,通过
普通处方,0.4,0.3,24,356,106.88,94.74,120.59,0.0666,0.0704,通过
普通处方,0.4,0.3,24,357,102.91,91.1,116.24,0.0286,0.0711,通过
普通处方,0.4,0.3,24,358,103.01,90.51,117.24,0.0297,0.0755,通过
普通处方,0.4,0.3,24,359,103.67,91.11,117.96,0.036,0.0753,通过
普通处方,0.4,0.3,24,360,105.15,94.97,116.42,0.0502,0.0594,通过
普通处方,0.4,0.3,24,361,108.08,98.67,118.38,0.0777,0.0531,通过
普通处方,0.4,0.3,24,362,114.15,100.35,129.84,0.1323,0.0752,失败
普通处方,0.4,0.3,24,363,100.12,91.09,110.04,0.0012,0.0551,通过
普通处方,0.4,0.3,24,364,101.8,91.66,113.06,0.0178,0.0612,通过
普通处方,0.4,0.3,24,365,110.04,97.35,124.39,0.0957,0.0715,通过
普通处方,0.4,0.3,24,366,96.58,84.41,110.51,-0.0348,0.0786,通过
普通处方,0.4,0.3,24,367,108.36,99.99,117.42,0.0803,0.0469,通过
普通处方,0.4,0.3,24,368,103.12,93.0,114.34,0.0307,0.0603,通过
普通处方,0.4,0.3,24,369,108.0,95.51,122.12,0.0769,0.0717,通过
普通处方,0.4,0.3,24,370,109.51,99.79,120.17,0.0908,0.0542,通过
普通处方,0.4,0.3,24,371,104.56,94.28,115.94,0.0445,0.0603,通过
普通处方,0.4,0.3,24,372,95.6,85.85,106.46,-0.045,0.0628,通过
普通处方,0.4,0.3,24,373,103.6,93.58,114.69,0.0354,0.0593,通过
普通处方,0.4,0.3,24,374,103.78,92.75,116.13,0.0371,0.0656,通过
普通处方,0.4,0.3,24,375,96.17,86.92,106.41,-0.039,0.059,通过
普通处方,0.4,0.3,24,376,105.11,95.22,116.03,0.0498,0.0577,通过
普通处方,0.4,0.3,24,377,111.2,101.09,122.32,0.1061,0.0556,通过
普通处方,0.4,0.3,24,378,105.04,95.22,115.87,0.0492,0.0573,通过
普通处方,0.4,0.3,24,379,99.44,90.63,109.12,-0.0056,0.0542,通过
普通处方,0.4,0.3,24,380,98.78,89.22,109.37,-0.0123,0.0594,通过
普通处方,0.4,0.3,24,381,103.12,95.63,111.19,0.0307,0.044,通过
普通处方,0.4,0.3,24,382,92.31,84.87,100.4,-0.08,0.049,通过
普通处方,0.4,0.3,24,383,103.19,90.42,117.76,0.0314,0.0771,通过
普通处方,0.4,0.3,24,384,105.31,92.65,119.7,0.0518,0.0747,通过
普通处方,0.4,0.3,24,385,105.86,92.07,121.72,0.057,0.0814,通过
普通处方,0.4,0.3,24,386,105.62,95.1,117.3,0.0547,0.0612,通过
普通处方,0.4,0.3,24,387,99.32,89.56,110.14,-0.0068,0.0603,通过
普通处方,0.4,0.3,24,388,99.83,91.09,109.41,-0.0017,0.0535,通过
普通处方,0.4,0.3,24,389,103.29,95.99,111.14,0.0324,0.0427,通过
普通处方,0.4,0.3,24,390,120.49,108.24,134.14,0.1864,0.0626,失败
普通处方,0.4,0.3,24,391,100.03,88.78,112.7,0.0003,0.0696,通过
普通处方,0.4,0.3,24,392,108.32,96.68,121.37,0.0799,0.0663,通过
普通处方,0.4,0.3,24,393,99.08,90.85,108.05,-0.0093,0.0506,通过
普通处方,0.4,0.3,24,394,116.26,105.1,128.6,0.1507,0.0589,失败
普通处方,0.4,0.3,24,395,90.81,81.68,100.97,-0.0964,0.0619,通过
普通处方,0.4,0.3,24,396,102.11,91.0,114.58,0.0209,0.0672,通过
普通处方,0.4,0.3,24,397,110.65,98.83,123.89,0.1012,0.0659,通过
普通处方,0.4,0.3,24,398,110.93,98.19,125.33,0.1037,0.0712,失败
普通处方,0.4,0.3,24,399,106.14,92.69,121.54,0.0596,0.0791,通过
普通处方,0.4,0.3,24,400,102.16,92.76,112.51,0.0214,0.0563,通过
普通处方,0.4,0.3,24,401,101.14,92.81,110.22,0.0113,0.0502,通过
普通处方,0.4,0.3,24,402,109.86,100.75,119.8,0.0941,0.0505,通过
普通处方,0.4,0.3,24,403,102.34,94.27,111.11,0.0231,0.048,通过
普通处方,0.4,0.3,24,404,113.72,102.58,126.07,0.1286,0.0602,失败
普通处方,0.4,0.3,24,405,109.1,97.29,122.33,0.0871,0.0668,通过
普通处方,0.4,0.3,24,406,102.91,93.21,113.61,0.0287,0.0577,通过
普通处方,0.4,0.3,24,407,96.43,84.39,110.19,-0.0363,0.0778,通过
普通处方,0.4,0.3,24,408,103.08,94.75,112.14,0.0304,0.0492,通过
普通处方,0.4,0.3,24,409,105.04,93.03,118.61,0.0492,0.0709,通过
普通处方,0.4,0.3,24,410,102.19,91.02,114.74,0.0217,0.0676,通过
普通处方,0.4,0.3,24,411,91.94,83.82,100.85,-0.084,0.054,通过
普通处方,0.4,0.3,24,412,104.58,95.58,114.42,0.0448,0.0525,通过
普通处方,0.4,0.3,24,413,106.0,95.51,117.64,0.0583,0.0608,通过
普通处方,0.4,0.3,24,414,98.23,91.42,105.54,-0.0179,0.0419,通过
普通处方,0.4,0.3,24,415,101.16,89.75,114.03,0.0116,0.0699,通过
普通处方,0.4,0.3,24,416,98.14,90.32,106.63,-0.0188,0.0484,通过
普通处方,0.4,0.3,24,417,96.83,87.35,107.34,-0.0322,0.0601,通过
普通处方,0.4,0.3,24,418,97.71,89.65,106.5,-0.0232,0.0503,通过
普通处方,0.4,0.3,24,419,109.76,100.25,120.16,0.0931,0.0528,通过
普通处方,0.4,0.3,24,420,100.33,89.32,112.69,0.0033,0.0678,通过
普通处方,0.4,0.3,24,421,109.26,96.71,123.43,0.0885,0.0712,通过
普通处方,0.4,0.3,24,422,115.29,106.4,124.92,0.1423,0.0468,通过
普通处方,0.4,0.3,24,423,98.51,89.12,108.89,-0.015,0.0584,通过
普通处方,0.4,0.3,24,424,96.92,86.83,108.19,-0.0312,0.0642,通过
普通处方,0.4,0.3,24,425,97.01,87.35,107.73,-0.0304,0.0612,通过
普通处方,0.4,0.3,24,426,113.22,102.8,124.7,0.1242,0.0563,通过
普通处方,0.4,0.3,24,427,92.92,86.22,100.14,-0.0734,0.0437,通过
普通处方,0.4,0.3,24,428,98.97,90.44,108.31,-0.0103,0.0526,通过
普通处方,0.4,0.3,24,429,101.59,90.47,114.07,0.0157,0.0676,通过
普通处方,0.4,0.3,24,430,113.21,101.49,126.29,0.1241,0.0638,失败
普通处方,0.4,0.3,24,431,106.01,95.22,118.01,0.0583,0.0626,通过
普通处方,0.4,0.3,24,432,108.89,98.73,120.11,0.0852,0.0572,通过
普通处方,0.4,0.3,24,433,94.34,86.78,102.56,-0.0583,0.0487,通过
普通处方,0.4,0.3,24,434,104.11,93.27,116.22,0.0403,0.0642,通过
普通处方,0.4,0.3,24,435,105.7,95.65,116.8,0.0554,0.0583,通过
普通处方,0.4,0.3,24,436,101.07,91.79,111.27,0.0106,0.0561,通过
普通处方,0.4,0.3,24,437,109.36,97.21,123.03,0.0895,0.0687,通过
普通处方,0.4,0.3,24,438,104.38,93.43,116.62,0.0429,0.0647,通过
普通处方,0.4,0.3,24,439,105.19,96.92,114.17,0.0506,0.0478,通过
普通处方,0.4,0.3,24,440,99.26,90.65,108.68,-0.0074,0.0529,通过
普通处方,0.4,0.3,24,441,106.9,95.37,119.82,0.0667,0.0666,通过
普通处方,0.4,0.3,24,442,113.46,104.61,123.06,0.1263,0.0474,通过
普通处方,0.4,0.3,24,443,96.39,88.58,104.89,-0.0367,0.0493,通过
普通处方,0.4,0.3,24,444,105.05,93.4,118.16,0.0493,0.0686,通过
普通处方,0.4,0.3,24,445,99.14,90.77,108.28,-0.0086,0.0515,通过
普通处方,0.4,0.3,24,446,92.63,84.04,102.1,-0.0765,0.0568,通过
普通处方,0.4,0.3,24,447,100.97,90.26,112.95,0.0097,0.0654,通过
普通处方,0.4,0.3,24,448,104.91,94.42,116.57,0.048,0.0615,通过
普通处方,0.4,0.3,24,449,108.88,95.98,123.5,0.0851,0.0735,通过
普通处方,0.4,0.3,24,450,98.38,89.76,107.83,-0.0163,0.0535,通过
普通处方,0.4,0.3,24,451,97.14,88.76,106.31,-0.029,0.0527,通过
普通处方,0.4,0.3,24,452,90.94,81.65,101.27,-0.095,0.0628,通过
普通处方,0.4,0.3,24,453,100.08,90.9,110.18,0.0008,0.0561,通过
普通处方,0.4,0.3,24,454,107.3,94.92,121.28,0.0704,0.0715,通过
普通处方,0.4,0.3,24,455,98.15,91.03,105.82,-0.0187,0.0439,通过
普通处方,0.4,0.3,24,456,115.13,105.25,125.95,0.1409,0.0524,失败
普通处方,0.4,0.3,24,457,106.66,93.86,121.2,0.0644,0.0746,通过
普通处方,0.4,0.3,24,458,102.67,91.61,115.05,0.0263,0.0665,通过
普通处方,0.4,0.3,24,459,112.87,101.56,125.43,0.121,0.0616,失败
普通处方,0.4,0.3,24,460,112.27,97.31,129.53,0.1158,0.0834,失败
普通处方,0.4,0.3,24,461,97.86,87.71,109.18,-0.0216,0.0639,通过
普通处方,0.4,0.3,24,462,106.87,95.9,119.1,0.0665,0.0632,通过
普通处方,0.4,0.3,24,463,104.0,93.34,115.87,0.0392,0.0631,通过
普通处方,0.4,0.3,24,464,96.53,85.48,109.0,-0.0354,0.0709,通过
普通处方,0.4,0.3,24,465,98.83,90.73,107.66,-0.0117,0.0499,通过
普通处方,0.4,0.3,24,466,107.76,95.61,121.45,0.0747,0.0698,通过
普通处方,0.4,0.3,24,467,107.49,97.24,118.82,0.0722,0.0585,通过
普通处方,0.4,0.3,24,468,98.02,88.34,108.77,-0.02,0.0607,通过
普通处方,0.4,0.3,24,469,109.53,96.46,124.38,0.0911,0.0742,通过
普通处方,0.4,0.3,24,470,105.38,96.15,115.49,0.0524,0.0535,通过
普通处方,0.4,0.3,24,471,98.52,89.03,109.03,-0.0149,0.0591,通过
普通处方,0.4,0.3,24,472,100.09,92.67,108.1,0.0009,0.0449,通过
普通处方,0.4,0.3,24,473,101.57,91.48,112.78,0.0156,0.0611,通过
普通处方,0.4,0.3,24,474,95.89,86.77,105.98,-0.0419,0.0583,通过
普通处方,0.4,0.3,24,475,99.44,91.01,108.66,-0.0056,0.0517,通过
普通处方,0.4,0.3,24,476,94.76,86.39,103.94,-0.0538,0.0539,通过
普通处方,0.4,0.3,24,477,102.41,91.78,114.27,0.0238,0.0639,通过
普通处方,0.4,0.3,24,478,103.78,93.75,114.89,0.0371,0.0593,通过
普通处方,0.4,0.3,24,479,110.15,99.54,121.9,0.0967,0.0591,通过
普通处方,0.4,0.3,24,480,112.08,99.53,126.21,0.114,0.0693,失败
普通处方,0.4,0.3,24,481,104.75,93.37,117.53,0.0464,0.0671,通过
普通处方,0.4,0.3,24,482,94.3,87.04,102.17,-0.0587,0.0467,通过
普通处方,0.4,0.3,24,483,115.14,103.62,127.94,0.141,0.0615,失败
普通处方,0.4,0.3,24,484,104.4,92.65,117.63,0.043,0.0696,通过
普通处方,0.4,0.3,24,485,98.11,89.87,107.11,-0.019,0.0512,通过
普通处方,0.4,0.3,24,486,106.64,96.23,118.19,0.0643,0.06,通过
普通处方,0.4,0.3,24,487,109.31,99.8,119.73,0.089,0.0531,通过
普通处方,0.4,0.3,24,488,92.2,86.06,98.78,-0.0812,0.0402,通过
普通处方,0.4,0.3,24,489,104.66,94.1,116.41,0.0455,0.0621,通过
普通处方,0.4,0.3,24,490,95.76,86.4,106.14,-0.0433,0.06,通过
普通处方,0.4,0.3,24,491,97.71,87.18,109.52,-0.0231,0.0665,通过
普通处方,0.4,0.3,24,492,106.16,97.34,115.79,0.0598,0.0506,通过
普通处方,0.4,0.3,24,493,97.41,87.86,108.0,-0.0262,0.0602,通过
普通处方,0.4,0.3,24,494,113.97,104.15,124.71,0.1308,0.0525,通过
普通处方,0.4,0.3,24,495,110.59,98.76,123.84,0.1007,0.066,通过
普通处方,0.4,0.3,24,496,107.42,98.93,116.64,0.0716,0.048,通过
普通处方,0.4,0.3,24,497,108.27,99.07,118.31,0.0794,0.0518,通过
普通处方,0.4,0.3,24,498,120.62,110.38,131.8,0.1874,0.0517,失败
普通处方,0.4,0.3,24,499,99.96,90.44,110.48,-0.0004,0.0584,通过
普通处方,0.4,0.3,24,500,99.44,89.45,110.56,-0.0056,0.0618,通过
普通处方,0.4,0.3,36,1,110.88,101.34,121.32,0.1033,0.0533,通过
普通处方,0.4,0.3,36,2,101.06,94.12,108.51,0.0106,0.0421,通过
普通处方,0.4,0.3,36,3,102.86,93.8,112.8,0.0282,0.0546,通过
普通处方,0.4,0.3,36,4,107.94,100.89,115.49,0.0764,0.04,通过
普通处方,0.4,0.3,36,5,107.5,100.81,114.63,0.0723,0.038,通过
普通处方,0.4,0.3,36,6,105.06,97.82,112.84,0.0493,0.0423,通过
普通处方,0.4,0.3,36,7,105.98,97.91,114.71,0.0581,0.0469,通过
普通处方,0.4,0.3,36,8,101.62,94.07,109.78,0.0161,0.0457,通过
普通处方,0.4,0.3,36,9,95.74,87.26,105.05,-0.0435,0.0549,通过
普通处方,0.4,0.3,36,10,97.37,88.45,107.18,-0.0267,0.0568,通过
普通处方,0.4,0.3,36,11,102.23,95.02,109.99,0.0221,0.0433,通过
普通处方,0.4,0.3,36,12,100.66,93.35,108.55,0.0066,0.0447,通过
普通处方,0.4,0.3,36,13,112.49,103.81,121.91,0.1177,0.0476,通过
普通处方,0.4,0.3,36,14,104.81,96.02,114.39,0.0469,0.0518,通过
普通处方,0.4,0.3,36,15,103.92,95.81,112.72,0.0385,0.0481,通过
普通处方,0.4,0.3,36,16,98.34,91.43,105.76,-0.0168,0.0431,通过
普通处方,0.4,0.3,36,17,93.11,86.98,99.67,-0.0714,0.0403,通过
普通处方,0.4,0.3,36,18,106.91,98.56,115.98,0.0669,0.0482,通过
普通处方,0.4,0.3,36,19,108.3,99.87,117.45,0.0798,0.048,通过
普通处方,0.4,0.3,36,20,104.7,96.37,113.74,0.0459,0.0491,通过
普通处方,0.4,0.3,36,21,102.95,94.92,111.65,0.0291,0.048,通过
普通处方,0.4,0.3,36,22,112.54,103.28,122.64,0.1182,0.0509,通过
普通处方,0.4,0.3,36,23,110.17,100.36,120.93,0.0968,0.0552,通过
普通处方,0.4,0.3,36,24,102.19,94.03,111.06,0.0216,0.0493,通过
普通处方,0.4,0.3,36,25,108.78,100.18,118.12,0.0842,0.0487,通过
普通处方,0.4,0.3,36,26,111.72,104.0,120.02,0.1108,0.0424,通过
普通处方,0.4,0.3,36,27,112.88,103.87,122.67,0.1212,0.0492,通过
普通处方,0.4,0.3,36,28,99.96,92.98,107.47,-0.0004,0.0429,通过
普通处方,0.4,0.3,36,29,98.03,91.11,105.49,-0.0198,0.0434,通过
普通处方,0.4,0.3,36,30,98.35,89.99,107.48,-0.0167,0.0525,通过
普通处方,0.4,0.3,36,31,98.27,89.49,107.92,-0.0174,0.0554,通过
普通处方,0.4,0.3,36,32,118.34,107.57,130.2,0.1684,0.0565,失败
普通处方,0.4,0.3,36,33,99.3,91.64,107.6,-0.007,0.0475,通过
普通处方,0.4,0.3,36,34,108.1,97.76,119.54,0.0779,0.0595,通过
普通处方,0.4,0.3,36,35,98.98,89.71,109.21,-0.0102,0.0582,通过
普通处方,0.4,0.3,36,36,109.21,100.88,118.23,0.0881,0.047,通过
普通处方,0.4,0.3,36,37,92.27,85.81,99.22,-0.0804,0.043,通过
普通处方,0.4,0.3,36,38,107.38,98.05,117.6,0.0712,0.0538,通过
普通处方,0.4,0.3,36,39,109.64,100.89,119.15,0.092,0.0492,通过
普通处方,0.4,0.3,36,40,109.91,100.57,120.12,0.0945,0.0526,通过
普通处方,0.4,0.3,36,41,113.01,103.37,123.54,0.1223,0.0528,通过
普通处方,0.4,0.3,36,42,111.27,103.32,119.84,0.1068,0.0439,通过
普通处方,0.4,0.3,36,43,114.04,106.35,122.28,0.1314,0.0413,通过
普通处方,0.4,0.3,36,44,110.06,99.2,122.12,0.0959,0.0615,通过
普通处方,0.4,0.3,36,45,102.63,95.24,110.59,0.0259,0.0442,通过
普通处方,0.4,0.3,36,46,102.83,95.59,110.62,0.0279,0.0432,通过
普通处方,0.4,0.3,36,47,97.11,90.04,104.74,-0.0293,0.0448,通过
普通处方,0.4,0.3,36,48,98.05,89.71,107.16,-0.0197,0.0526,通过
普通处方,0.4,0.3,36,49,98.21,91.15,105.82,-0.0181,0.0442,通过
普通处方,0.4,0.3,36,50,114.58,104.62,125.5,0.1361,0.0538,失败
普通处方,0.4,0.3,36,51,110.29,102.16,119.07,0.098,0.0453,通过
普通处方,0.4,0.3,36,52,115.25,105.05,126.45,0.142,0.0549,失败
普通处方,0.4,0.3,36,53,98.49,90.8,106.82,-0.0152,0.0481,通过
普通处方,0.4,0.3,36,54,106.89,97.61,117.06,0.0667,0.0538,通过
普通处方,0.4,0.3,36,55,105.45,96.09,115.73,0.0531,0.0551,通过
普通处方,0.4,0.3,36,56,110.99,102.08,120.68,0.1043,0.0495,通过
普通处方,0.4,0.3,36,57,96.52,88.95,104.73,-0.0354,0.0483,通过
普通处方,0.4,0.3,36,58,111.66,102.11,122.1,0.1103,0.0529,通过
普通处方,0.4,0.3,36,59,100.64,92.85,109.09,0.0064,0.0477,通过
普通处方,0.4,0.3,36,60,96.88,88.18,106.44,-0.0317,0.0557,通过
普通处方,0.4,0.3,36,61,111.94,104.45,119.98,0.1128,0.041,通过
普通处方,0.4,0.3,36,62,106.46,97.41,116.34,0.0626,0.0526,通过
普通处方,0.4,0.3,36,63,104.95,95.99,114.75,0.0483,0.0528,通过
普通处方,0.4,0.3,36,64,107.49,99.14,116.54,0.0722,0.0479,通过
普通处方,0.4,0.3,36,65,105.72,97.57,114.56,0.0556,0.0475,通过
普通处方,0.4,0.3,36,66,101.31,93.59,109.67,0.013,0.0469,通过
普通处方,0.4,0.3,36,67,96.05,88.64,104.07,-0.0403,0.0475,通过
普通处方,0.4,0.3,36,68,96.81,88.01,106.49,-0.0324,0.0564,通过
普通处方,0.4,0.3,36,69,110.94,101.42,121.36,0.1039,0.0531,通过
普通处方,0.4,0.3,36,70,119.01,109.73,129.08,0.174,0.0481,失败
普通处方,0.4,0.3,36,71,105.95,96.85,115.91,0.0578,0.0532,通过
普通处方,0.4,0.3,36,72,109.71,102.33,117.62,0.0927,0.0412,通过
普通处方,0.4,0.3,36,73,98.98,90.62,108.11,-0.0103,0.0522,通过
普通处方,0.4,0.3,36,74,90.68,82.9,99.18,-0.0979,0.0531,通过
普通处方,0.4,0.3,36,75,100.47,93.48,107.99,0.0047,0.0427,通过
普通处方,0.4,0.3,36,76,107.03,99.99,114.56,0.0679,0.0403,通过
普通处方,0.4,0.3,36,77,113.05,103.52,123.46,0.1227,0.0521,通过
普通处方,0.4,0.3,36,78,93.71,86.9,101.06,-0.0649,0.0446,通过
普通处方,0.4,0.3,36,79,102.33,94.96,110.27,0.023,0.0442,通过
普通处方,0.4,0.3,36,80,99.3,90.89,108.5,-0.007,0.0524,通过
普通处方,0.4,0.3,36,81,114.73,105.44,124.84,0.1374,0.05,通过
普通处方,0.4,0.3,36,82,108.97,100.87,117.71,0.0859,0.0457,通过
普通处方,0.4,0.3,36,83,105.57,95.97,116.13,0.0542,0.0564,通过
普通处方,0.4,0.3,36,84,109.42,100.4,119.24,0.09,0.0509,通过
普通处方,0.4,0.3,36,85,104.91,97.12,113.32,0.0479,0.0457,通过
普通处方,0.4,0.3,36,86,102.89,94.9,111.56,0.0285,0.0479,通过
普通处方,0.4,0.3,36,87,100.77,93.69,108.37,0.0076,0.0431,通过
普通处方,0.4,0.3,36,88,116.01,106.12,126.82,0.1485,0.0527,失败
普通处方,0.4,0.3,36,89,105.33,97.97,113.25,0.052,0.0429,通过
普通处方,0.4,0.3,36,90,102.57,95.93,109.67,0.0254,0.0396,通过
普通处方,0.4,0.3,36,91,101.3,93.87,109.33,0.013,0.0451,通过
普通处方,0.4,0.3,36,92,113.25,103.55,123.86,0.1245,0.053,通过
普通处方,0.4,0.3,36,93,114.52,105.32,124.52,0.1355,0.0496,通过
普通处方,0.4,0.3,36,94,99.93,91.53,109.09,-0.0007,0.0519,通过
普通处方,0.4,0.3,36,95,103.26,94.39,112.97,0.0321,0.0532,通过
普通处方,0.4,0.3,36,96,110.51,100.78,121.17,0.0999,0.0545,通过
普通处方,0.4,0.3,36,97,108.81,100.24,118.1,0.0844,0.0485,通过
普通处方,0.4,0.3,36,98,110.35,102.44,118.88,0.0985,0.0441,通过
普通处方,0.4,0.3,36,99,111.59,102.26,121.76,0.1096,0.0516,通过
普通处方,0.4,0.3,36,100,97.09,89.73,105.05,-0.0296,0.0467,通过
普通处方,0.4,0.3,36,101,103.19,94.11,113.16,0.0314,0.0545,通过
普通处方,0.4,0.3,36,102,98.15,89.56,107.57,-0.0186,0.0542,通过
普通处方,0.4,0.3,36,103,96.21,89.75,103.13,-0.0387,0.0411,通过
普通处方,0.4,0.3,36,104,101.78,94.01,110.18,0.0176,0.047,通过
普通处方,0.4,0.3,36,105,102.71,94.44,111.69,0.0267,0.0496,通过
普通处方,0.4,0.3,36,106,115.97,105.84,127.07,0.1481,0.0541,失败
普通处方,0.4,0.3,36,107,104.27,94.99,114.46,0.0418,0.0552,通过
普通处方,0.4,0.3,36,108,99.94,91.49,109.18,-0.0006,0.0523,通过
普通处方,0.4,0.3,36,109,109.07,99.18,119.93,0.0868,0.0562,通过
普通处方,0.4,0.3,36,110,101.44,92.59,111.13,0.0143,0.054,通过
普通处方,0.4,0.3,36,111,108.78,98.67,119.94,0.0842,0.0578,通过
普通处方,0.4,0.3,36,112,106.32,96.35,117.31,0.0613,0.0582,通过
普通处方,0.4,0.3,36,113,105.19,96.78,114.34,0.0506,0.0493,通过
普通处方,0.4,0.3,36,114,100.59,92.63,109.24,0.0059,0.0488,通过
普通处方,0.4,0.3,36,115,109.24,100.71,118.5,0.0884,0.0481,通过
普通处方,0.4,0.3,36,116,94.96,89.83,100.39,-0.0517,0.0329,通过
普通处方,0.4,0.3,36,117,101.89,95.59,108.61,0.0187,0.0378,通过
普通处方,0.4,0.3,36,118,106.03,96.92,116.0,0.0585,0.0532,通过
普通处方,0.4,0.3,36,119,108.53,98.95,119.04,0.0819,0.0547,通过
普通处方,0.4,0.3,36,120,102.09,93.71,111.22,0.0207,0.0507,通过
普通处方,0.4,0.3,36,121,108.56,100.26,117.54,0.0821,0.0471,通过
普通处方,0.4,0.3,36,122,108.36,97.57,120.34,0.0803,0.0621,通过
普通处方,0.4,0.3,36,123,108.87,100.98,117.36,0.0849,0.0445,通过
普通处方,0.4,0.3,36,124,97.15,89.43,105.54,-0.0289,0.049,通过
普通处方,0.4,0.3,36,125,109.23,99.84,119.5,0.0883,0.0532,通过
普通处方,0.4,0.3,36,126,103.15,96.28,110.51,0.031,0.0408,通过
普通处方,0.4,0.3,36,127,101.55,94.16,109.53,0.0154,0.0448,通过
普通处方,0.4,0.3,36,128,103.81,94.81,113.65,0.0373,0.0536,通过
普通处方,0.4,0.3,36,129,103.05,94.83,111.97,0.03,0.0492,通过
普通处方,0.4,0.3,36,130,112.76,104.54,121.63,0.1201,0.0448,通过
普通处方,0.4,0.3,36,131,106.21,98.18,114.9,0.0602,0.0466,通过
普通处方,0.4,0.3,36,132,88.5,81.13,96.54,-0.1222,0.0515,通过
普通处方,0.4,0.3,36,133,106.37,97.04,116.61,0.0618,0.0544,通过
普通处方,0.4,0.3,36,134,103.02,93.6,113.4,0.0298,0.0568,通过
普通处方,0.4,0.3,36,135,109.39,102.08,117.23,0.0898,0.041,通过
普通处方,0.4,0.3,36,136,108.45,98.58,119.32,0.0812,0.0565,通过
普通处方,0.4,0.3,36,137,105.14,95.28,116.02,0.0501,0.0583,通过
普通处方,0.4,0.3,36,138,107.31,98.13,117.34,0.0705,0.0529,通过
普通处方,0.4,0.3,36,139,109.94,100.31,120.5,0.0948,0.0543,通过
普通处方,0.4,0.3,36,140,108.42,98.9,118.84,0.0808,0.0544,通过
普通处方,0.4,0.3,36,141,104.1,94.88,114.21,0.0402,0.0549,通过
普通处方,0.4,0.3,36,142,106.5,97.86,115.9,0.0629,0.0501,通过
普通处方,0.4,0.3,36,143,109.26,101.26,117.89,0.0885,0.045,通过
普通处方,0.4,0.3,36,144,98.02,91.28,105.26,-0.02,0.0422,通过
普通处方,0.4,0.3,36,145,101.62,94.09,109.75,0.0161,0.0456,通过
普通处方,0.4,0.3,36,146,99.72,91.46,108.73,-0.0028,0.0512,通过
普通处方,0.4,0.3,36,147,110.88,102.1,120.43,0.1033,0.0489,通过
普通处方,0.4,0.3,36,148,105.68,96.72,115.46,0.0552,0.0524,通过
普通处方,0.4,0.3,36,149,103.95,94.42,114.45,0.0387,0.0569,通过
普通处方,0.4,0.3,36,150,104.74,95.53,114.85,0.0463,0.0545,通过
普通处方,0.4,0.3,36,151,103.47,95.64,111.94,0.0341,0.0466,通过
普通处方,0.4,0.3,36,152,100.7,91.36,110.99,0.007,0.0576,通过
普通处方,0.4,0.3,36,153,106.52,97.23,116.71,0.0632,0.054,通过
普通处方,0.4,0.3,36,154,106.28,98.37,114.83,0.0609,0.0458,通过
普通处方,0.4,0.3,36,155,105.49,96.96,114.76,0.0534,0.0499,通过
普通处方,0.4,0.3,36,156,111.82,102.55,121.92,0.1117,0.0512,通过
普通处方,0.4,0.3,36,157,104.83,97.32,112.92,0.0471,0.044,通过
普通处方,0.4,0.3,36,158,111.8,102.65,121.76,0.1115,0.0505,通过
普通处方,0.4,0.3,36,159,98.35,90.82,106.5,-0.0166,0.0471,通过
普通处方,0.4,0.3,36,160,101.01,92.55,110.24,0.01,0.0518,通过
普通处方,0.4,0.3,36,161,103.56,95.72,112.04,0.035,0.0466,通过
普通处方,0.4,0.3,36,162,99.44,92.03,107.44,-0.0056,0.0458,通过
普通处方,0.4,0.3,36,163,110.13,101.41,119.61,0.0965,0.0488,通过
普通处方,0.4,0.3,36,164,97.98,91.26,105.2,-0.0204,0.042,通过
普通处方,0.4,0.3,36,165,97.81,89.97,106.32,-0.0222,0.0494,通过
普通处方,0.4,0.3,36,166,120.11,109.0,132.34,0.1832,0.0574,失败
普通处方,0.4,0.3,36,167,104.35,96.44,112.9,0.0425,0.0466,通过
普通处方,0.4,0.3,36,168,101.49,92.7,111.12,0.0148,0.0537,通过
普通处方,0.4,0.3,36,169,104.9,96.87,113.59,0.0478,0.0471,通过
普通处方,0.4,0.3,36,170,115.93,105.15,127.82,0.1478,0.0578,失败
普通处方,0.4,0.3,36,171,103.88,95.13,113.44,0.0381,0.0521,通过
普通处方,0.4,0.3,36,172,107.9,97.47,119.46,0.0761,0.0602,通过
普通处方,0.4,0.3,36,173,103.2,95.02,112.1,0.0315,0.0489,通过
普通处方,0.4,0.3,36,174,105.43,95.79,116.04,0.0529,0.0568,通过
普通处方,0.4,0.3,36,175,96.68,88.85,105.21,-0.0337,0.05,通过
普通处方,0.4,0.3,36,176,99.56,92.0,107.75,-0.0044,0.0468,通过
普通处方,0.4,0.3,36,177,99.85,91.6,108.86,-0.0015,0.0511,通过
普通处方,0.4,0.3,36,178,106.96,98.24,116.46,0.0673,0.0504,通过
普通处方,0.4,0.3,36,179,109.43,99.54,120.31,0.0901,0.0561,通过
普通处方,0.4,0.3,36,180,103.99,95.03,113.8,0.0392,0.0533,通过
普通处方,0.4,0.3,36,181,101.0,94.44,108.02,0.0099,0.0398,通过
普通处方,0.4,0.3,36,182,101.35,92.46,111.1,0.0135,0.0544,通过
普通处方,0.4,0.3,36,183,100.03,91.54,109.32,0.0003,0.0525,通过
普通处方,0.4,0.3,36,184,105.18,97.21,113.8,0.0505,0.0466,通过
普通处方,0.4,0.3,36,185,98.89,91.95,106.35,-0.0112,0.0431,通过
普通处方,0.4,0.3,36,186,109.67,99.91,120.39,0.0923,0.0552,通过
普通处方,0.4,0.3,36,187,96.72,88.1,106.2,-0.0333,0.0553,通过
普通处方,0.4,0.3,36,188,105.76,98.67,113.37,0.056,0.0411,通过
普通处方,0.4,0.3,36,189,114.45,106.37,123.15,0.135,0.0433,通过
普通处方,0.4,0.3,36,190,106.76,100.02,113.96,0.0654,0.0386,通过
普通处方,0.4,0.3,36,191,107.1,98.2,116.81,0.0686,0.0514,通过
普通处方,0.4,0.3,36,192,100.91,92.23,110.41,0.009,0.0532,通过
普通处方,0.4,0.3,36,193,103.83,94.86,113.65,0.0376,0.0535,通过
普通处方,0.4,0.3,36,194,108.41,100.52,116.92,0.0807,0.0447,通过
普通处方,0.4,0.3,36,195,107.29,98.17,117.26,0.0704,0.0526,通过
普通处方,0.4,0.3,36,196,106.2,96.87,116.42,0.0601,0.0544,通过
普通处方,0.4,0.3,36,197,108.18,97.57,119.95,0.0786,0.0611,通过
普通处方,0.4,0.3,36,198,98.18,91.07,105.86,-0.0183,0.0445,通过
普通处方,0.4,0.3,36,199,104.49,97.27,112.24,0.0439,0.0424,通过
普通处方,0.4,0.3,36,200,111.49,102.7,121.03,0.1087,0.0486,通过
普通处方,0.4,0.3,36,201,103.9,94.71,113.97,0.0382,0.0548,通过
普通处方,0.4,0.3,36,202,103.75,95.67,112.51,0.0368,0.048,通过
普通处方,0.4,0.3,36,203,104.8,97.67,112.46,0.0469,0.0417,通过
普通处方,0.4,0.3,36,204,99.2,92.05,106.91,-0.008,0.0443,通过
普通处方,0.4,0.3,36,205,96.47,87.97,105.8,-0.0359,0.0546,通过
普通处方,0.4,0.3,36,206,103.02,95.12,111.58,0.0298,0.0472,通过
普通处方,0.4,0.3,36,207,109.23,100.48,118.73,0.0883,0.0494,通过
普通处方,0.4,0.3,36,208,107.97,99.39,117.27,0.0766,0.049,通过
普通处方,0.4,0.3,36,209,101.31,94.31,108.83,0.013,0.0424,通过
普通处方,0.4,0.3,36,210,100.63,92.54,109.42,0.0062,0.0496,通过
普通处方,0.4,0.3,36,211,97.1,89.64,105.19,-0.0294,0.0473,通过
普通处方,0.4,0.3,36,212,103.9,95.77,112.71,0.0382,0.0482,通过
普通处方,0.4,0.3,36,213,112.12,104.62,120.15,0.1144,0.041,通过
普通处方,0.4,0.3,36,214,104.35,95.74,113.74,0.0426,0.051,通过
普通处方,0.4,0.3,36,215,99.85,91.62,108.81,-0.0015,0.0509,通过
普通处方,0.4,0.3,36,216,96.37,87.96,105.58,-0.037,0.054,通过
普通处方,0.4,0.3,36,217,110.08,100.93,120.06,0.096,0.0513,通过
普通处方,0.4,0.3,36,218,113.22,104.34,122.85,0.1241,0.0483,通过
普通处方,0.4,0.3,36,219,108.32,100.35,116.93,0.0799,0.0452,通过
普通处方,0.4,0.3,36,220,102.08,94.31,110.49,0.0206,0.0469,通过
普通处方,0.4,0.3,36,221,110.36,99.89,121.93,0.0986,0.059,通过
普通处方,0.4,0.3,36,222,103.52,95.07,112.72,0.0346,0.0504,通过
普通处方,0.4,0.3,36,223,105.01,96.91,113.8,0.0489,0.0475,通过
普通处方,0.4,0.3,36,224,102.85,94.25,112.25,0.0281,0.0517,通过
普通处方,0.4,0.3,36,225,101.71,95.15,108.72,0.017,0.0395,通过
普通处方,0.4,0.3,36,226,104.63,93.87,116.62,0.0452,0.0642,通过
普通处方,0.4,0.3,36,227,99.43,93.11,106.19,-0.0057,0.0389,通过
普通处方,0.4,0.3,36,228,107.64,97.57,118.75,0.0736,0.0581,通过
普通处方,0.4,0.3,36,229,104.1,94.07,115.19,0.0401,0.0599,通过
普通处方,0.4,0.3,36,230,100.23,92.36,108.77,0.0023,0.0484,通过
普通处方,0.4,0.3,36,231,103.52,95.26,112.51,0.0346,0.0493,通过
普通处方,0.4,0.3,36,232,108.74,100.36,117.81,0.0838,0.0474,通过
普通处方,0.4,0.3,36,233,102.24,94.86,110.19,0.0221,0.0443,通过
普通处方,0.4,0.3,36,234,105.72,97.0,115.23,0.0557,0.051,通过
普通处方,0.4,0.3,36,235,104.03,96.21,112.49,0.0396,0.0463,通过
普通处方,0.4,0.3,36,236,113.72,104.82,123.37,0.1285,0.0482,通过
普通处方,0.4,0.3,36,237,103.73,95.39,112.8,0.0366,0.0496,通过
普通处方,0.4,0.3,36,238,111.5,102.54,121.25,0.1089,0.0496,通过
普通处方,0.4,0.3,36,239,106.02,97.46,115.35,0.0585,0.0499,通过
普通处方,0.4,0.3,36,240,103.37,95.25,112.18,0.0332,0.0484,通过
普通处方,0.4,0.3,36,241,108.3,100.79,116.36,0.0797,0.0425,通过
普通处方,0.4,0.3,36,242,105.45,98.07,113.39,0.0531,0.0429,通过
普通处方,0.4,0.3,36,243,108.93,99.73,118.98,0.0855,0.0522,通过
普通处方,0.4,0.3,36,244,98.65,90.56,107.46,-0.0136,0.0507,通过
普通处方,0.4,0.3,36,245,108.07,99.28,117.64,0.0776,0.0502,通过
普通处方,0.4,0.3,36,246,103.54,93.06,115.2,0.0348,0.0631,通过
普通处方,0.4,0.3,36,247,103.88,97.95,110.17,0.0381,0.0348,通过
普通处方,0.4,0.3,36,248,109.96,101.75,118.83,0.095,0.0459,通过
普通处方,0.4,0.3,36,249,112.15,103.48,121.54,0.1146,0.0476,通过
普通处方,0.4,0.3,36,250,107.14,100.2,114.57,0.069,0.0397,通过
普通处方,0.4,0.3,36,251,101.4,93.26,110.25,0.0139,0.0495,通过
普通处方,0.4,0.3,36,252,114.22,104.89,124.38,0.133,0.0504,通过
普通处方,0.4,0.3,36,253,102.76,94.91,111.25,0.0272,0.047,通过
普通处方,0.4,0.3,36,254,109.4,100.38,119.22,0.0898,0.0509,通过
普通处方,0.4,0.3,36,255,105.4,98.82,112.42,0.0526,0.0382,通过
普通处方,0.4,0.3,36,256,103.38,94.54,113.05,0.0333,0.0529,通过
普通处方,0.4,0.3,36,257,98.46,90.02,107.68,-0.0156,0.053,通过
普通处方,0.4,0.3,36,258,102.76,94.96,111.19,0.0272,0.0467,通过
普通处方,0.4,0.3,36,259,105.73,98.03,114.04,0.0557,0.0448,通过
普通处方,0.4,0.3,36,260,112.26,105.74,119.19,0.1157,0.0354,通过
普通处方,0.4,0.3,36,261,109.45,100.15,119.63,0.0903,0.0526,通过
普通处方,0.4,0.3,36,262,108.34,98.82,118.79,0.0801,0.0545,通过
普通处方,0.4,0.3,36,263,106.19,97.7,115.42,0.06,0.0493,通过
普通处方,0.4,0.3,36,264,107.23,99.73,115.29,0.0698,0.0429,通过
普通处方,0.4,0.3,36,265,95.51,85.95,106.14,-0.0459,0.0625,通过
普通处方,0.4,0.3,36,266,98.31,90.76,106.5,-0.017,0.0473,通过
普通处方,0.4,0.3,36,267,103.5,96.37,111.15,0.0344,0.0422,通过
普通处方,0.4,0.3,36,268,108.36,101.05,116.2,0.0803,0.0413,通过
普通处方,0.4,0.3,36,269,99.17,92.38,106.46,-0.0083,0.042,通过
普通处方,0.4,0.3,36,270,110.76,100.7,121.81,0.1022,0.0563,通过
普通处方,0.4,0.3,36,271,99.04,91.86,106.78,-0.0097,0.0445,通过
普通处方,0.4,0.3,36,272,110.69,102.0,120.12,0.1015,0.0484,通过
普通处方,0.4,0.3,36,273,106.99,98.99,115.65,0.0676,0.046,通过
普通处方,0.4,0.3,36,274,101.78,94.97,109.08,0.0177,0.041,通过
普通处方,0.4,0.3,36,275,109.03,101.51,117.11,0.0864,0.0423,通过
普通处方,0.4,0.3,36,276,108.86,98.84,119.9,0.0849,0.0572,通过
普通处方,0.4,0.3,36,277,101.18,93.69,109.26,0.0117,0.0455,通过
普通处方,0.4,0.3,36,278,117.85,109.37,126.97,0.1642,0.0442,失败
普通处方,0.4,0.3,36,279,101.61,92.91,111.13,0.016,0.053,通过
普通处方,0.4,0.3,36,280,105.34,97.69,113.59,0.052,0.0446,通过
普通处方,0.4,0.3,36,281,116.99,110.47,123.9,0.1569,0.034,通过
普通处方,0.4,0.3,36,282,101.43,92.38,111.36,0.0142,0.0553,通过
普通处方,0.4,0.3,36,283,99.2,90.97,108.18,-0.008,0.0513,通过
普通处方,0.4,0.3,36,284,108.84,100.97,117.33,0.0847,0.0445,通过
普通处方,0.4,0.3,36,285,99.58,91.91,107.89,-0.0042,0.0474,通过
普通处方,0.4,0.3,36,286,102.55,92.86,113.24,0.0251,0.0587,通过
普通处方,0.4,0.3,36,287,107.87,99.89,116.47,0.0757,0.0454,通过
普通处方,0.4,0.3,36,288,106.12,95.97,117.34,0.0594,0.0595,通过
普通处方,0.4,0.3,36,289,102.34,94.93,110.32,0.0231,0.0445,通过
普通处方,0.4,0.3,36,290,99.7,92.71,107.23,-0.003,0.0431,通过
普通处方,0.4,0.3,36,291,97.01,88.23,106.67,-0.0303,0.0562,通过
普通处方,0.4,0.3,36,292,108.44,101.76,115.55,0.081,0.0376,通过
普通处方,0.4,0.3,36,293,101.4,93.98,109.41,0.0139,0.045,通过
普通处方,0.4,0.3,36,294,107.11,97.42,117.78,0.0687,0.0562,通过
普通处方,0.4,0.3,36,295,106.65,98.74,115.2,0.0644,0.0456,通过
普通处方,0.4,0.3,36,296,93.8,85.72,102.65,-0.064,0.0533,通过
普通处方,0.4,0.3,36,297,100.06,92.8,107.87,0.0006,0.0445,通过
普通处方,0.4,0.3,36,298,98.34,90.86,106.43,-0.0167,0.0468,通过
普通处方,0.4,0.3,36,299,105.74,97.81,114.32,0.0559,0.0462,通过
普通处方,0.4,0.3,36,300,105.96,96.5,116.35,0.0579,0.0554,通过
普通处方,0.4,0.3,36,301,111.53,101.65,122.36,0.1091,0.0549,通过
普通处方,0.4,0.3,36,302,105.84,97.16,115.29,0.0567,0.0506,通过
普通处方,0.4,0.3,36,303,105.4,97.42,114.04,0.0526,0.0466,通过
普通处方,0.4,0.3,36,304,99.84,92.2,108.11,-0.0016,0.0471,通过
普通处方,0.4,0.3,36,305,106.63,98.2,115.78,0.0642,0.0487,通过
普通处方,0.4,0.3,36,306,112.92,103.16,123.59,0.1215,0.0535,通过
普通处方,0.4,0.3,36,307,109.97,100.06,120.86,0.095,0.0559,通过
普通处方,0.4,0.3,36,308,101.77,93.92,110.27,0.0175,0.0475,通过
普通处方,0.4,0.3,36,309,103.48,94.89,112.85,0.0342,0.0513,通过
普通处方,0.4,0.3,36,310,101.0,93.77,108.78,0.0099,0.0439,通过
普通处方,0.4,0.3,36,311,110.82,100.64,122.03,0.1027,0.057,通过
普通处方,0.4,0.3,36,312,95.55,88.46,103.22,-0.0455,0.0457,通过
普通处方,0.4,0.3,36,313,106.0,98.28,114.32,0.0583,0.0447,通过
普通处方,0.4,0.3,36,314,102.08,93.76,111.14,0.0206,0.0503,通过
普通处方,0.4,0.3,36,315,110.67,102.82,119.13,0.1014,0.0436,通过
普通处方,0.4,0.3,36,316,99.82,90.88,109.64,-0.0018,0.0555,通过
普通处方,0.4,0.3,36,317,101.43,93.78,109.71,0.0142,0.0464,通过
普通处方,0.4,0.3,36,318,102.21,92.92,112.44,0.0219,0.0564,通过
普通处方,0.4,0.3,36,319,108.08,98.12,119.06,0.0777,0.0572,通过
普通处方,0.4,0.3,36,320,107.3,98.0,117.48,0.0705,0.0537,通过
普通处方,0.4,0.3,36,321,104.77,97.02,113.15,0.0466,0.0455,通过
普通处方,0.4,0.3,36,322,101.01,93.55,109.06,0.01,0.0454,通过
普通处方,0.4,0.3,36,323,103.62,94.8,113.27,0.0356,0.0527,通过
普通处方,0.4,0.3,36,324,106.04,98.58,114.05,0.0586,0.0432,通过
普通处方,0.4,0.3,36,325,102.48,93.09,112.83,0.0245,0.0569,通过
普通处方,0.4,0.3,36,326,102.83,95.02,111.29,0.0279,0.0468,通过
普通处方,0.4,0.3,36,327,114.14,105.73,123.21,0.1323,0.0453,通过
普通处方,0.4,0.3,36,328,110.03,100.44,120.54,0.0956,0.054,通过
普通处方,0.4,0.3,36,329,108.31,101.09,116.06,0.0799,0.0409,通过
普通处方,0.4,0.3,36,330,103.3,94.37,113.08,0.0325,0.0535,通过
普通处方,0.4,0.3,36,331,105.33,96.48,114.99,0.0519,0.0519,通过
普通处方,0.4,0.3,36,332,95.88,88.65,103.69,-0.0421,0.0464,通过
普通处方,0.4,0.3,36,333,96.04,87.9,104.94,-0.0404,0.0524,通过
普通处方,0.4,0.3,36,334,98.19,90.6,106.41,-0.0183,0.0476,通过
普通处方,0.4,0.3,36,335,106.64,99.62,114.16,0.0643,0.0403,通过
普通处方,0.4,0.3,36,336,101.03,92.44,110.42,0.0103,0.0526,通过
普通处方,0.4,0.3,36,337,106.09,95.94,117.32,0.0591,0.0595,通过
普通处方,0.4,0.3,36,338,104.88,97.79,112.48,0.0476,0.0414,通过
普通处方,0.4,0.3,36,339,113.43,102.58,125.44,0.126,0.0595,失败
普通处方,0.4,0.3,36,340,100.0,91.93,108.78,-0.0,0.0498,通过
普通处方,0.4,0.3,36,341,96.85,89.29,105.05,-0.032,0.0481,通过
普通处方,0.4,0.3,36,342,99.85,91.73,108.68,-0.0015,0.0502,通过
普通处方,0.4,0.3,36,343,103.8,95.26,113.1,0.0373,0.0508,通过
普通处方,0.4,0.3,36,344,109.35,100.28,119.23,0.0894,0.0512,通过
普通处方,0.4,0.3,36,345,98.27,89.11,108.37,-0.0175,0.0579,通过
普通处方,0.4,0.3,36,346,92.86,84.43,102.13,-0.0741,0.0563,通过
普通处方,0.4,0.3,36,347,105.98,97.49,115.22,0.0581,0.0495,通过
普通处方,0.4,0.3,36,348,109.44,99.52,120.35,0.0902,0.0562,通过
普通处方,0.4,0.3,36,349,103.15,92.78,114.68,0.031,0.0627,通过
普通处方,0.4,0.3,36,350,101.12,93.15,109.77,0.0111,0.0486,通过
普通处方,0.4,0.3,36,351,104.59,96.07,113.87,0.0449,0.0503,通过
普通处方,0.4,0.3,36,352,100.41,91.16,110.6,0.0041,0.0572,通过
普通处方,0.4,0.3,36,353,119.18,109.45,129.78,0.1755,0.0504,失败
普通处方,0.4,0.3,36,354,112.78,104.02,122.27,0.1202,0.0478,通过
普通处方,0.4,0.3,36,355,105.64,99.46,112.21,0.0549,0.0357,通过
普通处方,0.4,0.3,36,356,103.67,94.38,113.87,0.036,0.0556,通过
普通处方,0.4,0.3,36,357,107.03,98.78,115.97,0.0679,0.0475,通过
普通处方,0.4,0.3,36,358,97.19,89.56,105.47,-0.0285,0.0484,通过
普通处方,0.4,0.3,36,359,104.71,97.47,112.48,0.046,0.0424,通过
普通处方,0.4,0.3,36,360,98.48,89.33,108.57,-0.0153,0.0577,通过
普通处方,0.4,0.3,36,361,111.47,105.02,118.32,0.1086,0.0353,通过
普通处方,0.4,0.3,36,362,106.06,98.05,114.72,0.0588,0.0465,通过
普通处方,0.4,0.3,36,363,101.89,94.01,110.43,0.0187,0.0476,通过
普通处方,0.4,0.3,36,364,105.22,96.49,114.74,0.0509,0.0513,通过
普通处方,0.4,0.3,36,365,106.85,99.13,115.17,0.0663,0.0444,通过
普通处方,0.4,0.3,36,366,111.17,99.99,123.61,0.1059,0.0627,通过
普通处方,0.4,0.3,36,367,106.04,98.64,114.0,0.0587,0.0428,通过
普通处方,0.4,0.3,36,368,102.84,94.84,111.52,0.028,0.048,通过
普通处方,0.4,0.3,36,369,108.89,101.62,116.67,0.0851,0.0409,通过
普通处方,0.4,0.3,36,370,102.97,95.01,111.59,0.0292,0.0476,通过
普通处方,0.4,0.3,36,371,101.5,93.88,109.73,0.0149,0.0462,通过
普通处方,0.4,0.3,36,372,104.59,95.88,114.1,0.0449,0.0515,通过
普通处方,0.4,0.3,36,373,105.87,96.62,116.0,0.057,0.0541,通过
普通处方,0.4,0.3,36,374,104.43,95.82,113.81,0.0433,0.0509,通过
普通处方,0.4,0.3,36,375,102.06,93.56,111.33,0.0204,0.0515,通过
普通处方,0.4,0.3,36,376,96.75,90.35,103.62,-0.033,0.0406,通过
普通处方,0.4,0.3,36,377,98.94,89.73,109.1,-0.0107,0.0579,通过
普通处方,0.4,0.3,36,378,107.08,98.94,115.88,0.0684,0.0468,通过
普通处方,0.4,0.3,36,379,113.94,104.23,124.55,0.1305,0.0527,通过
普通处方,0.4,0.3,36,380,99.77,91.97,108.23,-0.0023,0.0482,通过
普通处方,0.4,0.3,36,381,96.95,89.91,104.54,-0.031,0.0446,通过
普通处方,0.4,0.3,36,382,103.02,95.05,111.66,0.0297,0.0477,通过
普通处方,0.4,0.3,36,383,95.21,86.74,104.51,-0.0491,0.0551,通过
普通处方,0.4,0.3,36,384,101.95,94.34,110.16,0.0193,0.0459,通过
普通处方,0.4,0.3,36,385,109.6,101.42,118.45,0.0917,0.046,通过
普通处方,0.4,0.3,36,386,117.42,106.25,129.75,0.1606,0.0591,失败
普通处方,0.4,0.3,36,387,98.95,91.33,107.2,-0.0106,0.0474,通过
普通处方,0.4,0.3,36,388,105.06,95.92,115.06,0.0493,0.0539,通过
普通处方,0.4,0.3,36,389,107.84,98.43,118.16,0.0755,0.0541,通过
普通处方,0.4,0.3,36,390,103.85,94.5,114.12,0.0378,0.0558,通过
普通处方,0.4,0.3,36,391,110.89,102.86,119.53,0.1033,0.0444,通过
普通处方,0.4,0.3,36,392,94.95,87.73,102.76,-0.0518,0.0468,通过
普通处方,0.4,0.3,36,393,104.95,93.93,117.26,0.0483,0.0656,通过
普通处方,0.4,0.3,36,394,96.18,89.28,103.61,-0.039,0.044,通过
普通处方,0.4,0.3,36,395,105.37,97.79,113.54,0.0523,0.0442,通过
普通处方,0.4,0.3,36,396,112.52,100.86,125.52,0.1179,0.0647,失败
普通处方,0.4,0.3,36,397,98.78,90.75,107.51,-0.0123,0.0501,通过
普通处方,0.4,0.3,36,398,101.29,93.8,109.38,0.0128,0.0455,通过
普通处方,0.4,0.3,36,399,105.09,97.31,113.48,0.0496,0.0455,通过
普通处方,0.4,0.3,36,400,110.51,102.78,118.82,0.0999,0.0429,通过
普通处方,0.4,0.3,36,401,116.88,107.8,126.73,0.156,0.0479,失败
普通处方,0.4,0.3,36,402,111.51,102.91,120.84,0.109,0.0475,通过
普通处方,0.4,0.3,36,403,95.79,89.78,102.2,-0.043,0.0383,通过
普通处方,0.4,0.3,36,404,107.61,100.25,115.52,0.0734,0.0419,通过
普通处方,0.4,0.3,36,405,103.79,94.78,113.65,0.0372,0.0537,通过
普通处方,0.4,0.3,36,406,103.65,95.22,112.83,0.0358,0.0502,通过
普通处方,0.4,0.3,36,407,107.59,99.41,116.44,0.0731,0.0468,通过
普通处方,0.4,0.3,36,408,102.81,95.27,110.96,0.0277,0.0451,通过
普通处方,0.4,0.3,36,409,115.38,107.04,124.37,0.143,0.0444,通过
普通处方,0.4,0.3,36,410,99.96,92.21,108.37,-0.0004,0.0478,通过
普通处方,0.4,0.3,36,411,96.35,87.42,106.19,-0.0372,0.0576,通过
普通处方,0.4,0.3,36,412,108.32,99.48,117.94,0.0799,0.0504,通过
普通处方,0.4,0.3,36,413,108.09,99.92,116.92,0.0778,0.0465,通过
普通处方,0.4,0.3,36,414,112.36,102.75,122.86,0.1165,0.0529,通过
普通处方,0.4,0.3,36,415,99.2,90.84,108.33,-0.0081,0.0521,通过
普通处方,0.4,0.3,36,416,103.19,95.23,111.82,0.0314,0.0475,通过
普通处方,0.4,0.3,36,417,100.18,90.99,110.3,0.0018,0.0569,通过
普通处方,0.4,0.3,36,418,104.81,95.86,114.6,0.047,0.0528,通过
普通处方,0.4,0.3,36,419,99.78,92.2,107.98,-0.0022,0.0467,通过
普通处方,0.4,0.3,36,420,108.26,98.08,119.5,0.0794,0.0585,通过
普通处方,0.4,0.3,36,421,97.39,89.72,105.71,-0.0265,0.0485,通过
普通处方,0.4,0.3,36,422,107.01,99.47,115.12,0.0678,0.0432,通过
普通处方,0.4,0.3,36,423,102.2,93.24,112.01,0.0217,0.0543,通过
普通处方,0.4,0.3,36,424,103.93,94.84,113.89,0.0386,0.0542,通过
普通处方,0.4,0.3,36,425,98.12,90.7,106.14,-0.019,0.0465,通过
普通处方,0.4,0.3,36,426,108.5,99.68,118.1,0.0815,0.0502,通过
普通处方,0.4,0.3,36,427,111.06,103.07,119.66,0.1049,0.0442,通过
普通处方,0.4,0.3,36,428,101.23,93.51,109.58,0.0122,0.0469,通过
普通处方,0.4,0.3,36,429,107.46,98.42,117.32,0.0719,0.052,通过
普通处方,0.4,0.3,36,430,106.57,96.96,117.13,0.0636,0.0559,通过
普通处方,0.4,0.3,36,431,98.73,90.9,107.24,-0.0127,0.0489,通过
普通处方,0.4,0.3,36,432,95.56,87.13,104.81,-0.0454,0.0547,通过
普通处方,0.4,0.3,36,433,101.59,94.26,109.49,0.0158,0.0443,通过
普通处方,0.4,0.3,36,434,99.15,90.35,108.8,-0.0086,0.055,通过
普通处方,0.4,0.3,36,435,109.93,100.33,120.45,0.0947,0.0541,通过
普通处方,0.4,0.3,36,436,103.58,95.82,111.96,0.0351,0.0461,通过
普通处方,0.4,0.3,36,437,108.14,98.7,118.47,0.0782,0.054,通过
普通处方,0.4,0.3,36,438,108.4,100.05,117.44,0.0806,0.0474,通过
普通处方,0.4,0.3,36,439,97.27,89.36,105.89,-0.0277,0.0502,通过
普通处方,0.4,0.3,36,440,105.49,96.97,114.75,0.0534,0.0498,通过
普通处方,0.4,0.3,36,441,101.01,91.16,111.91,0.01,0.0607,通过
普通处方,0.4,0.3,36,442,108.96,99.58,119.22,0.0858,0.0532,通过
普通处方,0.4,0.3,36,443,101.32,94.74,108.36,0.0131,0.0397,通过
普通处方,0.4,0.3,36,444,104.95,97.88,112.52,0.0483,0.0412,通过
普通处方,0.4,0.3,36,445,107.65,99.95,115.95,0.0738,0.0439,通过
普通处方,0.4,0.3,36,446,102.4,94.6,110.85,0.0237,0.0469,通过
普通处方,0.4,0.3,36,447,100.63,92.34,109.65,0.0062,0.0508,通过
普通处方,0.4,0.3,36,448,96.5,89.11,104.51,-0.0356,0.0472,通过
普通处方,0.4,0.3,36,449,105.45,96.98,114.66,0.0531,0.0496,通过
普通处方,0.4,0.3,36,450,106.41,99.46,113.85,0.0621,0.04,通过
普通处方,0.4,0.3,36,451,100.84,93.7,108.52,0.0084,0.0435,通过
普通处方,0.4,0.3,36,452,100.29,92.68,108.53,0.0029,0.0467,通过
普通处方,0.4,0.3,36,453,107.59,99.88,115.89,0.0732,0.044,通过
普通处方,0.4,0.3,36,454,109.21,102.31,116.57,0.0881,0.0386,通过
普通处方,0.4,0.3,36,455,101.2,92.41,110.82,0.0119,0.0537,通过
普通处方,0.4,0.3,36,456,99.09,91.15,107.73,-0.0091,0.0495,通过
普通处方,0.4,0.3,36,457,113.02,104.43,122.31,0.1224,0.0468,通过
普通处方,0.4,0.3,36,458,110.13,103.58,117.09,0.0965,0.0363,通过
普通处方,0.4,0.3,36,459,106.09,97.5,115.43,0.0591,0.05,通过
普通处方,0.4,0.3,36,460,105.03,96.22,114.65,0.0491,0.0519,通过
普通处方,0.4,0.3,36,461,102.48,93.13,112.78,0.0245,0.0566,通过
普通处方,0.4,0.3,36,462,103.71,95.48,112.65,0.0364,0.0489,通过
普通处方,0.4,0.3,36,463,107.74,97.29,119.31,0.0746,0.0604,通过
普通处方,0.4,0.3,36,464,105.17,95.23,116.14,0.0504,0.0587,通过
普通处方,0.4,0.3,36,465,100.12,91.47,109.58,0.0012,0.0535,通过
普通处方,0.4,0.3,36,466,110.71,101.55,120.7,0.1018,0.0511,通过
普通处方,0.4,0.3,36,467,106.75,97.31,117.11,0.0653,0.0548,通过
普通处方,0.4,0.3,36,468,115.35,106.01,125.51,0.1428,0.05,失败
普通处方,0.4,0.3,36,469,102.8,94.52,111.8,0.0276,0.0497,通过
普通处方,0.4,0.3,36,470,99.18,92.21,106.67,-0.0083,0.0431,通过
普通处方,0.4,0.3,36,471,98.26,90.24,106.99,-0.0175,0.0504,通过
普通处方,0.4,0.3,36,472,102.63,95.03,110.83,0.026,0.0455,通过
普通处方,0.4,0.3,36,473,99.62,91.89,108.01,-0.0038,0.0478,通过
普通处方,0.4,0.3,36,474,101.56,93.02,110.88,0.0155,0.052,通过
普通处方,0.4,0.3,36,475,102.02,93.94,110.79,0.02,0.0488,通过
普通处方,0.4,0.3,36,476,105.12,96.81,114.13,0.0499,0.0487,通过
普通处方,0.4,0.3,36,477,106.97,99.38,115.14,0.0674,0.0436,通过
普通处方,0.4,0.3,36,478,101.01,92.73,110.04,0.0101,0.0507,通过
普通处方,0.4,0.3,36,479,104.24,95.03,114.34,0.0415,0.0547,通过
普通处方,0.4,0.3,36,480,111.13,102.27,120.77,0.1056,0.0492,通过
普通处方,0.4,0.3,36,481,90.73,84.73,97.16,-0.0973,0.0405,通过
普通处方,0.4,0.3,36,482,105.57,98.3,113.38,0.0542,0.0422,通过
普通处方,0.4,0.3,36,483,109.65,101.3,118.7,0.0922,0.0469,通过
普通处方,0.4,0.3,36,484,103.25,95.48,111.66,0.032,0.0463,通过
普通处方,0.4,0.3,36,485,102.98,95.34,111.24,0.0294,0.0457,通过
普通处方,0.4,0.3,36,486,109.02,100.87,117.83,0.0864,0.046,通过
普通处方,0.4,0.3,36,487,95.91,87.54,105.08,-0.0418,0.054,通过
普通处方,0.4,0.3,36,488,95.22,86.53,104.78,-0.049,0.0566,通过
普通处方,0.4,0.3,36,489,108.21,98.8,118.52,0.0789,0.0539,通过
普通处方,0.4,0.3,36,490,99.63,91.84,108.09,-0.0037,0.0482,通过
普通处方,0.4,0.3,36,491,117.77,107.35,129.21,0.1636,0.0549,失败
普通处方,0.4,0.3,36,492,106.09,96.79,116.28,0.0591,0.0543,通过
普通处方,0.4,0.3,36,493,102.43,94.59,110.91,0.024,0.0471,通过
普通处方,0.4,0.3,36,494,111.59,102.87,121.04,0.1096,0.0481,通过
普通处方,0.4,0.3,36,495,102.02,94.27,110.4,0.02,0.0467,通过
普通处方,0.4,0.3,36,496,105.45,95.21,116.8,0.0531,0.0605,通过
普通处方,0.4,0.3,36,497,105.48,97.39,114.24,0.0533,0.0472,通过
普通处方,0.4,0.3,36,498,106.61,95.9,118.52,0.064,0.0627,通过
普通处方,0.4,0.3,36,499,119.47,107.87,132.33,0.1779,0.0605,失败
普通处方,0.4,0.3,36,500,109.02,100.36,118.43,0.0864,0.049,通过
普通处方,0.4,0.3,48,1,104.31,97.07,112.1,0.0422,0.0429,通过
普通处方,0.4,0.3,48,2,98.82,91.56,106.64,-0.0119,0.0454,通过
普通处方,0.4,0.3,48,3,103.51,97.35,110.06,0.0345,0.0366,通过
普通处方,0.4,0.3,48,4,110.46,101.78,119.88,0.0995,0.0488,通过
普通处方,0.4,0.3,48,5,109.53,101.77,117.89,0.091,0.0438,通过
普通处方,0.4,0.3,48,6,108.55,100.92,116.75,0.082,0.0434,通过
普通处方,0.4,0.3,48,7,112.37,105.01,120.25,0.1166,0.0404,通过
普通处方,0.4,0.3,48,8,105.96,98.47,114.02,0.0579,0.0437,通过
普通处方,0.4,0.3,48,9,98.44,92.47,104.8,-0.0157,0.0373,通过
普通处方,0.4,0.3,48,10,104.35,97.69,111.47,0.0426,0.0393,通过
普通处方,0.4,0.3,48,11,105.14,98.47,112.26,0.0501,0.0391,通过
普通处方,0.4,0.3,48,12,103.23,96.19,110.79,0.0318,0.0421,通过
普通处方,0.4,0.3,48,13,109.4,101.08,118.4,0.0899,0.0471,通过
普通处方,0.4,0.3,48,14,102.54,94.93,110.77,0.0251,0.046,通过
普通处方,0.4,0.3,48,15,104.54,97.02,112.64,0.0444,0.0445,通过
普通处方,0.4,0.3,48,16,95.73,88.9,103.08,-0.0437,0.0441,通过
普通处方,0.4,0.3,48,17,115.98,107.71,124.88,0.1482,0.0441,通过
普通处方,0.4,0.3,48,18,103.43,96.89,110.4,0.0337,0.0389,通过
普通处方,0.4,0.3,48,19,104.55,98.89,110.53,0.0445,0.0332,通过
普通处方,0.4,0.3,48,20,95.26,87.75,103.41,-0.0486,0.0489,通过
普通处方,0.4,0.3,48,21,99.84,91.93,108.44,-0.0016,0.0492,通过
普通处方,0.4,0.3,48,22,106.55,100.05,113.47,0.0634,0.0375,通过
普通处方,0.4,0.3,48,23,99.73,92.01,108.11,-0.0027,0.048,通过
普通处方,0.4,0.3,48,24,102.38,94.41,111.01,0.0235,0.0483,通过
普通处方,0.4,0.3,48,25,103.1,96.81,109.81,0.0306,0.0376,通过
普通处方,0.4,0.3,48,26,108.76,100.88,117.25,0.0839,0.0448,通过
普通处方,0.4,0.3,48,27,105.41,97.61,113.83,0.0527,0.0458,通过
普通处方,0.4,0.3,48,28,102.49,96.84,108.46,0.0246,0.0338,通过
普通处方,0.4,0.3,48,29,105.66,99.63,112.06,0.0551,0.035,通过
普通处方,0.4,0.3,48,30,107.07,99.53,115.18,0.0683,0.0435,通过
普通处方,0.4,0.3,48,31,109.49,100.62,119.14,0.0906,0.0503,通过
普通处方,0.4,0.3,48,32,105.72,98.2,113.8,0.0556,0.0439,通过
普通处方,0.4,0.3,48,33,107.13,101.32,113.27,0.0688,0.0332,通过
普通处方,0.4,0.3,48,34,107.66,99.99,115.92,0.0738,0.044,通过
普通处方,0.4,0.3,48,35,115.59,106.53,125.42,0.1449,0.0486,失败
普通处方,0.4,0.3,48,36,104.48,97.52,111.93,0.0438,0.0411,通过
普通处方,0.4,0.3,48,37,107.61,100.73,114.96,0.0734,0.0394,通过
普通处方,0.4,0.3,48,38,104.74,97.47,112.56,0.0463,0.0429,通过
普通处方,0.4,0.3,48,39,117.59,110.04,125.66,0.1621,0.0396,失败
普通处方,0.4,0.3,48,40,100.16,93.13,107.73,0.0016,0.0434,通过
普通处方,0.4,0.3,48,41,104.02,97.39,111.1,0.0394,0.0392,通过
普通处方,0.4,0.3,48,42,105.12,98.12,112.61,0.0499,0.0411,通过
普通处方,0.4,0.3,48,43,96.84,90.3,103.86,-0.0321,0.0417,通过
普通处方,0.4,0.3,48,44,98.35,91.16,106.1,-0.0166,0.0452,通过
普通处方,0.4,0.3,48,45,101.25,94.04,109.01,0.0124,0.044,通过
普通处方,0.4,0.3,48,46,105.19,96.76,114.35,0.0506,0.0498,通过
普通处方,0.4,0.3,48,47,98.03,90.69,105.95,-0.0199,0.0463,通过
普通处方,0.4,0.3,48,48,102.91,95.83,110.5,0.0286,0.0424,通过
普通处方,0.4,0.3,48,49,95.66,89.4,102.36,-0.0443,0.0403,通过
普通处方,0.4,0.3,48,50,106.28,99.26,113.8,0.061,0.0407,通过
普通处方,0.4,0.3,48,51,104.54,97.5,112.1,0.0444,0.0416,通过
普通处方,0.4,0.3,48,52,106.23,99.28,113.66,0.0604,0.0403,通过
普通处方,0.4,0.3,48,53,100.23,93.75,107.15,0.0023,0.0398,通过
普通处方,0.4,0.3,48,54,109.92,103.77,116.43,0.0946,0.0343,通过
普通处方,0.4,0.3,48,55,115.41,108.64,122.6,0.1433,0.036,通过
普通处方,0.4,0.3,48,56,107.34,100.62,114.5,0.0708,0.0385,通过
普通处方,0.4,0.3,48,57,102.63,94.73,111.2,0.026,0.0478,通过
普通处方,0.4,0.3,48,58,94.99,87.75,102.83,-0.0514,0.0472,通过
普通处方,0.4,0.3,48,59,104.13,96.58,112.26,0.0404,0.0448,通过
普通处方,0.4,0.3,48,60,96.51,89.18,104.45,-0.0355,0.0471,通过
普通处方,0.4,0.3,48,61,103.65,97.15,110.58,0.0358,0.0386,通过
普通处方,0.4,0.3,48,62,100.66,95.1,106.55,0.0066,0.0339,通过
普通处方,0.4,0.3,48,63,110.56,104.0,117.53,0.1004,0.0364,通过
普通处方,0.4,0.3,48,64,104.3,96.56,112.67,0.0421,0.046,通过
普通处方,0.4,0.3,48,65,105.19,96.8,114.31,0.0506,0.0495,通过
普通处方,0.4,0.3,48,66,96.32,90.59,102.42,-0.0374,0.0366,通过
普通处方,0.4,0.3,48,67,102.59,95.36,110.37,0.0256,0.0436,通过
普通处方,0.4,0.3,48,68,103.77,97.94,109.95,0.037,0.0345,通过
普通处方,0.4,0.3,48,69,103.27,96.54,110.48,0.0322,0.0402,通过
普通处方,0.4,0.3,48,70,112.67,103.23,122.96,0.1193,0.0521,通过
普通处方,0.4,0.3,48,71,102.9,95.81,110.51,0.0286,0.0425,通过
普通处方,0.4,0.3,48,72,102.83,95.74,110.43,0.0279,0.0425,通过
普通处方,0.4,0.3,48,73,100.47,94.32,107.02,0.0047,0.0377,通过
普通处方,0.4,0.3,48,74,104.84,97.86,112.32,0.0473,0.041,通过
普通处方,0.4,0.3,48,75,108.4,101.02,116.33,0.0807,0.0421,通过
普通处方,0.4,0.3,48,76,105.76,98.84,113.16,0.056,0.0403,通过
普通处方,0.4,0.3,48,77,105.56,98.84,112.74,0.0541,0.0392,通过
普通处方,0.4,0.3,48,78,108.01,100.79,115.74,0.077,0.0412,通过
普通处方,0.4,0.3,48,79,100.81,94.08,108.01,0.008,0.0411,通过
普通处方,0.4,0.3,48,80,107.45,100.99,114.32,0.0719,0.0369,通过
普通处方,0.4,0.3,48,81,100.47,94.29,107.05,0.0047,0.0378,通过
普通处方,0.4,0.3,48,82,107.77,100.47,115.6,0.0748,0.0418,通过
普通处方,0.4,0.3,48,83,103.83,94.66,113.89,0.0376,0.0551,通过
普通处方,0.4,0.3,48,84,103.87,95.75,112.68,0.038,0.0485,通过
普通处方,0.4,0.3,48,85,100.03,92.96,107.65,0.0003,0.0437,通过
普通处方,0.4,0.3,48,86,95.1,88.74,101.9,-0.0503,0.0412,通过
普通处方,0.4,0.3,48,87,102.42,93.67,111.99,0.0239,0.0532,通过
普通处方,0.4,0.3,48,88,109.07,101.6,117.09,0.0868,0.0423,通过
普通处方,0.4,0.3,48,89,102.78,96.76,109.18,0.0274,0.036,通过
普通处方,0.4,0.3,48,90,107.49,100.72,114.72,0.0723,0.0388,通过
普通处方,0.4,0.3,48,91,107.46,98.8,116.87,0.0719,0.05,通过
普通处方,0.4,0.3,48,92,104.38,96.92,112.41,0.0429,0.0442,通过
普通处方,0.4,0.3,48,93,101.57,94.17,109.56,0.0156,0.0451,通过
普通处方,0.4,0.3,48,94,106.08,98.38,114.37,0.059,0.0449,通过
普通处方,0.4,0.3,48,95,99.79,93.16,106.9,-0.0021,0.041,通过
普通处方,0.4,0.3,48,96,102.39,95.46,109.82,0.0236,0.0418,通过
普通处方,0.4,0.3,48,97,99.06,92.56,106.02,-0.0094,0.0405,通过
普通处方,0.4,0.3,48,98,118.96,110.82,127.69,0.1736,0.0422,失败
普通处方,0.4,0.3,48,99,105.93,98.17,114.3,0.0576,0.0453,通过
普通处方,0.4,0.3,48,100,115.6,108.13,123.58,0.1449,0.0398,通过
普通处方,0.4,0.3,48,101,101.14,94.52,108.23,0.0114,0.0403,通过
普通处方,0.4,0.3,48,102,106.2,99.54,113.31,0.0602,0.0386,通过
普通处方,0.4,0.3,48,103,98.62,93.5,104.01,-0.0139,0.0317,通过
普通处方,0.4,0.3,48,104,102.02,93.79,110.96,0.02,0.0501,通过
普通处方,0.4,0.3,48,105,109.04,102.25,116.28,0.0865,0.0383,通过
普通处方,0.4,0.3,48,106,99.0,91.01,107.69,-0.01,0.0501,通过
普通处方,0.4,0.3,48,107,101.36,95.53,107.53,0.0135,0.0353,通过
普通处方,0.4,0.3,48,108,105.15,98.45,112.31,0.0502,0.0393,通过
普通处方,0.4,0.3,48,109,95.2,89.2,101.6,-0.0492,0.0388,通过
普通处方,0.4,0.3,48,110,100.76,93.4,108.7,0.0076,0.0452,通过
普通处方,0.4,0.3,48,111,106.06,98.64,114.04,0.0588,0.0432,通过
普通处方,0.4,0.3,48,112,101.66,94.74,109.09,0.0165,0.042,通过
普通处方,0.4,0.3,48,113,103.01,95.82,110.74,0.0297,0.0431,通过
普通处方,0.4,0.3,48,114,98.93,91.89,106.51,-0.0108,0.044,通过
普通处方,0.4,0.3,48,115,104.39,96.19,113.29,0.043,0.0488,通过
普通处方,0.4,0.3,48,116,96.09,90.84,101.64,-0.0399,0.0335,通过
普通处方,0.4,0.3,48,117,109.44,102.0,117.41,0.0902,0.0419,通过
普通处方,0.4,0.3,48,118,104.68,97.24,112.69,0.0458,0.0439,通过
普通处方,0.4,0.3,48,119,98.2,92.12,104.68,-0.0182,0.0381,通过
普通处方,0.4,0.3,48,120,107.7,101.48,114.3,0.0741,0.0355,通过
普通处方,0.4,0.3,48,121,100.02,91.77,109.0,0.0002,0.0513,通过
普通处方,0.4,0.3,48,122,106.87,99.17,115.17,0.0665,0.0446,通过
普通处方,0.4,0.3,48,123,113.49,104.53,123.22,0.1266,0.049,通过
普通处方,0.4,0.3,48,124,98.7,92.32,105.53,-0.0131,0.0399,通过
普通处方,0.4,0.3,48,125,96.87,89.48,104.86,-0.0318,0.0473,通过
普通处方,0.4,0.3,48,126,96.29,89.56,103.53,-0.0378,0.0432,通过
普通处方,0.4,0.3,48,127,95.07,89.86,100.59,-0.0505,0.0336,通过
普通处方,0.4,0.3,48,128,110.28,103.11,117.94,0.0978,0.04,通过
普通处方,0.4,0.3,48,129,100.28,93.27,107.8,0.0028,0.0431,通过
普通处方,0.4,0.3,48,130,99.8,92.62,107.53,-0.002,0.0445,通过
普通处方,0.4,0.3,48,131,107.61,101.73,113.84,0.0734,0.0335,通过
普通处方,0.4,0.3,48,132,108.0,100.54,116.01,0.0769,0.0426,通过
普通处方,0.4,0.3,48,133,105.19,98.59,112.24,0.0506,0.0386,通过
普通处方,0.4,0.3,48,134,113.52,106.47,121.04,0.1268,0.0382,通过
普通处方,0.4,0.3,48,135,108.58,101.55,116.1,0.0824,0.0399,通过
普通处方,0.4,0.3,48,136,103.0,95.59,110.98,0.0295,0.0445,通过
普通处方,0.4,0.3,48,137,98.77,91.71,106.38,-0.0123,0.0442,通过
普通处方,0.4,0.3,48,138,107.33,99.53,115.73,0.0707,0.0449,通过
普通处方,0.4,0.3,48,139,106.69,99.0,114.98,0.0648,0.0446,通过
普通处方,0.4,0.3,48,140,105.7,99.59,112.18,0.0554,0.0355,通过
普通处方,0.4,0.3,48,141,106.27,98.28,114.91,0.0608,0.0466,通过
普通处方,0.4,0.3,48,142,105.42,97.32,114.2,0.0528,0.0477,通过
普通处方,0.4,0.3,48,143,103.55,96.69,110.89,0.0348,0.0408,通过
普通处方,0.4,0.3,48,144,107.71,100.73,115.16,0.0742,0.0399,通过
普通处方,0.4,0.3,48,145,102.08,95.7,108.89,0.0206,0.0385,通过
普通处方,0.4,0.3,48,146,101.71,95.7,108.1,0.017,0.0363,通过
普通处方,0.4,0.3,48,147,103.91,95.96,112.53,0.0384,0.0475,通过
普通处方,0.4,0.3,48,148,104.56,97.33,112.31,0.0445,0.0427,通过
普通处方,0.4,0.3,48,149,107.67,100.72,115.11,0.0739,0.0398,通过
普通处方,0.4,0.3,48,150,112.82,104.92,121.32,0.1206,0.0433,通过
普通处方,0.4,0.3,48,151,107.89,101.53,114.66,0.076,0.0362,通过
普通处方,0.4,0.3,48,152,102.92,95.03,111.48,0.0288,0.0476,通过
普通处方,0.4,0.3,48,153,99.83,92.88,107.3,-0.0017,0.043,通过
普通处方,0.4,0.3,48,154,105.69,98.27,113.67,0.0554,0.0434,通过
普通处方,0.4,0.3,48,155,103.86,96.84,111.39,0.0379,0.0417,通过
普通处方,0.4,0.3,48,156,98.99,92.15,106.34,-0.0101,0.0427,通过
普通处方,0.4,0.3,48,157,111.15,102.85,120.12,0.1057,0.0463,通过
普通处方,0.4,0.3,48,158,101.45,94.99,108.35,0.0144,0.0392,通过
普通处方,0.4,0.3,48,159,106.6,99.73,113.95,0.0639,0.0397,通过
普通处方,0.4,0.3,48,160,105.06,97.54,113.16,0.0494,0.0443,通过
普通处方,0.4,0.3,48,161,104.26,96.95,112.12,0.0417,0.0433,通过
普通处方,0.4,0.3,48,162,102.7,95.64,110.27,0.0266,0.0424,通过
普通处方,0.4,0.3,48,163,101.91,94.85,109.5,0.0189,0.0428,通过
普通处方,0.4,0.3,48,164,105.21,98.02,112.92,0.0508,0.0422,通过
普通处方,0.4,0.3,48,165,107.5,99.89,115.68,0.0723,0.0437,通过
普通处方,0.4,0.3,48,166,104.83,97.16,113.1,0.0471,0.0453,通过
普通处方,0.4,0.3,48,167,103.37,96.77,110.41,0.0331,0.0393,通过
普通处方,0.4,0.3,48,168,103.98,96.45,112.09,0.039,0.0448,通过
普通处方,0.4,0.3,48,169,102.0,95.16,109.34,0.0198,0.0414,通过
普通处方,0.4,0.3,48,170,98.09,92.23,104.33,-0.0193,0.0367,通过
普通处方,0.4,0.3,48,171,103.06,96.56,110.0,0.0301,0.0388,通过
普通处方,0.4,0.3,48,172,103.32,95.13,112.21,0.0327,0.0492,通过
普通处方,0.4,0.3,48,173,96.85,89.35,104.98,-0.032,0.048,通过
普通处方,0.4,0.3,48,174,109.11,101.43,117.37,0.0872,0.0435,通过
普通处方,0.4,0.3,48,175,102.51,95.83,109.65,0.0248,0.0402,通过
普通处方,0.4,0.3,48,176,104.29,96.98,112.14,0.042,0.0433,通过
普通处方,0.4,0.3,48,177,110.51,102.88,118.71,0.1,0.0426,通过
普通处方,0.4,0.3,48,178,100.96,92.48,110.21,0.0095,0.0522,通过
普通处方,0.4,0.3,48,179,106.71,99.72,114.18,0.0649,0.0403,通过
普通处方,0.4,0.3,48,180,100.07,92.83,107.87,0.0007,0.0448,通过
普通处方,0.4,0.3,48,181,102.18,95.3,109.56,0.0216,0.0415,通过
普通处方,0.4,0.3,48,182,106.93,99.69,114.71,0.067,0.0418,通过
普通处方,0.4,0.3,48,183,104.84,97.04,113.26,0.0472,0.0461,通过
普通处方,0.4,0.3,48,184,109.62,103.67,115.91,0.0919,0.0333,通过
普通处方,0.4,0.3,48,185,104.1,96.52,112.27,0.0401,0.045,通过
普通处方,0.4,0.3,48,186,109.17,101.77,117.1,0.0877,0.0418,通过
普通处方,0.4,0.3,48,187,102.16,95.46,109.33,0.0214,0.0404,通过
普通处方,0.4,0.3,48,188,104.37,97.43,111.8,0.0427,0.041,通过
普通处方,0.4,0.3,48,189,110.71,102.5,119.58,0.1018,0.0459,通过
普通处方,0.4,0.3,48,190,106.62,98.84,115.01,0.0641,0.0452,通过
普通处方,0.4,0.3,48,191,106.12,98.13,114.76,0.0594,0.0467,通过
普通处方,0.4,0.3,48,192,106.63,98.99,114.85,0.0642,0.0443,通过
普通处方,0.4,0.3,48,193,110.89,102.46,120.02,0.1034,0.0471,通过
普通处方,0.4,0.3,48,194,109.39,101.49,117.91,0.0898,0.0447,通过
普通处方,0.4,0.3,48,195,107.79,100.08,116.09,0.075,0.0442,通过
普通处方,0.4,0.3,48,196,108.56,100.14,117.68,0.0821,0.0481,通过
普通处方,0.4,0.3,48,197,104.44,97.66,111.69,0.0435,0.04,通过
普通处方,0.4,0.3,48,198,102.32,94.38,110.94,0.0229,0.0482,通过
普通处方,0.4,0.3,48,199,106.53,97.78,116.06,0.0632,0.0511,通过
普通处方,0.4,0.3,48,200,109.76,102.76,117.24,0.0931,0.0393,通过
普通处方,0.4,0.3,48,201,106.24,98.54,114.54,0.0605,0.0448,通过
普通处方,0.4,0.3,48,202,97.83,91.94,104.1,-0.0219,0.037,通过
普通处方,0.4,0.3,48,203,105.55,98.33,113.29,0.054,0.0422,通过
普通处方,0.4,0.3,48,204,101.02,93.59,109.05,0.0102,0.0455,通过
普通处方,0.4,0.3,48,205,108.99,101.52,117.02,0.0861,0.0424,通过
普通处方,0.4,0.3,48,206,102.91,96.44,109.8,0.0287,0.0387,通过
普通处方,0.4,0.3,48,207,108.8,102.53,115.44,0.0843,0.0353,通过
普通处方,0.4,0.3,48,208,108.84,101.46,116.76,0.0847,0.0418,通过
普通处方,0.4,0.3,48,209,104.87,97.75,112.51,0.0475,0.0419,通过
普通处方,0.4,0.3,48,210,103.8,96.59,111.56,0.0373,0.0429,通过
普通处方,0.4,0.3,48,211,107.26,100.72,114.22,0.0701,0.0375,通过
普通处方,0.4,0.3,48,212,101.41,95.31,107.91,0.014,0.037,通过
普通处方,0.4,0.3,48,213,106.65,99.28,114.57,0.0644,0.0427,通过
普通处方,0.4,0.3,48,214,109.38,101.02,118.43,0.0896,0.0474,通过
普通处方,0.4,0.3,48,215,108.59,100.75,117.04,0.0824,0.0446,通过
普通处方,0.4,0.3,48,216,100.77,92.69,109.56,0.0077,0.0498,通过
普通处方,0.4,0.3,48,217,100.49,93.1,108.47,0.0049,0.0455,通过
普通处方,0.4,0.3,48,218,114.1,106.59,122.14,0.1319,0.0406,通过
普通处方,0.4,0.3,48,219,109.42,102.27,117.06,0.09,0.0402,通过
普通处方,0.4,0.3,48,220,100.56,93.2,108.49,0.0056,0.0453,通过
普通处方,0.4,0.3,48,221,108.74,101.43,116.57,0.0838,0.0415,通过
普通处方,0.4,0.3,48,222,101.83,95.57,108.5,0.0181,0.0378,通过
普通处方,0.4,0.3,48,223,112.2,103.51,121.6,0.1151,0.048,通过
普通处方,0.4,0.3,48,224,99.41,91.94,107.5,-0.0059,0.0466,通过
普通处方,0.4,0.3,48,225,108.4,100.84,116.52,0.0806,0.0431,通过
普通处方,0.4,0.3,48,226,104.05,97.42,111.13,0.0397,0.0392,通过
普通处方,0.4,0.3,48,227,109.45,101.54,117.97,0.0903,0.0447,通过
普通处方,0.4,0.3,48,228,105.2,98.5,112.37,0.0507,0.0393,通过
普通处方,0.4,0.3,48,229,106.72,99.38,114.59,0.065,0.0424,通过
普通处方,0.4,0.3,48,230,108.05,99.6,117.22,0.0774,0.0486,通过
普通处方,0.4,0.3,48,231,106.13,98.44,114.43,0.0595,0.0449,通过
普通处方,0.4,0.3,48,232,109.38,101.77,117.56,0.0897,0.043,通过
普通处方,0.4,0.3,48,233,108.42,101.53,115.79,0.0809,0.0392,通过
普通处方,0.4,0.3,48,234,101.54,93.39,110.4,0.0153,0.0499,通过
普通处方,0.4,0.3,48,235,107.48,99.56,116.03,0.0721,0.0456,通过
普通处方,0.4,0.3,48,236,103.13,95.91,110.89,0.0308,0.0433,通过
普通处方,0.4,0.3,48,237,103.47,96.3,111.16,0.0341,0.0428,通过
普通处方,0.4,0.3,48,238,100.64,92.96,108.96,0.0064,0.0473,通过
普通处方,0.4,0.3,48,239,108.14,101.02,115.75,0.0782,0.0406,通过
普通处方,0.4,0.3,48,240,104.86,97.38,112.92,0.0475,0.0441,通过
普通处方,0.4,0.3,48,241,117.43,109.57,125.87,0.1607,0.0413,失败
普通处方,0.4,0.3,48,242,104.62,98.33,111.31,0.0452,0.037,通过
普通处方,0.4,0.3,48,243,107.0,99.2,115.42,0.0677,0.0451,通过
普通处方,0.4,0.3,48,244,101.39,94.11,109.23,0.0138,0.0444,通过
普通处方,0.4,0.3,48,245,101.21,94.22,108.72,0.012,0.0426,通过
普通处方,0.4,0.3,48,246,102.27,94.87,110.24,0.0224,0.0447,通过
普通处方,0.4,0.3,48,247,107.78,99.64,116.59,0.0749,0.0468,通过
普通处方,0.4,0.3,48,248,94.31,87.64,101.49,-0.0586,0.0437,通过
普通处方,0.4,0.3,48,249,97.95,91.01,105.42,-0.0207,0.0438,通过
普通处方,0.4,0.3,48,250,106.44,98.86,114.61,0.0625,0.0441,通过
普通处方,0.4,0.3,48,251,100.3,92.44,108.82,0.003,0.0486,通过
普通处方,0.4,0.3,48,252,105.77,98.7,113.35,0.0561,0.0412,通过
普通处方,0.4,0.3,48,253,106.9,99.11,115.31,0.0667,0.0451,通过
普通处方,0.4,0.3,48,254,109.31,100.75,118.6,0.089,0.0486,通过
普通处方,0.4,0.3,48,255,106.95,100.05,114.32,0.0672,0.0397,通过
普通处方,0.4,0.3,48,256,103.29,95.3,111.95,0.0323,0.048,通过
普通处方,0.4,0.3,48,257,100.44,93.03,108.44,0.0044,0.0457,通过
普通处方,0.4,0.3,48,258,105.28,98.68,112.32,0.0515,0.0386,通过
普通处方,0.4,0.3,48,259,99.07,93.55,104.91,-0.0094,0.0341,通过
普通处方,0.4,0.3,48,260,104.51,96.69,112.96,0.0441,0.0463,通过
普通处方,0.4,0.3,48,261,109.55,101.75,117.94,0.0912,0.044,通过
普通处方,0.4,0.3,48,262,98.98,92.14,106.33,-0.0102,0.0427,通过
普通处方,0.4,0.3,48,263,101.57,95.29,108.27,0.0156,0.0381,通过
普通处方,0.4,0.3,48,264,101.86,95.07,109.12,0.0184,0.0411,通过
普通处方,0.4,0.3,48,265,103.63,97.39,110.27,0.0357,0.037,通过
普通处方,0.4,0.3,48,266,107.82,99.4,116.95,0.0753,0.0485,通过
普通处方,0.4,0.3,48,267,105.23,98.01,112.98,0.051,0.0423,通过
普通处方,0.4,0.3,48,268,100.35,94.16,106.95,0.0035,0.038,通过
普通处方,0.4,0.3,48,269,107.03,99.97,114.58,0.0679,0.0406,通过
普通处方,0.4,0.3,48,270,102.99,95.74,110.79,0.0295,0.0435,通过
普通处方,0.4,0.3,48,271,106.18,98.65,114.28,0.0599,0.0438,通过
普通处方,0.4,0.3,48,272,104.96,97.42,113.1,0.0485,0.0445,通过
普通处方,0.4,0.3,48,273,112.74,103.84,122.39,0.1199,0.049,通过
普通处方,0.4,0.3,48,274,105.42,98.2,113.17,0.0528,0.0423,通过
普通处方,0.4,0.3,48,275,111.58,104.91,118.69,0.1096,0.0368,通过
普通处方,0.4,0.3,48,276,100.68,94.61,107.13,0.0067,0.0371,通过
普通处方,0.4,0.3,48,277,102.36,93.67,111.84,0.0233,0.0528,通过
普通处方,0.4,0.3,48,278,102.53,96.16,109.33,0.025,0.0383,通过
普通处方,0.4,0.3,48,279,103.66,96.78,111.02,0.0359,0.0409,通过
普通处方,0.4,0.3,48,280,104.17,97.24,111.59,0.0408,0.041,通过
普通处方,0.4,0.3,48,281,105.61,97.5,114.39,0.0546,0.0476,通过
普通处方,0.4,0.3,48,282,107.1,100.19,114.49,0.0686,0.0398,通过
普通处方,0.4,0.3,48,283,107.35,99.04,116.35,0.0709,0.048,通过
普通处方,0.4,0.3,48,284,105.03,96.23,114.63,0.0491,0.0522,通过
普通处方,0.4,0.3,48,285,104.58,98.01,111.6,0.0448,0.0387,通过
普通处方,0.4,0.3,48,286,104.97,97.13,113.44,0.0485,0.0462,通过
普通处方,0.4,0.3,48,287,112.59,106.16,119.4,0.1186,0.035,通过
普通处方,0.4,0.3,48,288,97.36,91.24,103.9,-0.0267,0.0387,通过
普通处方,0.4,0.3,48,289,112.34,104.59,120.66,0.1164,0.0426,通过
普通处方,0.4,0.3,48,290,106.2,98.58,114.41,0.0602,0.0444,通过
普通处方,0.4,0.3,48,291,100.51,93.44,108.11,0.0051,0.0434,通过
普通处方,0.4,0.3,48,292,101.23,93.55,109.53,0.0122,0.047,通过
普通处方,0.4,0.3,48,293,103.49,94.7,113.09,0.0343,0.0529,通过
普通处方,0.4,0.3,48,294,104.07,95.45,113.47,0.0399,0.0515,通过
普通处方,0.4,0.3,48,295,108.58,100.24,117.61,0.0823,0.0476,通过
普通处方,0.4,0.3,48,296,116.43,107.67,125.91,0.1522,0.0466,失败
普通处方,0.4,0.3,48,297,100.36,93.37,107.86,0.0036,0.043,通过
普通处方,0.4,0.3,48,298,114.15,106.9,121.88,0.1323,0.0391,通过
普通处方,0.4,0.3,48,299,105.7,98.35,113.59,0.0554,0.0429,通过
普通处方,0.4,0.3,48,300,102.37,96.3,108.82,0.0234,0.0364,通过
普通处方,0.4,0.3,48,301,106.8,99.55,114.57,0.0658,0.0419,通过
普通处方,0.4,0.3,48,302,108.75,101.57,116.43,0.0839,0.0407,通过
普通处方,0.4,0.3,48,303,99.81,93.77,106.25,-0.0019,0.0373,通过
普通处方,0.4,0.3,48,304,102.24,95.25,109.75,0.0222,0.0422,通过
普通处方,0.4,0.3,48,305,108.03,101.32,115.18,0.0772,0.0382,通过
普通处方,0.4,0.3,48,306,103.38,95.01,112.49,0.0333,0.0503,通过
普通处方,0.4,0.3,48,307,103.71,96.67,111.27,0.0365,0.0419,通过
普通处方,0.4,0.3,48,308,104.38,95.92,113.6,0.0429,0.0504,通过
普通处方,0.4,0.3,48,309,93.76,87.44,100.54,-0.0644,0.0416,通过
普通处方,0.4,0.3,48,310,109.83,102.05,118.19,0.0937,0.0438,通过
普通处方,0.4,0.3,48,311,100.26,93.49,107.51,0.0026,0.0416,通过
普通处方,0.4,0.3,48,312,103.89,97.15,111.1,0.0382,0.04,通过
普通处方,0.4,0.3,48,313,103.87,95.99,112.4,0.038,0.047,通过
普通处方,0.4,0.3,48,314,104.44,97.85,111.48,0.0435,0.0389,通过
普通处方,0.4,0.3,48,315,106.89,99.03,115.38,0.0666,0.0455,通过
普通处方,0.4,0.3,48,316,102.16,94.78,110.11,0.0213,0.0447,通过
普通处方,0.4,0.3,48,317,105.1,96.99,113.88,0.0497,0.0478,通过
普通处方,0.4,0.3,48,318,106.5,99.35,114.18,0.063,0.0415,通过
普通处方,0.4,0.3,48,319,107.49,100.42,115.05,0.0722,0.0405,通过
普通处方,0.4,0.3,48,320,107.32,99.36,115.91,0.0706,0.0459,通过
普通处方,0.4,0.3,48,321,111.73,103.69,120.39,0.1109,0.0445,通过
普通处方,0.4,0.3,48,322,106.62,98.41,115.52,0.0641,0.0478,通过
普通处方,0.4,0.3,48,323,100.9,93.22,109.23,0.009,0.0472,通过
普通处方,0.4,0.3,48,324,103.35,95.99,111.26,0.0329,0.044,通过
普通处方,0.4,0.3,48,325,106.63,98.96,114.89,0.0642,0.0445,通过
普通处方,0.4,0.3,48,326,107.71,100.58,115.35,0.0743,0.0408,通过
普通处方,0.4,0.3,48,327,98.94,92.0,106.4,-0.0106,0.0433,通过
普通处方,0.4,0.3,48,328,106.62,99.56,114.17,0.0641,0.0408,通过
普通处方,0.4,0.3,48,329,107.28,99.8,115.31,0.0702,0.0431,通过
普通处方,0.4,0.3,48,330,104.83,98.7,111.34,0.0472,0.0359,通过
普通处方,0.4,0.3,48,331,106.78,99.8,114.26,0.0656,0.0403,通过
普通处方,0.4,0.3,48,332,102.47,95.96,109.41,0.0244,0.0391,通过
普通处方,0.4,0.3,48,333,101.47,94.96,108.44,0.0146,0.0396,通过
普通处方,0.4,0.3,48,334,101.35,94.06,109.2,0.0134,0.0445,通过
普通处方,0.4,0.3,48,335,100.09,93.22,107.47,0.0009,0.0424,通过
普通处方,0.4,0.3,48,336,115.35,109.22,121.82,0.1428,0.0325,通过
普通处方,0.4,0.3,48,337,102.87,95.11,111.27,0.0283,0.0467,通过
普通处方,0.4,0.3,48,338,109.01,100.97,117.7,0.0863,0.0457,通过
普通处方,0.4,0.3,48,339,107.53,99.72,115.94,0.0726,0.0449,通过
普通处方,0.4,0.3,48,340,99.86,92.52,107.79,-0.0014,0.0455,通过
普通处方,0.4,0.3,48,341,101.89,95.22,109.03,0.0187,0.0404,通过
普通处方,0.4,0.3,48,342,98.31,90.13,107.23,-0.017,0.0518,通过
普通处方,0.4,0.3,48,343,108.82,101.16,117.06,0.0845,0.0435,通过
普通处方,0.4,0.3,48,344,104.8,96.48,113.84,0.0469,0.0493,通过
普通处方,0.4,0.3,48,345,97.32,90.99,104.08,-0.0272,0.0401,通过
普通处方,0.4,0.3,48,346,103.93,96.25,112.22,0.0386,0.0457,通过
普通处方,0.4,0.3,48,347,101.53,94.02,109.64,0.0152,0.0458,通过
普通处方,0.4,0.3,48,348,97.96,91.65,104.71,-0.0206,0.0397,通过
普通处方,0.4,0.3,48,349,95.72,88.82,103.15,-0.0438,0.0446,通过
普通处方,0.4,0.3,48,350,108.24,100.54,116.53,0.0792,0.044,通过
普通处方,0.4,0.3,48,351,104.13,97.29,111.45,0.0405,0.0405,通过
普通处方,0.4,0.3,48,352,102.11,96.46,108.09,0.0209,0.0339,通过
普通处方,0.4,0.3,48,353,110.63,102.73,119.13,0.101,0.0442,通过
普通处方,0.4,0.3,48,354,100.62,94.44,107.2,0.0061,0.0378,通过
普通处方,0.4,0.3,48,355,102.46,95.87,109.5,0.0243,0.0396,通过
普通处方,0.4,0.3,48,356,101.28,95.82,107.06,0.0127,0.0331,通过
普通处方,0.4,0.3,48,357,101.37,94.5,108.73,0.0136,0.0418,通过
普通处方,0.4,0.3,48,358,102.34,95.25,109.95,0.0231,0.0428,通过
普通处方,0.4,0.3,48,359,107.89,101.18,115.05,0.076,0.0383,通过
普通处方,0.4,0.3,48,360,103.13,95.72,111.12,0.0309,0.0445,通过
普通处方,0.4,0.3,48,361,99.52,92.49,107.08,-0.0048,0.0436,通过
普通处方,0.4,0.3,48,362,105.33,96.69,114.75,0.052,0.051,通过
普通处方,0.4,0.3,48,363,106.68,98.38,115.67,0.0646,0.0483,通过
普通处方,0.4,0.3,48,364,103.69,95.72,112.33,0.0363,0.0477,通过
普通处方,0.4,0.3,48,365,96.44,89.31,104.14,-0.0362,0.0458,通过
普通处方,0.4,0.3,48,366,102.03,95.63,108.86,0.0201,0.0386,通过
普通处方,0.4,0.3,48,367,109.41,102.32,116.98,0.0899,0.0399,通过
普通处方,0.4,0.3,48,368,95.88,88.42,103.96,-0.0421,0.0482,通过
普通处方,0.4,0.3,48,369,99.66,92.49,107.38,-0.0034,0.0445,通过
普通处方,0.4,0.3,48,370,112.6,107.01,118.47,0.1186,0.0303,通过
普通处方,0.4,0.3,48,371,112.01,103.71,120.97,0.1134,0.0459,通过
普通处方,0.4,0.3,48,372,97.37,91.52,103.59,-0.0267,0.0369,通过
普通处方,0.4,0.3,48,373,111.47,104.73,118.65,0.1086,0.0372,通过
普通处方,0.4,0.3,48,374,107.5,98.66,117.14,0.0724,0.0512,通过
普通处方,0.4,0.3,48,375,100.14,93.02,107.8,0.0014,0.0439,通过
普通处方,0.4,0.3,48,376,101.78,95.65,108.31,0.0176,0.037,通过
普通处方,0.4,0.3,48,377,109.3,101.73,117.44,0.089,0.0428,通过
普通处方,0.4,0.3,48,378,107.82,101.35,114.71,0.0753,0.0369,通过
普通处方,0.4,0.3,48,379,100.86,94.0,108.22,0.0085,0.042,通过
普通处方,0.4,0.3,48,380,103.99,97.21,111.23,0.0391,0.0402,通过
普通处方,0.4,0.3,48,381,113.2,105.4,121.57,0.124,0.0425,通过
普通处方,0.4,0.3,48,382,97.81,92.0,103.98,-0.0222,0.0365,通过
普通处方,0.4,0.3,48,383,108.63,100.85,117.01,0.0828,0.0443,通过
普通处方,0.4,0.3,48,384,102.97,96.3,110.1,0.0293,0.0399,通过
普通处方,0.4,0.3,48,385,108.74,100.74,117.37,0.0838,0.0455,通过
普通处方,0.4,0.3,48,386,112.86,105.74,120.46,0.121,0.0388,通过
普通处方,0.4,0.3,48,387,95.93,86.61,106.25,-0.0416,0.0609,通过
普通处方,0.4,0.3,48,388,105.7,98.6,113.31,0.0554,0.0414,通过
普通处方,0.4,0.3,48,389,103.14,96.27,110.5,0.0309,0.0411,通过
普通处方,0.4,0.3,48,390,103.59,95.8,112.01,0.0353,0.0466,通过
普通处方,0.4,0.3,48,391,104.01,97.04,111.47,0.0393,0.0413,通过
普通处方,0.4,0.3,48,392,106.36,98.89,114.38,0.0616,0.0434,通过
普通处方,0.4,0.3,48,393,103.65,96.71,111.08,0.0358,0.0413,通过
普通处方,0.4,0.3,48,394,103.19,95.55,111.45,0.0314,0.0459,通过
普通处方,0.4,0.3,48,395,107.74,98.97,117.29,0.0746,0.0506,通过
普通处方,0.4,0.3,48,396,106.16,98.86,114.01,0.0598,0.0425,通过
普通处方,0.4,0.3,48,397,106.95,97.49,117.33,0.0672,0.0552,通过
普通处方,0.4,0.3,48,398,103.25,96.79,110.14,0.032,0.0385,通过
普通处方,0.4,0.3,48,399,102.44,95.19,110.24,0.0241,0.0437,通过
普通处方,0.4,0.3,48,400,100.81,94.34,107.72,0.0081,0.0395,通过
普通处方,0.4,0.3,48,401,108.54,100.29,117.47,0.082,0.0471,通过
普通处方,0.4,0.3,48,402,104.43,96.23,113.33,0.0434,0.0487,通过
普通处方,0.4,0.3,48,403,108.08,100.46,116.28,0.0777,0.0436,通过
普通处方,0.4,0.3,48,404,104.85,97.57,112.69,0.0474,0.0429,通过
普通处方,0.4,0.3,48,405,108.76,102.37,115.54,0.084,0.0361,通过
普通处方,0.4,0.3,48,406,99.69,91.98,108.04,-0.0031,0.048,通过
普通处方,0.4,0.3,48,407,104.61,96.99,112.82,0.0451,0.0451,通过
普通处方,0.4,0.3,48,408,106.37,98.78,114.53,0.0617,0.0441,通过
普通处方,0.4,0.3,48,409,100.55,94.24,107.28,0.0055,0.0386,通过
普通处方,0.4,0.3,48,410,105.46,99.52,111.76,0.0532,0.0346,通过
普通处方,0.4,0.3,48,411,98.96,91.12,107.47,-0.0105,0.0492,通过
普通处方,0.4,0.3,48,412,99.87,93.02,107.22,-0.0013,0.0423,通过
普通处方,0.4,0.3,48,413,97.68,92.01,103.7,-0.0235,0.0356,通过
普通处方,0.4,0.3,48,414,105.43,96.75,114.89,0.0529,0.0512,通过
普通处方,0.4,0.3,48,415,104.91,98.49,111.75,0.0479,0.0377,通过
普通处方,0.4,0.3,48,416,98.74,91.48,106.57,-0.0127,0.0455,通过
普通处方,0.4,0.3,48,417,105.55,98.44,113.17,0.054,0.0415,通过
普通处方,0.4,0.3,48,418,105.18,97.8,113.1,0.0505,0.0433,通过
普通处方,0.4,0.3,48,419,105.59,98.32,113.4,0.0544,0.0425,通过
普通处方,0.4,0.3,48,420,99.84,92.41,107.86,-0.0016,0.0461,通过
普通处方,0.4,0.3,48,421,99.06,91.23,107.57,-0.0094,0.0491,通过
普通处方,0.4,0.3,48,422,103.85,96.21,112.1,0.0378,0.0456,通过
普通处方,0.4,0.3,48,423,102.61,94.1,111.88,0.0258,0.0516,通过
普通处方,0.4,0.3,48,424,98.2,91.37,105.55,-0.0181,0.043,通过
普通处方,0.4,0.3,48,425,102.54,96.4,109.07,0.025,0.0368,通过
普通处方,0.4,0.3,48,426,104.17,96.43,112.52,0.0408,0.046,通过
普通处方,0.4,0.3,48,427,100.34,94.09,107.0,0.0034,0.0383,通过
普通处方,0.4,0.3,48,428,104.88,96.33,114.2,0.0477,0.0507,通过
普通处方,0.4,0.3,48,429,102.36,95.91,109.23,0.0233,0.0388,通过
普通处方,0.4,0.3,48,430,103.93,95.03,113.66,0.0385,0.0534,通过
普通处方,0.4,0.3,48,431,99.64,93.2,106.53,-0.0036,0.0398,通过
普通处方,0.4,0.3,48,432,104.37,97.61,111.59,0.0427,0.0399,通过
普通处方,0.4,0.3,48,433,106.27,99.29,113.75,0.0608,0.0405,通过
普通处方,0.4,0.3,48,434,95.72,90.14,101.65,-0.0437,0.0358,通过
普通处方,0.4,0.3,48,435,107.0,99.89,114.62,0.0677,0.041,通过
普通处方,0.4,0.3,48,436,107.54,100.2,115.43,0.0727,0.0422,通过
普通处方,0.4,0.3,48,437,96.35,89.06,104.24,-0.0372,0.0469,通过
普通处方,0.4,0.3,48,438,103.8,98.03,109.92,0.0373,0.0341,通过
普通处方,0.4,0.3,48,439,99.26,91.86,107.26,-0.0074,0.0462,通过
普通处方,0.4,0.3,48,440,108.84,100.41,117.97,0.0847,0.048,通过
普通处方,0.4,0.3,48,441,102.11,94.73,110.06,0.0209,0.0447,通过
普通处方,0.4,0.3,48,442,103.15,95.81,111.05,0.031,0.044,通过
普通处方,0.4,0.3,48,443,106.84,99.95,114.2,0.0661,0.0397,通过
普通处方,0.4,0.3,48,444,97.74,89.43,106.83,-0.0228,0.053,通过
普通处方,0.4,0.3,48,445,107.12,98.48,116.51,0.0687,0.0501,通过
普通处方,0.4,0.3,48,446,111.83,104.88,119.24,0.1118,0.0383,通过
普通处方,0.4,0.3,48,447,103.5,96.84,110.61,0.0344,0.0396,通过
普通处方,0.4,0.3,48,448,108.63,100.89,116.98,0.0828,0.0441,通过
普通处方,0.4,0.3,48,449,110.82,104.09,117.98,0.1027,0.0373,通过
普通处方,0.4,0.3,48,450,106.25,99.32,113.67,0.0606,0.0402,通过
普通处方,0.4,0.3,48,451,102.5,95.14,110.43,0.0247,0.0444,通过
普通处方,0.4,0.3,48,452,107.64,98.59,117.52,0.0736,0.0523,通过
普通处方,0.4,0.3,48,453,99.86,92.73,107.55,-0.0014,0.0442,通过
普通处方,0.4,0.3,48,454,103.87,96.89,111.36,0.038,0.0415,通过
普通处方,0.4,0.3,48,455,113.43,106.93,120.31,0.126,0.0351,通过
普通处方,0.4,0.3,48,456,100.16,92.92,107.97,0.0016,0.0447,通过
普通处方,0.4,0.3,48,457,110.85,103.08,119.2,0.103,0.0433,通过
普通处方,0.4,0.3,48,458,103.35,96.43,110.76,0.0329,0.0413,通过
普通处方,0.4,0.3,48,459,108.1,99.52,117.42,0.0779,0.0493,通过
普通处方,0.4,0.3,48,460,107.76,101.35,114.57,0.0747,0.0365,通过
普通处方,0.4,0.3,48,461,101.44,94.7,108.66,0.0143,0.041,通过
普通处方,0.4,0.3,48,462,108.84,101.6,116.6,0.0847,0.041,通过
普通处方,0.4,0.3,48,463,107.13,100.33,114.4,0.0689,0.0391,通过
普通处方,0.4,0.3,48,464,102.1,94.91,109.84,0.0208,0.0435,通过
普通处方,0.4,0.3,48,465,99.79,93.46,106.55,-0.0021,0.039,通过
普通处方,0.4,0.3,48,466,103.42,95.99,111.42,0.0336,0.0444,通过
普通处方,0.4,0.3,48,467,98.8,91.12,107.13,-0.0121,0.0482,通过
普通处方,0.4,0.3,48,468,99.08,92.85,105.72,-0.0093,0.0387,通过
普通处方,0.4,0.3,48,469,105.69,98.97,112.85,0.0553,0.0391,通过
普通处方,0.4,0.3,48,470,108.09,100.47,116.28,0.0778,0.0435,通过
普通处方,0.4,0.3,48,471,104.94,97.75,112.66,0.0482,0.0423,通过
普通处方,0.4,0.3,48,472,99.82,93.13,106.99,-0.0018,0.0413,通过
普通处方,0.4,0.3,48,473,102.07,95.32,109.31,0.0205,0.0408,通过
普通处方,0.4,0.3,48,474,102.11,96.17,108.42,0.0209,0.0357,通过
普通处方,0.4,0.3,48,475,99.22,93.12,105.72,-0.0078,0.0378,通过
普通处方,0.4,0.3,48,476,102.13,95.21,109.56,0.0211,0.0418,通过
普通处方,0.4,0.3,48,477,109.0,101.63,116.91,0.0862,0.0417,通过
普通处方,0.4,0.3,48,478,105.76,98.73,113.28,0.056,0.041,通过
普通处方,0.4,0.3,48,479,101.15,94.5,108.25,0.0114,0.0405,通过
普通处方,0.4,0.3,48,480,106.15,99.55,113.18,0.0596,0.0382,通过
普通处方,0.4,0.3,48,481,100.22,92.85,108.18,0.0022,0.0455,通过
普通处方,0.4,0.3,48,482,106.66,99.41,114.43,0.0644,0.0419,通过
普通处方,0.4,0.3,48,483,109.53,101.45,118.26,0.091,0.0457,通过
普通处方,0.4,0.3,48,484,104.85,97.14,113.17,0.0473,0.0455,通过
普通处方,0.4,0.3,48,485,101.91,94.23,110.21,0.0189,0.0467,通过
普通处方,0.4,0.3,48,486,99.05,92.65,105.9,-0.0095,0.0398,通过
普通处方,0.4,0.3,48,487,99.11,92.62,106.06,-0.0089,0.0404,通过
普通处方,0.4,0.3,48,488,106.04,97.27,115.61,0.0587,0.0515,通过
普通处方,0.4,0.3,48,489,101.4,93.82,109.59,0.0139,0.0463,通过
普通处方,0.4,0.3,48,490,107.22,100.04,114.91,0.0697,0.0413,通过
普通处方,0.4,0.3,48,491,106.62,98.79,115.07,0.0641,0.0454,通过
普通处方,0.4,0.3,48,492,107.13,99.72,115.09,0.0689,0.0427,通过
普通处方,0.4,0.3,48,493,107.73,100.03,116.02,0.0744,0.0442,通过
普通处方,0.4,0.3,48,494,110.8,103.5,118.62,0.1026,0.0406,通过
普通处方,0.4,0.3,48,495,106.5,99.36,114.15,0.063,0.0414,通过
普通处方,0.4,0.3,48,496,111.82,105.54,118.48,0.1117,0.0345,通过
普通处方,0.4,0.3,48,497,98.04,92.25,104.19,-0.0198,0.0363,通过
普通处方,0.4,0.3,48,498,100.93,94.96,107.27,0.0092,0.0363,通过
普通处方,0.4,0.3,48,499,94.73,88.68,101.19,-0.0542,0.0393,通过
普通处方,0.4,0.3,48,500,109.97,101.12,119.6,0.095,0.05,通过
普通处方,0.4,0.3,60,1,104.44,97.31,112.08,0.0434,0.0423,通过
普通处方,0.4,0.3,60,2,102.02,95.86,108.57,0.02,0.0372,通过
普通处方,0.4,0.3,60,3,99.83,93.49,106.6,-0.0017,0.0393,通过
普通处方,0.4,0.3,60,4,108.96,102.66,115.64,0.0858,0.0356,通过
普通处方,0.4,0.3,60,5,98.43,92.12,105.17,-0.0158,0.0396,通过
普通处方,0.4,0.3,60,6,101.54,94.96,108.58,0.0153,0.0401,通过
普通处方,0.4,0.3,60,7,110.1,104.42,116.08,0.0962,0.0317,通过
普通处方,0.4,0.3,60,8,104.53,98.51,110.91,0.0443,0.0355,通过
普通处方,0.4,0.3,60,9,101.54,95.74,107.7,0.0153,0.0352,通过
普通处方,0.4,0.3,60,10,108.51,103.14,114.16,0.0817,0.0304,通过
普通处方,0.4,0.3,60,11,102.07,95.75,108.81,0.0205,0.0382,通过
普通处方,0.4,0.3,60,12,102.19,95.7,109.11,0.0216,0.0392,通过
普通处方,0.4,0.3,60,13,104.89,99.38,110.69,0.0477,0.0322,通过
普通处方,0.4,0.3,60,14,101.26,95.49,107.38,0.0125,0.0351,通过
普通处方,0.4,0.3,60,15,102.48,95.66,109.79,0.0245,0.0412,通过
普通处方,0.4,0.3,60,16,101.29,95.2,107.77,0.0128,0.0371,通过
普通处方,0.4,0.3,60,17,101.93,95.44,108.85,0.0191,0.0394,通过
普通处方,0.4,0.3,60,18,107.32,100.33,114.8,0.0707,0.0403,通过
普通处方,0.4,0.3,60,19,107.29,100.72,114.28,0.0704,0.0378,通过
普通处方,0.4,0.3,60,20,101.59,94.75,108.92,0.0158,0.0417,通过
普通处方,0.4,0.3,60,21,102.97,96.69,109.66,0.0292,0.0377,通过
普通处方,0.4,0.3,60,22,103.14,96.95,109.74,0.031,0.0371,通过
普通处方,0.4,0.3,60,23,110.71,104.01,117.83,0.1017,0.0373,通过
普通处方,0.4,0.3,60,24,115.09,107.67,123.01,0.1405,0.0398,通过
普通处方,0.4,0.3,60,25,101.7,95.6,108.18,0.0168,0.037,通过
普通处方,0.4,0.3,60,26,109.21,102.7,116.14,0.0881,0.0368,通过
普通处方,0.4,0.3,60,27,104.19,97.87,110.92,0.041,0.0375,通过
普通处方,0.4,0.3,60,28,104.28,98.08,110.86,0.0419,0.0366,通过
普通处方,0.4,0.3,60,29,101.1,94.69,107.93,0.0109,0.0392,通过
普通处方,0.4,0.3,60,30,107.19,99.97,114.93,0.0695,0.0417,通过
普通处方,0.4,0.3,60,31,97.94,91.04,105.36,-0.0208,0.0437,通过
普通处方,0.4,0.3,60,32,103.9,97.25,111.02,0.0383,0.0396,通过
普通处方,0.4,0.3,60,33,98.59,93.46,104.02,-0.0142,0.032,通过
普通处方,0.4,0.3,60,34,102.55,97.04,108.36,0.0251,0.033,通过
普通处方,0.4,0.3,60,35,110.9,103.49,118.85,0.1035,0.0414,通过
普通处方,0.4,0.3,60,36,105.5,98.72,112.75,0.0535,0.0398,通过
普通处方,0.4,0.3,60,37,108.05,100.85,115.76,0.0774,0.0412,通过
普通处方,0.4,0.3,60,38,98.96,92.78,105.56,-0.0104,0.0386,通过
普通处方,0.4,0.3,60,39,102.02,95.56,108.9,0.02,0.0391,通过
普通处方,0.4,0.3,60,40,100.13,94.06,106.6,0.0013,0.0375,通过
普通处方,0.4,0.3,60,41,103.83,97.97,110.04,0.0376,0.0348,通过
普通处方,0.4,0.3,60,42,108.62,103.47,114.02,0.0826,0.029,通过
普通处方,0.4,0.3,60,43,104.47,98.24,111.08,0.0437,0.0368,通过
普通处方,0.4,0.3,60,44,99.55,94.07,105.34,-0.0045,0.0338,通过
普通处方,0.4,0.3,60,45,102.1,95.06,109.67,0.0208,0.0428,通过
普通处方,0.4,0.3,60,46,110.29,102.98,118.11,0.0979,0.041,通过
普通处方,0.4,0.3,60,47,99.78,94.36,105.51,-0.0022,0.0334,通过
普通处方,0.4,0.3,60,48,100.85,94.5,107.62,0.0084,0.0389,通过
普通处方,0.4,0.3,60,49,108.56,102.26,115.26,0.0822,0.0358,通过
普通处方,0.4,0.3,60,50,105.0,99.05,111.3,0.0488,0.0349,通过
普通处方,0.4,0.3,60,51,106.82,99.81,114.32,0.066,0.0406,通过
普通处方,0.4,0.3,60,52,109.41,102.35,116.95,0.0899,0.0399,通过
普通处方,0.4,0.3,60,53,106.13,98.79,114.01,0.0595,0.0429,通过
普通处方,0.4,0.3,60,54,102.77,96.55,109.39,0.0273,0.0373,通过
普通处方,0.4,0.3,60,55,106.48,100.38,112.94,0.0628,0.0353,通过
普通处方,0.4,0.3,60,56,106.29,99.13,113.95,0.061,0.0417,通过
普通处方,0.4,0.3,60,57,95.59,89.3,102.33,-0.0451,0.0407,通过
普通处方,0.4,0.3,60,58,103.4,98.19,108.89,0.0335,0.0309,通过
普通处方,0.4,0.3,60,59,103.66,97.63,110.06,0.036,0.0359,通过
普通处方,0.4,0.3,60,60,106.09,99.71,112.88,0.0591,0.0371,通过
普通处方,0.4,0.3,60,61,106.79,100.62,113.35,0.0657,0.0357,通过
普通处方,0.4,0.3,60,62,109.06,102.1,116.5,0.0867,0.0395,通过
普通处方,0.4,0.3,60,63,109.13,101.31,117.55,0.0874,0.0445,通过
普通处方,0.4,0.3,60,64,106.78,100.65,113.28,0.0656,0.0354,通过
普通处方,0.4,0.3,60,65,110.18,103.92,116.83,0.097,0.035,通过
普通处方,0.4,0.3,60,66,96.81,90.48,103.57,-0.0325,0.0404,通过
普通处方,0.4,0.3,60,67,101.29,93.83,109.34,0.0128,0.0457,通过
普通处方,0.4,0.3,60,68,101.69,96.16,107.54,0.0168,0.0334,通过
普通处方,0.4,0.3,60,69,104.43,97.33,112.06,0.0434,0.0422,通过
普通处方,0.4,0.3,60,70,105.83,98.91,113.25,0.0567,0.0405,通过
普通处方,0.4,0.3,60,71,108.82,102.25,115.81,0.0845,0.0373,通过
普通处方,0.4,0.3,60,72,105.54,99.08,112.41,0.0539,0.0378,通过
普通处方,0.4,0.3,60,73,103.24,97.38,109.45,0.0319,0.0349,通过
普通处方,0.4,0.3,60,74,100.02,94.3,106.08,0.0002,0.0352,通过
普通处方,0.4,0.3,60,75,103.86,97.93,110.15,0.0379,0.0352,通过
普通处方,0.4,0.3,60,76,110.12,102.66,118.11,0.0964,0.042,通过
普通处方,0.4,0.3,60,77,108.08,101.15,115.49,0.0777,0.0397,通过
普通处方,0.4,0.3,60,78,106.38,98.56,114.82,0.0618,0.0457,通过
普通处方,0.4,0.3,60,79,105.72,98.98,112.91,0.0556,0.0394,通过
普通处方,0.4,0.3,60,80,106.88,100.46,113.71,0.0665,0.0371,通过
普通处方,0.4,0.3,60,81,98.62,92.44,105.21,-0.0139,0.0387,通过
普通处方,0.4,0.3,60,82,111.21,104.83,117.98,0.1063,0.0354,通过
普通处方,0.4,0.3,60,83,105.73,99.57,112.27,0.0557,0.0359,通过
普通处方,0.4,0.3,60,84,106.48,99.67,113.75,0.0628,0.0395,通过
普通处方,0.4,0.3,60,85,98.23,91.57,105.38,-0.0178,0.042,通过
普通处方,0.4,0.3,60,86,97.26,91.29,103.61,-0.0278,0.0379,通过
普通处方,0.4,0.3,60,87,100.79,94.48,107.53,0.0079,0.0387,通过
普通处方,0.4,0.3,60,88,101.77,94.89,109.14,0.0175,0.0418,通过
普通处方,0.4,0.3,60,89,109.68,102.67,117.17,0.0924,0.0395,通过
普通处方,0.4,0.3,60,90,106.28,99.97,112.98,0.0609,0.0366,通过
普通处方,0.4,0.3,60,91,96.94,90.44,103.92,-0.0311,0.0416,通过
普通处方,0.4,0.3,60,92,107.64,100.29,115.52,0.0736,0.0423,通过
普通处方,0.4,0.3,60,93,109.14,102.43,116.29,0.0874,0.038,通过
普通处方,0.4,0.3,60,94,95.3,89.68,101.27,-0.0482,0.0364,通过
普通处方,0.4,0.3,60,95,106.07,99.45,113.14,0.0589,0.0386,通过
普通处方,0.4,0.3,60,96,107.04,100.9,113.56,0.068,0.0354,通过
普通处方,0.4,0.3,60,97,103.47,97.21,110.15,0.0342,0.0374,通过
普通处方,0.4,0.3,60,98,101.03,96.4,105.89,0.0103,0.0281,通过
普通处方,0.4,0.3,60,99,99.6,93.48,106.13,-0.004,0.038,通过
普通处方,0.4,0.3,60,100,96.46,89.14,104.39,-0.036,0.0473,通过
普通处方,0.4,0.3,60,101,97.92,90.76,105.64,-0.021,0.0454,通过
普通处方,0.4,0.3,60,102,104.96,97.51,112.99,0.0484,0.0441,通过
普通处方,0.4,0.3,60,103,101.94,95.48,108.84,0.0192,0.0392,通过
普通处方,0.4,0.3,60,104,104.87,98.18,112.02,0.0475,0.0395,通过
普通处方,0.4,0.3,60,105,108.82,102.35,115.7,0.0845,0.0367,通过
普通处方,0.4,0.3,60,106,97.99,92.35,103.97,-0.0203,0.0355,通过
普通处方,0.4,0.3,60,107,100.72,95.03,106.75,0.0072,0.0348,通过
普通处方,0.4,0.3,60,108,96.78,90.5,103.5,-0.0327,0.0402,通过
普通处方,0.4,0.3,60,109,102.57,96.21,109.36,0.0254,0.0383,通过
普通处方,0.4,0.3,60,110,108.13,101.59,115.09,0.0782,0.0373,通过
普通处方,0.4,0.3,60,111,101.43,94.51,108.87,0.0142,0.0423,通过
普通处方,0.4,0.3,60,112,100.32,93.84,107.24,0.0032,0.0399,通过
普通处方,0.4,0.3,60,113,102.96,97.28,108.96,0.0292,0.0339,通过
普通处方,0.4,0.3,60,114,110.53,104.06,117.4,0.1001,0.0361,通过
普通处方,0.4,0.3,60,115,108.77,101.52,116.55,0.0841,0.0413,通过
普通处方,0.4,0.3,60,116,107.58,101.48,114.04,0.073,0.0349,通过
普通处方,0.4,0.3,60,117,103.59,97.34,110.24,0.0353,0.0372,通过
普通处方,0.4,0.3,60,118,105.7,99.11,112.73,0.0554,0.0385,通过
普通处方,0.4,0.3,60,119,101.54,95.13,108.38,0.0153,0.039,通过
普通处方,0.4,0.3,60,120,102.27,96.65,108.22,0.0225,0.0339,通过
普通处方,0.4,0.3,60,121,106.86,100.71,113.39,0.0664,0.0355,通过
普通处方,0.4,0.3,60,122,105.2,98.54,112.32,0.0507,0.0392,通过
普通处方,0.4,0.3,60,123,102.04,95.73,108.77,0.0202,0.0382,通过
普通处方,0.4,0.3,60,124,103.92,96.63,111.76,0.0384,0.0435,通过
普通处方,0.4,0.3,60,125,99.82,93.01,107.12,-0.0018,0.0423,通过
普通处方,0.4,0.3,60,126,102.58,95.39,110.31,0.0254,0.0435,通过
普通处方,0.4,0.3,60,127,96.8,90.73,103.28,-0.0325,0.0388,通过
普通处方,0.4,0.3,60,128,101.42,95.39,107.82,0.0141,0.0367,通过
普通处方,0.4,0.3,60,129,100.58,95.48,105.95,0.0058,0.0311,通过
普通处方,0.4,0.3,60,130,98.57,92.48,105.07,-0.0144,0.0382,通过
普通处方,0.4,0.3,60,131,104.75,97.93,112.04,0.0464,0.0403,通过
普通处方,0.4,0.3,60,132,98.99,93.29,105.04,-0.0102,0.0355,通过
普通处方,0.4,0.3,60,133,103.7,96.76,111.14,0.0364,0.0415,通过
普通处方,0.4,0.3,60,134,104.32,98.41,110.59,0.0423,0.0349,通过
普通处方,0.4,0.3,60,135,106.66,100.29,113.45,0.0645,0.0369,通过
普通处方,0.4,0.3,60,136,108.1,102.04,114.52,0.0779,0.0345,通过
普通处方,0.4,0.3,60,137,111.42,104.75,118.52,0.1082,0.0369,通过
普通处方,0.4,0.3,60,138,108.35,102.5,114.53,0.0802,0.0332,通过
普通处方,0.4,0.3,60,139,107.94,101.18,115.16,0.0764,0.0387,通过
普通处方,0.4,0.3,60,140,110.89,104.47,117.7,0.1034,0.0357,通过
普通处方,0.4,0.3,60,141,101.72,94.75,109.19,0.017,0.0424,通过
普通处方,0.4,0.3,60,142,102.27,96.0,108.95,0.0224,0.0378,通过
普通处方,0.4,0.3,60,143,108.76,102.57,115.33,0.084,0.0351,通过
普通处方,0.4,0.3,60,144,103.9,97.29,110.95,0.0383,0.0393,通过
普通处方,0.4,0.3,60,145,103.94,97.21,111.14,0.0387,0.0401,通过
普通处方,0.4,0.3,60,146,109.1,100.92,117.94,0.0871,0.0467,通过
普通处方,0.4,0.3,60,147,104.14,98.66,109.93,0.0406,0.0324,通过
普通处方,0.4,0.3,60,148,105.26,99.15,111.74,0.0512,0.0357,通过
普通处方,0.4,0.3,60,149,108.6,102.27,115.32,0.0825,0.0359,通过
普通处方,0.4,0.3,60,150,104.22,98.51,110.27,0.0414,0.0337,通过
普通处方,0.4,0.3,60,151,101.79,94.83,109.25,0.0177,0.0423,通过
普通处方,0.4,0.3,60,152,99.11,93.06,105.55,-0.009,0.0377,通过
普通处方,0.4,0.3,60,153,104.35,97.8,111.34,0.0426,0.0388,通过
普通处方,0.4,0.3,60,154,106.1,99.66,112.95,0.0592,0.0375,通过
普通处方,0.4,0.3,60,155,102.64,95.89,109.88,0.0261,0.0408,通过
普通处方,0.4,0.3,60,156,105.24,99.03,111.83,0.0511,0.0364,通过
普通处方,0.4,0.3,60,157,107.51,100.34,115.19,0.0724,0.0413,通过
普通处方,0.4,0.3,60,158,107.75,101.04,114.9,0.0746,0.0385,通过
普通处方,0.4,0.3,60,159,100.95,94.12,108.27,0.0094,0.0419,通过
普通处方,0.4,0.3,60,160,103.39,96.47,110.8,0.0333,0.0415,通过
普通处方,0.4,0.3,60,161,104.2,98.23,110.54,0.0412,0.0353,通过
普通处方,0.4,0.3,60,162,102.67,97.28,108.37,0.0264,0.0323,通过
普通处方,0.4,0.3,60,163,95.55,90.29,101.11,-0.0455,0.0339,通过
普通处方,0.4,0.3,60,164,109.39,103.05,116.12,0.0897,0.0357,通过
普通处方,0.4,0.3,60,165,114.51,106.67,122.92,0.1355,0.0424,通过
普通处方,0.4,0.3,60,166,102.04,96.36,108.06,0.0202,0.0343,通过
普通处方,0.4,0.3,60,167,102.79,96.59,109.38,0.0275,0.0372,通过
普通处方,0.4,0.3,60,168,107.93,100.51,115.89,0.0763,0.0426,通过
普通处方,0.4,0.3,60,169,102.71,96.62,109.18,0.0267,0.0365,通过
普通处方,0.4,0.3,60,170,105.06,98.67,111.87,0.0494,0.0376,通过
普通处方,0.4,0.3,60,171,97.22,91.08,103.78,-0.0282,0.0391,通过
普通处方,0.4,0.3,60,172,98.37,92.4,104.73,-0.0165,0.0375,通过
普通处方,0.4,0.3,60,173,107.93,101.73,114.5,0.0763,0.0354,通过
普通处方,0.4,0.3,60,174,105.15,98.18,112.63,0.0503,0.0411,通过
普通处方,0.4,0.3,60,175,101.05,95.29,107.17,0.0105,0.0352,通过
普通处方,0.4,0.3,60,176,102.77,95.73,110.32,0.0273,0.0424,通过
普通处方,0.4,0.3,60,177,102.1,95.48,109.19,0.0208,0.0402,通过
普通处方,0.4,0.3,60,178,106.39,100.09,113.1,0.062,0.0366,通过
普通处方,0.4,0.3,60,179,99.0,93.91,104.36,-0.0101,0.0316,通过
普通处方,0.4,0.3,60,180,109.84,102.86,117.3,0.0939,0.0393,通过
普通处方,0.4,0.3,60,181,100.33,94.25,106.81,0.0033,0.0374,通过
普通处方,0.4,0.3,60,182,103.3,97.29,109.68,0.0324,0.0359,通过
普通处方,0.4,0.3,60,183,107.37,100.16,115.08,0.0711,0.0415,通过
普通处方,0.4,0.3,60,184,109.44,102.3,117.08,0.0902,0.0404,通过
普通处方,0.4,0.3,60,185,102.94,96.66,109.62,0.029,0.0376,通过
普通处方,0.4,0.3,60,186,107.31,99.83,115.36,0.0706,0.0433,通过
普通处方,0.4,0.3,60,187,106.93,100.62,113.64,0.067,0.0364,通过
普通处方,0.4,0.3,60,188,98.7,91.89,106.02,-0.013,0.0428,通过
普通处方,0.4,0.3,60,189,102.22,95.83,109.04,0.022,0.0386,通过
普通处方,0.4,0.3,60,190,104.94,98.94,111.3,0.0482,0.0352,通过
普通处方,0.4,0.3,60,191,105.76,98.8,113.22,0.056,0.0408,通过
普通处方,0.4,0.3,60,192,103.08,97.85,108.58,0.0303,0.0312,通过
普通处方,0.4,0.3,60,193,110.42,103.76,117.5,0.0991,0.0372,通过
普通处方,0.4,0.3,60,194,106.17,98.61,114.31,0.0598,0.0442,通过
普通处方,0.4,0.3,60,195,114.28,107.38,121.61,0.1335,0.0372,通过
普通处方,0.4,0.3,60,196,111.13,103.62,119.19,0.1055,0.0419,通过
普通处方,0.4,0.3,60,197,106.55,98.92,114.77,0.0634,0.0445,通过
普通处方,0.4,0.3,60,198,108.82,102.31,115.75,0.0845,0.037,通过
普通处方,0.4,0.3,60,199,113.2,106.33,120.52,0.124,0.0375,通过
普通处方,0.4,0.3,60,200,103.94,97.1,111.26,0.0386,0.0407,通过
普通处方,0.4,0.3,60,201,105.39,98.63,112.62,0.0525,0.0397,通过
普通处方,0.4,0.3,60,202,105.78,99.7,112.23,0.0562,0.0354,通过
普通处方,0.4,0.3,60,203,106.91,100.55,113.68,0.0668,0.0367,通过
普通处方,0.4,0.3,60,204,107.07,99.53,115.18,0.0683,0.0437,通过
普通处方,0.4,0.3,60,205,105.8,98.25,113.92,0.0563,0.0443,通过
普通处方,0.4,0.3,60,206,103.57,97.58,109.93,0.0351,0.0357,通过
普通处方,0.4,0.3,60,207,102.42,95.83,109.46,0.0239,0.0398,通过
普通处方,0.4,0.3,60,208,108.69,102.22,115.57,0.0833,0.0367,通过
普通处方,0.4,0.3,60,209,104.89,98.43,111.78,0.0478,0.038,通过
普通处方,0.4,0.3,60,210,108.49,101.61,115.85,0.0815,0.0392,通过
普通处方,0.4,0.3,60,211,101.5,95.29,108.12,0.0149,0.0378,通过
普通处方,0.4,0.3,60,212,105.48,99.19,112.17,0.0534,0.0368,通过
普通处方,0.4,0.3,60,213,110.37,103.72,117.44,0.0987,0.0372,通过
普通处方,0.4,0.3,60,214,107.88,100.17,116.18,0.0758,0.0444,通过
普通处方,0.4,0.3,60,215,108.89,102.75,115.4,0.0852,0.0348,通过
普通处方,0.4,0.3,60,216,108.29,101.35,115.71,0.0797,0.0396,通过
普通处方,0.4,0.3,60,217,102.94,96.25,110.09,0.029,0.0402,通过
普通处方,0.4,0.3,60,218,111.03,103.37,119.26,0.1047,0.0428,通过
普通处方,0.4,0.3,60,219,105.29,97.83,113.32,0.0516,0.044,通过
普通处方,0.4,0.3,60,220,97.35,91.68,103.38,-0.0268,0.0359,通过
普通处方,0.4,0.3,60,221,101.46,95.06,108.3,0.0145,0.039,通过
普通处方,0.4,0.3,60,222,108.16,101.6,115.15,0.0785,0.0375,通过
普通处方,0.4,0.3,60,223,98.03,91.65,104.85,-0.0199,0.0403,通过
普通处方,0.4,0.3,60,224,111.57,105.71,117.76,0.1095,0.0323,通过
普通处方,0.4,0.3,60,225,102.14,95.51,109.24,0.0212,0.0402,通过
普通处方,0.4,0.3,60,226,106.88,100.46,113.7,0.0665,0.0371,通过
普通处方,0.4,0.3,60,227,111.06,105.07,117.38,0.1049,0.0331,通过
普通处方,0.4,0.3,60,228,102.77,95.95,110.07,0.0273,0.0411,通过
普通处方,0.4,0.3,60,229,104.8,99.17,110.74,0.0468,0.033,通过
普通处方,0.4,0.3,60,230,106.31,100.44,112.53,0.0612,0.034,通过
普通处方,0.4,0.3,60,231,99.46,93.29,106.03,-0.0054,0.0383,通过
普通处方,0.4,0.3,60,232,103.0,95.97,110.54,0.0295,0.0423,通过
普通处方,0.4,0.3,60,233,105.95,100.42,111.78,0.0578,0.0321,通过
普通处方,0.4,0.3,60,234,111.09,104.49,118.1,0.1051,0.0366,通过
普通处方,0.4,0.3,60,235,105.08,99.22,111.29,0.0496,0.0344,通过
普通处方,0.4,0.3,60,236,103.96,97.69,110.64,0.0389,0.0372,通过
普通处方,0.4,0.3,60,237,98.81,93.18,104.77,-0.012,0.0351,通过
普通处方,0.4,0.3,60,238,105.09,98.77,111.82,0.0497,0.0371,通过
普通处方,0.4,0.3,60,239,107.4,101.05,114.15,0.0714,0.0365,通过
普通处方,0.4,0.3,60,240,109.67,102.44,117.42,0.0923,0.0408,通过
普通处方,0.4,0.3,60,241,94.52,88.02,101.5,-0.0564,0.0426,通过
普通处方,0.4,0.3,60,242,102.43,95.65,109.68,0.024,0.0409,通过
普通处方,0.4,0.3,60,243,102.48,97.11,108.14,0.0245,0.0322,通过
普通处方,0.4,0.3,60,244,106.03,100.24,112.16,0.0586,0.0336,通过
普通处方,0.4,0.3,60,245,105.44,98.53,112.83,0.053,0.0405,通过
普通处方,0.4,0.3,60,246,105.87,100.32,111.72,0.057,0.0322,通过
普通处方,0.4,0.3,60,247,96.54,91.38,101.99,-0.0352,0.0329,通过
普通处方,0.4,0.3,60,248,109.37,103.03,116.1,0.0896,0.0358,通过
普通处方,0.4,0.3,60,249,94.74,89.16,100.67,-0.054,0.0363,通过
普通处方,0.4,0.3,60,250,112.4,106.48,118.65,0.1169,0.0324,通过
普通处方,0.4,0.3,60,251,101.09,94.58,108.06,0.0109,0.0399,通过
普通处方,0.4,0.3,60,252,103.58,97.4,110.16,0.0352,0.0368,通过
普通处方,0.4,0.3,60,253,102.75,96.84,109.02,0.0271,0.0354,通过
普通处方,0.4,0.3,60,254,100.81,94.49,107.55,0.0081,0.0387,通过
普通处方,0.4,0.3,60,255,108.41,100.89,116.48,0.0807,0.043,通过
普通处方,0.4,0.3,60,256,111.54,104.98,118.52,0.1092,0.0363,通过
普通处方,0.4,0.3,60,257,105.45,98.74,112.63,0.0531,0.0394,通过
普通处方,0.4,0.3,60,258,95.94,89.67,102.65,-0.0415,0.0405,通过
普通处方,0.4,0.3,60,259,105.23,98.52,112.41,0.051,0.0395,通过
普通处方,0.4,0.3,60,260,107.69,101.67,114.06,0.0741,0.0344,通过
普通处方,0.4,0.3,60,261,108.63,101.4,116.38,0.0828,0.0412,通过
普通处方,0.4,0.3,60,262,102.34,95.56,109.6,0.0231,0.041,通过
普通处方,0.4,0.3,60,263,101.51,95.09,108.35,0.0149,0.0391,通过
普通处方,0.4,0.3,60,264,113.54,106.8,120.72,0.127,0.0367,通过
普通处方,0.4,0.3,60,265,103.88,96.71,111.59,0.0381,0.0428,通过
普通处方,0.4,0.3,60,266,109.87,103.33,116.82,0.0941,0.0367,通过
普通处方,0.4,0.3,60,267,104.59,98.08,111.53,0.0449,0.0384,通过
普通处方,0.4,0.3,60,268,107.33,100.39,114.74,0.0707,0.04,通过
普通处方,0.4,0.3,60,269,94.77,88.5,101.48,-0.0537,0.0409,通过
普通处方,0.4,0.3,60,270,107.62,101.34,114.3,0.0735,0.036,通过
普通处方,0.4,0.3,60,271,103.55,97.1,110.44,0.0349,0.0385,通过
普通处方,0.4,0.3,60,272,96.1,91.24,101.22,-0.0398,0.031,通过
普通处方,0.4,0.3,60,273,103.19,97.72,108.98,0.0314,0.0326,通过
普通处方,0.4,0.3,60,274,105.75,98.96,113.0,0.0559,0.0397,通过
普通处方,0.4,0.3,60,275,106.11,99.11,113.61,0.0593,0.0409,通过
普通处方,0.4,0.3,60,276,102.55,96.52,108.96,0.0252,0.0363,通过
普通处方,0.4,0.3,60,277,101.06,94.8,107.72,0.0105,0.0382,通过
普通处方,0.4,0.3,60,278,103.38,97.98,109.07,0.0332,0.0321,通过
普通处方,0.4,0.3,60,279,105.27,98.76,112.21,0.0513,0.0382,通过
普通处方,0.4,0.3,60,280,101.97,95.74,108.62,0.0195,0.0378,通过
普通处方,0.4,0.3,60,281,107.2,100.31,114.57,0.0695,0.0398,通过
普通处方,0.4,0.3,60,282,101.7,95.2,108.65,0.0169,0.0395,通过
普通处方,0.4,0.3,60,283,107.43,100.49,114.86,0.0717,0.04,通过
普通处方,0.4,0.3,60,284,97.85,90.91,105.32,-0.0217,0.044,通过
普通处方,0.4,0.3,60,285,105.33,98.87,112.2,0.0519,0.0378,通过
普通处方,0.4,0.3,60,286,105.75,98.89,113.09,0.0559,0.0402,通过
普通处方,0.4,0.3,60,287,99.4,93.28,105.93,-0.006,0.038,通过
普通处方,0.4,0.3,60,288,106.17,100.33,112.35,0.0599,0.0338,通过
普通处方,0.4,0.3,60,289,106.86,100.01,114.19,0.0664,0.0397,通过
普通处方,0.4,0.3,60,290,100.08,94.47,106.03,0.0008,0.0345,通过
普通处方,0.4,0.3,60,291,103.56,96.86,110.74,0.035,0.0401,通过
普通处方,0.4,0.3,60,292,106.77,99.8,114.22,0.0655,0.0404,通过
普通处方,0.4,0.3,60,293,108.11,101.18,115.51,0.078,0.0396,通过
普通处方,0.4,0.3,60,294,101.45,94.86,108.49,0.0144,0.0402,通过
普通处方,0.4,0.3,60,295,98.46,92.77,104.5,-0.0155,0.0356,通过
普通处方,0.4,0.3,60,296,100.16,93.78,106.97,0.0016,0.0394,通过
普通处方,0.4,0.3,60,297,107.62,100.73,115.0,0.0735,0.0396,通过
普通处方,0.4,0.3,60,298,100.74,94.27,107.65,0.0074,0.0397,通过
普通处方,0.4,0.3,60,299,110.78,104.33,117.63,0.1024,0.0359,通过
普通处方,0.4,0.3,60,300,98.86,92.23,105.96,-0.0115,0.0415,通过
普通处方,0.4,0.3,60,301,104.55,98.3,111.2,0.0445,0.0369,通过
普通处方,0.4,0.3,60,302,105.97,100.12,112.15,0.0579,0.034,通过
普通处方,0.4,0.3,60,303,101.41,94.7,108.6,0.014,0.041,通过
普通处方,0.4,0.3,60,304,96.38,90.09,103.11,-0.0369,0.0404,通过
普通处方,0.4,0.3,60,305,101.94,95.64,108.65,0.0192,0.0381,通过
普通处方,0.4,0.3,60,306,102.94,95.9,110.49,0.029,0.0424,通过
普通处方,0.4,0.3,60,307,102.55,97.33,108.05,0.0252,0.0312,通过
普通处方,0.4,0.3,60,308,104.48,98.06,111.33,0.0438,0.038,通过
普通处方,0.4,0.3,60,309,109.14,102.04,116.74,0.0875,0.0402,通过
普通处方,0.4,0.3,60,310,113.63,105.63,122.24,0.1278,0.0437,通过
普通处方,0.4,0.3,60,311,114.07,107.57,120.96,0.1316,0.0351,通过
普通处方,0.4,0.3,60,312,101.75,94.67,109.35,0.0173,0.0431,通过
普通处方,0.4,0.3,60,313,109.53,102.23,117.34,0.091,0.0412,通过
普通处方,0.4,0.3,60,314,102.01,96.13,108.23,0.0199,0.0355,通过
普通处方,0.4,0.3,60,315,105.49,99.74,111.56,0.0534,0.0335,通过
普通处方,0.4,0.3,60,316,105.57,98.92,112.66,0.0542,0.0389,通过
普通处方,0.4,0.3,60,317,96.78,90.18,103.86,-0.0328,0.0423,通过
普通处方,0.4,0.3,60,318,104.82,99.21,110.74,0.047,0.0329,通过
普通处方,0.4,0.3,60,319,113.8,106.53,121.56,0.1293,0.0395,通过
普通处方,0.4,0.3,60,320,100.2,94.13,106.66,0.002,0.0374,通过
普通处方,0.4,0.3,60,321,108.92,102.34,115.93,0.0855,0.0373,通过
普通处方,0.4,0.3,60,322,100.13,94.11,106.53,0.0013,0.0371,通过
普通处方,0.4,0.3,60,323,106.42,99.29,114.07,0.0622,0.0415,通过
普通处方,0.4,0.3,60,324,99.68,93.15,106.66,-0.0032,0.0405,通过
普通处方,0.4,0.3,60,325,109.35,102.77,116.36,0.0894,0.0372,通过
普通处方,0.4,0.3,60,326,109.46,103.86,115.36,0.0904,0.0314,通过
普通处方,0.4,0.3,60,327,106.49,100.46,112.88,0.0629,0.0349,通过
普通处方,0.4,0.3,60,328,100.63,94.51,107.16,0.0063,0.0376,通过
普通处方,0.4,0.3,60,329,103.93,96.79,111.6,0.0385,0.0426,通过
普通处方,0.4,0.3,60,330,104.01,96.75,111.81,0.0393,0.0433,通过
普通处方,0.4,0.3,60,331,102.86,96.42,109.74,0.0282,0.0387,通过
普通处方,0.4,0.3,60,332,108.29,100.81,116.33,0.0797,0.0428,通过
普通处方,0.4,0.3,60,333,104.17,97.52,111.28,0.0409,0.0395,通过
普通处方,0.4,0.3,60,334,101.49,96.03,107.26,0.0148,0.0331,通过
普通处方,0.4,0.3,60,335,104.49,97.98,111.43,0.0439,0.0385,通过
普通处方,0.4,0.3,60,336,103.08,95.73,110.98,0.0303,0.0442,通过
普通处方,0.4,0.3,60,337,103.78,97.45,110.52,0.0371,0.0377,通过
普通处方,0.4,0.3,60,338,108.6,101.39,116.32,0.0825,0.0411,通过
普通处方,0.4,0.3,60,339,101.92,96.27,107.9,0.019,0.0341,通过
普通处方,0.4,0.3,60,340,100.52,94.77,106.63,0.0052,0.0353,通过
普通处方,0.4,0.3,60,341,108.83,101.32,116.9,0.0847,0.0428,通过
普通处方,0.4,0.3,60,342,106.1,100.21,112.34,0.0592,0.0342,通过
普通处方,0.4,0.3,60,343,103.71,96.16,111.85,0.0364,0.0452,通过
普通处方,0.4,0.3,60,344,106.82,100.95,113.04,0.066,0.0339,通过
普通处方,0.4,0.3,60,345,97.39,90.56,104.74,-0.0264,0.0435,通过
普通处方,0.4,0.3,60,346,100.95,94.63,107.69,0.0094,0.0387,通过
普通处方,0.4,0.3,60,347,102.08,96.19,108.33,0.0206,0.0355,通过
普通处方,0.4,0.3,60,348,105.51,98.91,112.55,0.0536,0.0387,通过
普通处方,0.4,0.3,60,349,101.07,95.33,107.16,0.0106,0.035,通过
普通处方,0.4,0.3,60,350,102.42,96.9,108.26,0.0239,0.0332,通过
普通处方,0.4,0.3,60,351,101.23,95.33,107.51,0.0123,0.036,通过
普通处方,0.4,0.3,60,352,103.55,97.59,109.87,0.0349,0.0355,通过
普通处方,0.4,0.3,60,353,109.6,103.17,116.43,0.0916,0.0362,通过
普通处方,0.4,0.3,60,354,102.34,95.81,109.31,0.0231,0.0394,通过
普通处方,0.4,0.3,60,355,98.4,94.0,103.0,-0.0162,0.0273,通过
普通处方,0.4,0.3,60,356,97.57,92.44,102.99,-0.0246,0.0323,通过
普通处方,0.4,0.3,60,357,98.73,91.49,106.55,-0.0128,0.0456,通过
普通处方,0.4,0.3,60,358,112.68,105.68,120.14,0.1194,0.0384,通过
普通处方,0.4,0.3,60,359,107.65,100.72,115.07,0.0738,0.0399,通过
普通处方,0.4,0.3,60,360,102.18,95.44,109.39,0.0215,0.0408,通过
普通处方,0.4,0.3,60,361,101.12,94.19,108.55,0.0111,0.0424,通过
普通处方,0.4,0.3,60,362,104.9,98.37,111.88,0.0479,0.0385,通过
普通处方,0.4,0.3,60,363,104.27,97.84,111.11,0.0418,0.0381,通过
普通处方,0.4,0.3,60,364,103.2,96.52,110.35,0.0315,0.0401,通过
普通处方,0.4,0.3,60,365,106.81,100.16,113.9,0.0659,0.0384,通过
普通处方,0.4,0.3,60,366,99.04,93.13,105.32,-0.0096,0.0368,通过
普通处方,0.4,0.3,60,367,105.55,98.77,112.81,0.054,0.0398,通过
普通处方,0.4,0.3,60,368,104.66,98.47,111.24,0.0455,0.0365,通过
普通处方,0.4,0.3,60,369,99.77,92.31,107.82,-0.0023,0.0465,通过
普通处方,0.4,0.3,60,370,98.24,91.81,105.12,-0.0178,0.0405,通过
普通处方,0.4,0.3,60,371,98.88,93.23,104.88,-0.0112,0.0352,通过
普通处方,0.4,0.3,60,372,103.17,96.41,110.39,0.0312,0.0405,通过
普通处方,0.4,0.3,60,373,109.59,102.71,116.94,0.0916,0.0388,通过
普通处方,0.4,0.3,60,374,102.49,95.52,109.96,0.0246,0.0421,通过
普通处方,0.4,0.3,60,375,110.38,102.35,119.05,0.0988,0.0452,通过
普通处方,0.4,0.3,60,376,98.45,92.09,105.26,-0.0156,0.04,通过
普通处方,0.4,0.3,60,377,102.51,96.81,108.53,0.0247,0.0342,通过
普通处方,0.4,0.3,60,378,111.78,104.12,119.99,0.1113,0.0424,通过
普通处方,0.4,0.3,60,379,104.07,96.74,111.96,0.0399,0.0437,通过
普通处方,0.4,0.3,60,380,99.9,93.24,107.02,-0.001,0.0412,通过
普通处方,0.4,0.3,60,381,109.74,103.61,116.25,0.093,0.0344,通过
普通处方,0.4,0.3,60,382,101.26,94.59,108.4,0.0125,0.0408,通过
普通处方,0.4,0.3,60,383,103.44,97.43,109.81,0.0338,0.0358,通过
普通处方,0.4,0.3,60,384,107.64,99.97,115.91,0.0736,0.0443,通过
普通处方,0.4,0.3,60,385,102.57,97.09,108.37,0.0254,0.0329,通过
普通处方,0.4,0.3,60,386,109.08,101.72,116.98,0.087,0.0418,通过
普通处方,0.4,0.3,60,387,102.26,95.81,109.15,0.0224,0.039,通过
普通处方,0.4,0.3,60,388,105.08,98.84,111.72,0.0496,0.0366,通过
普通处方,0.4,0.3,60,389,102.49,95.8,109.66,0.0246,0.0404,通过
普通处方,0.4,0.3,60,390,97.64,91.88,103.77,-0.0239,0.0364,通过
普通处方,0.4,0.3,60,391,103.3,96.83,110.2,0.0324,0.0387,通过
普通处方,0.4,0.3,60,392,104.54,97.08,112.57,0.0444,0.0443,通过
普通处方,0.4,0.3,60,393,106.88,99.39,114.93,0.0665,0.0435,通过
普通处方,0.4,0.3,60,394,101.03,95.04,107.4,0.0103,0.0366,通过
普通处方,0.4,0.3,60,395,105.86,100.36,111.65,0.0569,0.0319,通过
普通处方,0.4,0.3,60,396,102.17,95.87,108.88,0.0215,0.0381,通过
普通处方,0.4,0.3,60,397,109.69,103.03,116.77,0.0924,0.0375,通过
普通处方,0.4,0.3,60,398,110.1,102.25,118.56,0.0962,0.0443,通过
普通处方,0.4,0.3,60,399,104.87,97.61,112.68,0.0476,0.0429,通过
普通处方,0.4,0.3,60,400,105.54,99.05,112.44,0.0539,0.0379,通过
普通处方,0.4,0.3,60,401,106.18,99.72,113.06,0.06,0.0376,通过
普通处方,0.4,0.3,60,402,106.46,100.57,112.7,0.0626,0.0341,通过
普通处方,0.4,0.3,60,403,108.74,100.88,117.21,0.0838,0.0449,通过
普通处方,0.4,0.3,60,404,107.58,101.47,114.06,0.0731,0.035,通过
普通处方,0.4,0.3,60,405,100.19,93.86,106.96,0.0019,0.0391,通过
普通处方,0.4,0.3,60,406,104.27,97.93,111.03,0.0419,0.0375,通过
普通处方,0.4,0.3,60,407,106.2,100.0,112.77,0.0601,0.036,通过
普通处方,0.4,0.3,60,408,112.44,106.06,119.21,0.1172,0.035,通过
普通处方,0.4,0.3,60,409,105.17,98.91,111.83,0.0504,0.0367,通过
普通处方,0.4,0.3,60,410,105.64,99.77,111.85,0.0548,0.0342,通过
普通处方,0.4,0.3,60,411,107.28,101.14,113.79,0.0702,0.0353,通过
普通处方,0.4,0.3,60,412,109.79,101.99,118.18,0.0934,0.0441,通过
普通处方,0.4,0.3,60,413,105.23,98.83,112.04,0.051,0.0375,通过
普通处方,0.4,0.3,60,414,102.84,96.8,109.25,0.028,0.0362,通过
普通处方,0.4,0.3,60,415,106.18,100.1,112.64,0.06,0.0353,通过
普通处方,0.4,0.3,60,416,103.12,96.02,110.74,0.0307,0.0427,通过
普通处方,0.4,0.3,60,417,103.02,96.53,109.94,0.0298,0.0389,通过
普通处方,0.4,0.3,60,418,100.69,94.85,106.89,0.0069,0.0358,通过
普通处方,0.4,0.3,60,419,97.33,90.81,104.31,-0.0271,0.0415,通过
普通处方,0.4,0.3,60,420,103.58,96.9,110.71,0.0351,0.0399,通过
普通处方,0.4,0.3,60,421,102.11,95.71,108.94,0.0209,0.0387,通过
普通处方,0.4,0.3,60,422,103.89,97.07,111.2,0.0382,0.0407,通过
普通处方,0.4,0.3,60,423,98.08,91.66,104.94,-0.0194,0.0405,通过
普通处方,0.4,0.3,60,424,111.65,103.47,120.47,0.1102,0.0455,通过
普通处方,0.4,0.3,60,425,101.43,95.16,108.13,0.0142,0.0382,通过
普通处方,0.4,0.3,60,426,96.94,89.97,104.45,-0.0311,0.0446,通过
普通处方,0.4,0.3,60,427,108.94,102.29,116.03,0.0856,0.0377,通过
普通处方,0.4,0.3,60,428,106.05,98.19,114.53,0.0587,0.046,通过
普通处方,0.4,0.3,60,429,100.47,94.22,107.12,0.0047,0.0384,通过
普通处方,0.4,0.3,60,430,108.48,100.91,116.61,0.0814,0.0433,通过
普通处方,0.4,0.3,60,431,102.93,96.75,109.51,0.0289,0.0371,通过
普通处方,0.4,0.3,60,432,101.83,95.28,108.83,0.0181,0.0398,通过
普通处方,0.4,0.3,60,433,104.12,98.93,109.58,0.0403,0.0306,通过
普通处方,0.4,0.3,60,434,102.63,96.17,109.52,0.0259,0.0389,通过
普通处方,0.4,0.3,60,435,98.53,92.25,105.23,-0.0148,0.0394,通过
普通处方,0.4,0.3,60,436,102.61,95.59,110.14,0.0257,0.0424,通过
普通处方,0.4,0.3,60,437,108.19,102.3,114.42,0.0787,0.0335,通过
普通处方,0.4,0.3,60,438,110.7,103.91,117.93,0.1016,0.0379,通过
普通处方,0.4,0.3,60,439,109.04,102.71,115.76,0.0866,0.0358,通过
普通处方,0.4,0.3,60,440,106.82,99.57,114.61,0.066,0.0421,通过
普通处方,0.4,0.3,60,441,101.93,96.47,107.71,0.0191,0.033,通过
普通处方,0.4,0.3,60,442,106.71,100.03,113.85,0.065,0.0387,通过
普通处方,0.4,0.3,60,443,102.22,96.73,108.01,0.0219,0.033,通过
普通处方,0.4,0.3,60,444,107.14,100.64,114.07,0.069,0.0375,通过
普通处方,0.4,0.3,60,445,110.59,103.83,117.78,0.1006,0.0377,通过
普通处方,0.4,0.3,60,446,95.22,90.32,100.39,-0.049,0.0316,通过
普通处方,0.4,0.3,60,447,108.34,101.75,115.36,0.0801,0.0376,通过
普通处方,0.4,0.3,60,448,100.14,94.65,105.96,0.0014,0.0338,通过
普通处方,0.4,0.3,60,449,108.72,102.32,115.51,0.0836,0.0363,通过
普通处方,0.4,0.3,60,450,98.69,92.71,105.05,-0.0132,0.0374,通过
普通处方,0.4,0.3,60,451,111.47,104.83,118.54,0.1086,0.0368,通过
普通处方,0.4,0.3,60,452,102.91,96.92,109.27,0.0287,0.0359,通过
普通处方,0.4,0.3,60,453,110.64,102.92,118.95,0.1011,0.0433,通过
普通处方,0.4,0.3,60,454,102.63,97.19,108.39,0.026,0.0326,通过
普通处方,0.4,0.3,60,455,112.55,104.84,120.82,0.1182,0.0424,通过
普通处方,0.4,0.3,60,456,108.37,101.96,115.19,0.0804,0.0365,通过
普通处方,0.4,0.3,60,457,105.35,99.12,111.96,0.0521,0.0364,通过
普通处方,0.4,0.3,60,458,107.91,100.54,115.81,0.0761,0.0423,通过
普通处方,0.4,0.3,60,459,105.92,100.13,112.06,0.0576,0.0337,通过
普通处方,0.4,0.3,60,460,99.92,94.12,106.07,-0.0008,0.0357,通过
普通处方,0.4,0.3,60,461,102.72,96.83,108.96,0.0268,0.0353,通过
普通处方,0.4,0.3,60,462,100.81,94.76,107.24,0.0081,0.037,通过
普通处方,0.4,0.3,60,463,102.6,96.65,108.92,0.0257,0.0358,通过
普通处方,0.4,0.3,60,464,108.95,101.04,117.48,0.0857,0.0451,通过
普通处方,0.4,0.3,60,465,94.9,90.05,100.01,-0.0524,0.0314,通过
普通处方,0.4,0.3,60,466,104.03,97.55,110.93,0.0395,0.0384,通过
普通处方,0.4,0.3,60,467,108.61,102.05,115.59,0.0826,0.0373,通过
普通处方,0.4,0.3,60,468,109.18,102.76,115.99,0.0878,0.0362,通过
普通处方,0.4,0.3,60,469,106.38,99.93,113.25,0.0619,0.0374,通过
普通处方,0.4,0.3,60,470,99.1,93.07,105.53,-0.009,0.0376,通过
普通处方,0.4,0.3,60,471,102.03,96.29,108.11,0.0201,0.0347,通过
普通处方,0.4,0.3,60,472,109.84,103.79,116.24,0.0938,0.0339,通过
普通处方,0.4,0.3,60,473,112.02,105.12,119.36,0.1135,0.038,通过
普通处方,0.4,0.3,60,474,111.72,104.78,119.12,0.1108,0.0384,通过
普通处方,0.4,0.3,60,475,100.65,94.17,107.57,0.0065,0.0398,通过
普通处方,0.4,0.3,60,476,105.91,99.55,112.68,0.0574,0.0371,通过
普通处方,0.4,0.3,60,477,111.14,104.47,118.24,0.1057,0.0371,通过
普通处方,0.4,0.3,60,478,104.15,98.56,110.06,0.0406,0.033,通过
普通处方,0.4,0.3,60,479,106.06,100.16,112.29,0.0588,0.0342,通过
普通处方,0.4,0.3,60,480,94.41,88.85,100.32,-0.0575,0.0363,通过
普通处方,0.4,0.3,60,481,102.27,95.66,109.34,0.0225,0.04,通过
普通处方,0.4,0.3,60,482,96.8,90.68,103.33,-0.0325,0.0391,通过
普通处方,0.4,0.3,60,483,103.98,98.0,110.32,0.039,0.0354,通过
普通处方,0.4,0.3,60,484,100.17,93.66,107.13,0.0017,0.0402,通过
普通处方,0.4,0.3,60,485,104.2,97.87,110.93,0.0411,0.0375,通过
普通处方,0.4,0.3,60,486,105.69,99.04,112.78,0.0553,0.0388,通过
普通处方,0.4,0.3,60,487,98.84,93.19,104.83,-0.0117,0.0352,通过
普通处方,0.4,0.3,60,488,105.04,98.84,111.62,0.0492,0.0364,通过
普通处方,0.4,0.3,60,489,100.37,94.02,107.14,0.0036,0.0391,通过
普通处方,0.4,0.3,60,490,113.94,107.84,120.39,0.1305,0.0329,通过
普通处方,0.4,0.3,60,491,106.08,100.35,112.13,0.059,0.0332,通过
普通处方,0.4,0.3,60,492,109.44,101.25,118.29,0.0902,0.0465,通过
普通处方,0.4,0.3,60,493,104.63,97.04,112.82,0.0453,0.0451,通过
普通处方,0.4,0.3,60,494,108.31,101.74,115.3,0.0798,0.0374,通过
普通处方,0.4,0.3,60,495,99.18,91.96,106.97,-0.0082,0.0452,通过
普通处方,0.4,0.3,60,496,105.27,99.26,111.64,0.0513,0.0352,通过
普通处方,0.4,0.3,60,497,97.14,91.21,103.46,-0.029,0.0377,通过
普通处方,0.4,0.3,60,498,107.73,100.87,115.05,0.0744,0.0393,通过
普通处方,0.4,0.3,60,499,104.66,98.98,110.65,0.0455,0.0334,通过
普通处方,0.4,0.3,60,500,99.27,94.33,104.47,-0.0073,0.0306,通过
普通处方,0.4,0.3,80,1,106.15,99.73,112.98,0.0597,0.0375,通过
普通处方,0.4,0.3,80,2,110.41,104.5,116.65,0.099,0.0331,通过
普通处方,0.4,0.3,80,3,112.12,105.55,119.1,0.1144,0.0363,通过
普通处方,0.4,0.3,80,4,110.52,104.16,117.27,0.1,0.0356,通过
普通处方,0.4,0.3,80,5,113.17,107.63,118.98,0.1237,0.0301,通过
普通处方,0.4,0.3,80,6,106.98,101.13,113.16,0.0674,0.0338,通过
普通处方,0.4,0.3,80,7,104.55,99.43,109.93,0.0445,0.0302,通过
普通处方,0.4,0.3,80,8,105.13,99.47,111.11,0.05,0.0332,通过
普通处方,0.4,0.3,80,9,98.0,92.42,103.93,-0.0202,0.0353,通过
普通处方,0.4,0.3,80,10,102.37,96.45,108.65,0.0234,0.0358,通过
普通处方,0.4,0.3,80,11,106.0,99.55,112.87,0.0582,0.0377,通过
普通处方,0.4,0.3,80,12,105.62,99.51,112.1,0.0546,0.0358,通过
普通处方,0.4,0.3,80,13,102.08,96.89,107.54,0.0205,0.0313,通过
普通处方,0.4,0.3,80,14,104.23,99.15,109.57,0.0414,0.03,通过
普通处方,0.4,0.3,80,15,103.26,97.47,109.4,0.0321,0.0347,通过
普通处方,0.4,0.3,80,16,99.61,93.93,105.63,-0.0039,0.0353,通过
普通处方,0.4,0.3,80,17,104.93,98.94,111.27,0.0481,0.0353,通过
普通处方,0.4,0.3,80,18,108.84,102.99,115.02,0.0847,0.0332,通过
普通处方,0.4,0.3,80,19,104.66,98.82,110.86,0.0456,0.0345,通过
普通处方,0.4,0.3,80,20,101.48,95.92,107.36,0.0147,0.0339,通过
普通处方,0.4,0.3,80,21,102.27,95.8,109.18,0.0225,0.0393,通过
普通处方,0.4,0.3,80,22,102.29,96.28,108.67,0.0226,0.0364,通过
普通处方,0.4,0.3,80,23,100.53,95.14,106.23,0.0053,0.0331,通过
普通处方,0.4,0.3,80,24,107.59,101.94,113.55,0.0731,0.0324,通过
普通处方,0.4,0.3,80,25,105.43,100.46,110.65,0.0529,0.029,通过
普通处方,0.4,0.3,80,26,102.34,96.58,108.45,0.0232,0.0348,通过
普通处方,0.4,0.3,80,27,113.31,107.23,119.74,0.125,0.0331,通过
普通处方,0.4,0.3,80,28,103.35,97.91,109.09,0.033,0.0325,通过
普通处方,0.4,0.3,80,29,99.58,94.72,104.7,-0.0042,0.0301,通过
普通处方,0.4,0.3,80,30,104.78,98.8,111.12,0.0467,0.0353,通过
普通处方,0.4,0.3,80,31,107.2,100.9,113.89,0.0695,0.0364,通过
普通处方,0.4,0.3,80,32,99.59,94.17,105.33,-0.0041,0.0337,通过
普通处方,0.4,0.3,80,33,109.68,103.56,116.16,0.0924,0.0345,通过
普通处方,0.4,0.3,80,34,101.02,95.67,106.68,0.0102,0.0327,通过
普通处方,0.4,0.3,80,35,104.81,99.6,110.31,0.047,0.0307,通过
普通处方,0.4,0.3,80,36,105.22,99.53,111.24,0.0509,0.0334,通过
普通处方,0.4,0.3,80,37,105.19,99.11,111.64,0.0506,0.0358,通过
普通处方,0.4,0.3,80,38,100.66,95.33,106.29,0.0066,0.0327,通过
普通处方,0.4,0.3,80,39,109.23,103.41,115.36,0.0883,0.0329,通过
普通处方,0.4,0.3,80,40,107.19,101.21,113.51,0.0694,0.0345,通过
普通处方,0.4,0.3,80,41,106.78,101.5,112.33,0.0656,0.0305,通过
普通处方,0.4,0.3,80,42,102.5,97.06,108.25,0.0247,0.0328,通过
普通处方,0.4,0.3,80,43,101.83,97.02,106.87,0.0181,0.029,通过
普通处方,0.4,0.3,80,44,101.27,96.04,106.78,0.0126,0.0319,通过
普通处方,0.4,0.3,80,45,107.06,101.51,112.9,0.0682,0.032,通过
普通处方,0.4,0.3,80,46,102.33,96.9,108.07,0.023,0.0328,通过
普通处方,0.4,0.3,80,47,104.26,98.44,110.43,0.0418,0.0345,通过
普通处方,0.4,0.3,80,48,102.91,97.74,108.36,0.0287,0.031,通过
普通处方,0.4,0.3,80,49,105.98,100.26,112.04,0.0581,0.0334,通过
普通处方,0.4,0.3,80,50,107.68,102.73,112.87,0.074,0.0283,通过
普通处方,0.4,0.3,80,51,101.62,96.16,107.38,0.016,0.0332,通过
普通处方,0.4,0.3,80,52,104.1,98.74,109.76,0.0402,0.0318,通过
普通处方,0.4,0.3,80,53,105.07,99.21,111.27,0.0495,0.0345,通过
普通处方,0.4,0.3,80,54,103.86,98.64,109.35,0.0378,0.031,通过
普通处方,0.4,0.3,80,55,104.34,98.49,110.54,0.0425,0.0347,通过
普通处方,0.4,0.3,80,56,107.39,102.21,112.83,0.0713,0.0297,通过
普通处方,0.4,0.3,80,57,110.62,103.99,117.68,0.101,0.0371,通过
普通处方,0.4,0.3,80,58,108.42,102.53,114.64,0.0808,0.0335,通过
普通处方,0.4,0.3,80,59,108.41,102.25,114.95,0.0808,0.0352,通过
普通处方,0.4,0.3,80,60,102.6,97.09,108.41,0.0256,0.0331,通过
普通处方,0.4,0.3,80,61,104.47,98.67,110.6,0.0437,0.0343,通过
普通处方,0.4,0.3,80,62,108.23,102.4,114.4,0.0791,0.0333,通过
普通处方,0.4,0.3,80,63,109.05,103.8,114.57,0.0867,0.0296,通过
普通处方,0.4,0.3,80,64,105.3,99.78,111.13,0.0517,0.0324,通过
普通处方,0.4,0.3,80,65,103.78,98.41,109.43,0.0371,0.0319,通过
普通处方,0.4,0.3,80,66,105.1,99.12,111.44,0.0498,0.0352,通过
普通处方,0.4,0.3,80,67,99.67,95.27,104.28,-0.0033,0.0272,通过
普通处方,0.4,0.3,80,68,110.96,104.98,117.28,0.104,0.0333,通过
普通处方,0.4,0.3,80,69,106.48,100.96,112.31,0.0628,0.032,通过
普通处方,0.4,0.3,80,70,103.29,97.52,109.41,0.0324,0.0346,通过
普通处方,0.4,0.3,80,71,108.61,103.2,114.31,0.0826,0.0307,通过
普通处方,0.4,0.3,80,72,105.39,99.49,111.64,0.0525,0.0346,通过
普通处方,0.4,0.3,80,73,111.82,105.79,118.2,0.1117,0.0333,通过
普通处方,0.4,0.3,80,74,105.03,99.38,111.01,0.0491,0.0333,通过
普通处方,0.4,0.3,80,75,104.93,99.43,110.75,0.0482,0.0324,通过
普通处方,0.4,0.3,80,76,103.82,98.3,109.66,0.0375,0.0329,通过
普通处方,0.4,0.3,80,77,104.3,98.76,110.15,0.0421,0.0328,通过
普通处方,0.4,0.3,80,78,101.44,96.11,107.06,0.0143,0.0324,通过
普通处方,0.4,0.3,80,79,103.26,98.15,108.63,0.0321,0.0305,通过
普通处方,0.4,0.3,80,80,102.92,97.69,108.42,0.0287,0.0313,通过
普通处方,0.4,0.3,80,81,99.62,94.03,105.53,-0.0038,0.0347,通过
普通处方,0.4,0.3,80,82,105.55,100.46,110.89,0.054,0.0297,通过
普通处方,0.4,0.3,80,83,108.81,103.43,114.47,0.0844,0.0305,通过
普通处方,0.4,0.3,80,84,104.89,99.52,110.56,0.0478,0.0316,通过
普通处方,0.4,0.3,80,85,101.46,95.84,107.42,0.0145,0.0343,通过
普通处方,0.4,0.3,80,86,107.3,101.14,113.85,0.0705,0.0356,通过
普通处方,0.4,0.3,80,87,100.43,94.51,106.72,0.0043,0.0365,通过
普通处方,0.4,0.3,80,88,105.16,99.57,111.07,0.0503,0.0328,通过
普通处方,0.4,0.3,80,89,110.97,104.86,117.44,0.1041,0.034,通过
普通处方,0.4,0.3,80,90,104.95,98.88,111.39,0.0483,0.0358,通过
普通处方,0.4,0.3,80,91,101.81,95.68,108.35,0.018,0.0374,通过
普通处方,0.4,0.3,80,92,101.73,96.09,107.71,0.0172,0.0343,通过
普通处方,0.4,0.3,80,93,99.1,94.26,104.2,-0.009,0.0301,通过
普通处方,0.4,0.3,80,94,101.35,96.43,106.53,0.0134,0.0299,通过
普通处方,0.4,0.3,80,95,101.51,95.67,107.7,0.015,0.0356,通过
普通处方,0.4,0.3,80,96,106.04,100.8,111.55,0.0586,0.0304,通过
普通处方,0.4,0.3,80,97,103.68,98.59,109.02,0.0361,0.0302,通过
普通处方,0.4,0.3,80,98,106.86,101.21,112.82,0.0663,0.0326,通过
普通处方,0.4,0.3,80,99,103.36,98.13,108.86,0.033,0.0312,通过
普通处方,0.4,0.3,80,100,105.56,100.77,110.56,0.0541,0.0279,通过
普通处方,0.4,0.3,80,101,102.89,97.6,108.47,0.0285,0.0317,通过
普通处方,0.4,0.3,80,102,100.73,95.28,106.5,0.0073,0.0334,通过
普通处方,0.4,0.3,80,103,103.23,97.69,109.07,0.0318,0.0331,通过
普通处方,0.4,0.3,80,104,104.5,98.85,110.47,0.044,0.0334,通过
普通处方,0.4,0.3,80,105,101.37,95.87,107.19,0.0136,0.0335,通过
普通处方,0.4,0.3,80,106,105.31,99.23,111.76,0.0517,0.0357,通过
普通处方,0.4,0.3,80,107,109.66,103.72,115.95,0.0922,0.0335,通过
普通处方,0.4,0.3,80,108,102.35,96.94,108.07,0.0233,0.0326,通过
普通处方,0.4,0.3,80,109,106.19,99.97,112.8,0.0601,0.0363,通过
普通处方,0.4,0.3,80,110,103.81,98.4,109.51,0.0374,0.0321,通过
普通处方,0.4,0.3,80,111,105.69,100.1,111.59,0.0553,0.0327,通过
普通处方,0.4,0.3,80,112,104.57,98.76,110.72,0.0447,0.0344,通过
普通处方,0.4,0.3,80,113,100.66,93.85,107.96,0.0066,0.0421,通过
普通处方,0.4,0.3,80,114,102.27,96.97,107.85,0.0224,0.0319,通过
普通处方,0.4,0.3,80,115,106.26,100.49,112.36,0.0607,0.0335,通过
普通处方,0.4,0.3,80,116,97.09,92.79,101.58,-0.0296,0.0272,通过
普通处方,0.4,0.3,80,117,109.35,103.28,115.78,0.0894,0.0343,通过
普通处方,0.4,0.3,80,118,103.48,98.31,108.91,0.0342,0.0308,通过
普通处方,0.4,0.3,80,119,103.56,97.99,109.44,0.035,0.0332,通过
普通处方,0.4,0.3,80,120,106.45,100.72,112.51,0.0625,0.0332,通过
普通处方,0.4,0.3,80,121,102.69,97.1,108.59,0.0265,0.0336,通过
普通处方,0.4,0.3,80,122,106.46,100.56,112.72,0.0626,0.0343,通过
普通处方,0.4,0.3,80,123,107.73,102.35,113.4,0.0745,0.0308,通过
普通处方,0.4,0.3,80,124,103.56,98.27,109.13,0.0349,0.0315,通过
普通处方,0.4,0.3,80,125,109.14,102.65,116.05,0.0875,0.0369,通过
普通处方,0.4,0.3,80,126,104.92,98.58,111.66,0.048,0.0374,通过
普通处方,0.4,0.3,80,127,109.96,104.2,116.03,0.0949,0.0323,通过
普通处方,0.4,0.3,80,128,104.16,98.5,110.15,0.0408,0.0336,通过
普通处方,0.4,0.3,80,129,99.32,94.37,104.54,-0.0068,0.0308,通过
普通处方,0.4,0.3,80,130,103.7,98.0,109.73,0.0364,0.034,通过
普通处方,0.4,0.3,80,131,100.24,94.49,106.34,0.0024,0.0355,通过
普通处方,0.4,0.3,80,132,102.77,96.66,109.27,0.0273,0.0368,通过
普通处方,0.4,0.3,80,133,100.92,95.63,106.51,0.0092,0.0324,通过
普通处方,0.4,0.3,80,134,112.31,105.87,119.14,0.1161,0.0355,通过
普通处方,0.4,0.3,80,135,103.62,98.48,109.02,0.0355,0.0306,通过
普通处方,0.4,0.3,80,136,105.45,99.7,111.54,0.0531,0.0337,通过
普通处方,0.4,0.3,80,137,107.42,101.62,113.55,0.0716,0.0334,通过
普通处方,0.4,0.3,80,138,101.13,95.48,107.11,0.0112,0.0345,通过
普通处方,0.4,0.3,80,139,100.57,95.14,106.32,0.0057,0.0334,通过
普通处方,0.4,0.3,80,140,108.6,103.06,114.43,0.0825,0.0314,通过
普通处方,0.4,0.3,80,141,99.63,95.13,104.34,-0.0037,0.0278,通过
普通处方,0.4,0.3,80,142,106.47,100.37,112.94,0.0627,0.0354,通过
普通处方,0.4,0.3,80,143,107.51,101.9,113.43,0.0724,0.0322,通过
普通处方,0.4,0.3,80,144,105.78,99.62,112.33,0.0562,0.0361,通过
普通处方,0.4,0.3,80,145,110.68,104.33,117.41,0.1015,0.0355,通过
普通处方,0.4,0.3,80,146,102.93,97.69,108.45,0.0289,0.0314,通过
普通处方,0.4,0.3,80,147,96.26,90.45,102.44,-0.0381,0.0374,通过
普通处方,0.4,0.3,80,148,103.5,98.17,109.12,0.0344,0.0318,通过
普通处方,0.4,0.3,80,149,103.14,97.51,109.1,0.0309,0.0337,通过
普通处方,0.4,0.3,80,150,103.14,97.51,109.1,0.031,0.0337,通过
普通处方,0.4,0.3,80,151,101.38,95.69,107.41,0.0137,0.0347,通过
普通处方,0.4,0.3,80,152,101.71,95.94,107.83,0.017,0.0351,通过
普通处方,0.4,0.3,80,153,103.58,98.12,109.34,0.0351,0.0325,通过
普通处方,0.4,0.3,80,154,106.93,101.95,112.15,0.067,0.0287,通过
普通处方,0.4,0.3,80,155,105.0,99.49,110.82,0.0488,0.0324,通过
普通处方,0.4,0.3,80,156,105.07,99.76,110.67,0.0495,0.0312,通过
普通处方,0.4,0.3,80,157,104.09,98.98,109.47,0.0401,0.0303,通过
普通处方,0.4,0.3,80,158,103.72,98.93,108.74,0.0365,0.0284,通过
普通处方,0.4,0.3,80,159,101.04,95.32,107.1,0.0103,0.035,通过
普通处方,0.4,0.3,80,160,103.01,96.71,109.72,0.0297,0.0379,通过
普通处方,0.4,0.3,80,161,101.78,96.01,107.9,0.0177,0.0351,通过
普通处方,0.4,0.3,80,162,104.54,98.98,110.4,0.0444,0.0328,通过
普通处方,0.4,0.3,80,163,101.74,96.37,107.41,0.0172,0.0326,通过
普通处方,0.4,0.3,80,164,102.53,97.34,107.99,0.025,0.0312,通过
普通处方,0.4,0.3,80,165,108.96,102.58,115.74,0.0858,0.0363,通过
普通处方,0.4,0.3,80,166,100.0,94.49,105.84,0.0,0.0341,通过
普通处方,0.4,0.3,80,167,104.72,99.32,110.42,0.0461,0.0318,通过
普通处方,0.4,0.3,80,168,107.49,101.48,113.85,0.0722,0.0346,通过
普通处方,0.4,0.3,80,169,100.68,95.24,106.44,0.0068,0.0334,通过
普通处方,0.4,0.3,80,170,103.53,97.75,109.66,0.0347,0.0345,通过
普通处方,0.4,0.3,80,171,102.67,97.04,108.61,0.0263,0.0338,通过
普通处方,0.4,0.3,80,172,103.45,98.32,108.85,0.0339,0.0306,通过
普通处方,0.4,0.3,80,173,104.98,99.59,110.66,0.0486,0.0317,通过
普通处方,0.4,0.3,80,174,98.65,93.45,104.15,-0.0135,0.0326,通过
普通处方,0.4,0.3,80,175,102.1,96.97,107.5,0.0207,0.031,通过
普通处方,0.4,0.3,80,176,102.1,96.5,108.02,0.0208,0.0339,通过
普通处方,0.4,0.3,80,177,103.94,98.06,110.17,0.0386,0.035,通过
普通处方,0.4,0.3,80,178,102.33,96.95,108.0,0.023,0.0324,通过
普通处方,0.4,0.3,80,179,98.49,93.77,103.44,-0.0152,0.0295,通过
普通处方,0.4,0.3,80,180,109.35,102.99,116.11,0.0894,0.036,通过
普通处方,0.4,0.3,80,181,110.43,104.93,116.22,0.0992,0.0307,通过
普通处方,0.4,0.3,80,182,106.47,100.77,112.49,0.0627,0.0331,通过
普通处方,0.4,0.3,80,183,103.31,97.61,109.34,0.0326,0.0341,通过
普通处方,0.4,0.3,80,184,102.11,95.77,108.87,0.0209,0.0385,通过
普通处方,0.4,0.3,80,185,102.99,98.48,107.7,0.0295,0.0269,通过
普通处方,0.4,0.3,80,186,105.67,99.72,111.98,0.0551,0.0348,通过
普通处方,0.4,0.3,80,187,105.96,100.69,111.51,0.0579,0.0307,通过
普通处方,0.4,0.3,80,188,102.59,97.2,108.28,0.0255,0.0324,通过
普通处方,0.4,0.3,80,189,106.52,101.0,112.35,0.0632,0.032,通过
普通处方,0.4,0.3,80,190,101.93,96.25,107.94,0.0191,0.0344,通过
普通处方,0.4,0.3,80,191,107.04,101.12,113.31,0.0681,0.0342,通过
普通处方,0.4,0.3,80,192,101.57,96.18,107.28,0.0156,0.0328,通过
普通处方,0.4,0.3,80,193,103.06,97.5,108.94,0.0301,0.0333,通过
普通处方,0.4,0.3,80,194,109.7,103.55,116.2,0.0925,0.0346,通过
普通处方,0.4,0.3,80,195,103.19,97.67,109.02,0.0314,0.033,通过
普通处方,0.4,0.3,80,196,106.73,101.58,112.14,0.0651,0.0297,通过
普通处方,0.4,0.3,80,197,103.86,98.28,109.75,0.0378,0.0332,通过
普通处方,0.4,0.3,80,198,107.76,101.32,114.61,0.0748,0.037,通过
普通处方,0.4,0.3,80,199,103.75,98.19,109.62,0.0368,0.0331,通过
普通处方,0.4,0.3,80,200,100.64,94.44,107.26,0.0064,0.0382,通过
普通处方,0.4,0.3,80,201,105.54,100.35,111.0,0.0539,0.0303,通过
普通处方,0.4,0.3,80,202,102.19,97.6,106.99,0.0216,0.0276,通过
普通处方,0.4,0.3,80,203,110.61,105.0,116.53,0.1009,0.0313,通过
普通处方,0.4,0.3,80,204,100.09,95.12,105.33,0.0009,0.0306,通过
普通处方,0.4,0.3,80,205,104.5,98.22,111.18,0.044,0.0372,通过
普通处方,0.4,0.3,80,206,108.11,101.55,115.09,0.078,0.0376,通过
普通处方,0.4,0.3,80,207,107.18,101.7,112.95,0.0693,0.0315,通过
普通处方,0.4,0.3,80,208,100.9,95.88,106.18,0.0089,0.0307,通过
普通处方,0.4,0.3,80,209,105.93,99.42,112.87,0.0576,0.0381,通过
普通处方,0.4,0.3,80,210,103.34,97.56,109.46,0.0329,0.0346,通过
普通处方,0.4,0.3,80,211,102.42,98.5,106.49,0.0239,0.0234,通过
普通处方,0.4,0.3,80,212,98.74,93.55,104.22,-0.0127,0.0324,通过
普通处方,0.4,0.3,80,213,100.06,94.5,105.95,0.0006,0.0344,通过
普通处方,0.4,0.3,80,214,100.74,95.8,105.93,0.0074,0.0302,通过
普通处方,0.4,0.3,80,215,107.93,102.19,113.99,0.0763,0.0328,通过
普通处方,0.4,0.3,80,216,100.87,94.91,107.2,0.0087,0.0366,通过
普通处方,0.4,0.3,80,217,107.48,101.17,114.19,0.0721,0.0364,通过
普通处方,0.4,0.3,80,218,105.38,99.65,111.43,0.0524,0.0336,通过
普通处方,0.4,0.3,80,219,102.77,97.88,107.9,0.0273,0.0293,通过
普通处方,0.4,0.3,80,220,100.31,95.6,105.25,0.0031,0.0289,通过
普通处方,0.4,0.3,80,221,104.56,98.02,111.52,0.0445,0.0388,通过
普通处方,0.4,0.3,80,222,105.93,100.29,111.9,0.0576,0.0329,通过
普通处方,0.4,0.3,80,223,107.73,101.51,114.34,0.0745,0.0357,通过
普通处方,0.4,0.3,80,224,100.43,95.74,105.36,0.0043,0.0288,通过
普通处方,0.4,0.3,80,225,111.99,106.69,117.56,0.1133,0.0292,通过
普通处方,0.4,0.3,80,226,102.02,96.14,108.26,0.02,0.0357,通过
普通处方,0.4,0.3,80,227,102.94,97.07,109.17,0.029,0.0353,通过
普通处方,0.4,0.3,80,228,105.55,100.08,111.32,0.0541,0.032,通过
普通处方,0.4,0.3,80,229,106.8,100.65,113.33,0.0658,0.0356,通过
普通处方,0.4,0.3,80,230,104.44,98.76,110.45,0.0434,0.0336,通过
普通处方,0.4,0.3,80,231,109.39,103.25,115.9,0.0898,0.0347,通过
普通处方,0.4,0.3,80,232,103.33,96.79,110.32,0.0328,0.0393,通过
普通处方,0.4,0.3,80,233,99.79,94.36,105.53,-0.0021,0.0336,通过
普通处方,0.4,0.3,80,234,101.74,96.4,107.37,0.0172,0.0324,通过
普通处方,0.4,0.3,80,235,106.78,100.67,113.26,0.0656,0.0354,通过
普通处方,0.4,0.3,80,236,101.09,95.57,106.91,0.0108,0.0337,通过
普通处方,0.4,0.3,80,237,103.62,97.34,110.3,0.0355,0.0375,通过
普通处方,0.4,0.3,80,238,101.03,96.15,106.15,0.0102,0.0297,通过
普通处方,0.4,0.3,80,239,109.01,103.2,115.15,0.0862,0.0329,通过
普通处方,0.4,0.3,80,240,106.9,101.28,112.83,0.0667,0.0325,通过
普通处方,0.4,0.3,80,241,109.09,102.64,115.94,0.087,0.0366,通过
普通处方,0.4,0.3,80,242,104.74,98.98,110.85,0.0463,0.034,通过
普通处方,0.4,0.3,80,243,100.77,95.6,106.21,0.0076,0.0316,通过
普通处方,0.4,0.3,80,244,109.12,102.67,115.97,0.0873,0.0366,通过
普通处方,0.4,0.3,80,245,102.16,96.9,107.7,0.0213,0.0318,通过
普通处方,0.4,0.3,80,246,108.12,102.37,114.19,0.0781,0.0328,通过
普通处方,0.4,0.3,80,247,108.39,102.75,114.35,0.0806,0.0321,通过
普通处方,0.4,0.3,80,248,103.84,98.38,109.61,0.0377,0.0325,通过
普通处方,0.4,0.3,80,249,103.12,97.26,109.33,0.0307,0.0351,通过
普通处方,0.4,0.3,80,250,102.19,96.71,107.98,0.0217,0.0331,通过
普通处方,0.4,0.3,80,251,114.55,108.42,121.02,0.1358,0.033,通过
普通处方,0.4,0.3,80,252,102.83,97.8,108.11,0.0279,0.0301,通过
普通处方,0.4,0.3,80,253,101.56,96.85,106.5,0.0155,0.0285,通过
普通处方,0.4,0.3,80,254,108.53,103.0,114.35,0.0818,0.0314,通过
普通处方,0.4,0.3,80,255,105.61,100.27,111.23,0.0546,0.0312,通过
普通处方,0.4,0.3,80,256,95.15,90.24,100.33,-0.0497,0.0318,通过
普通处方,0.4,0.3,80,257,105.11,99.81,110.69,0.0498,0.0311,通过
普通处方,0.4,0.3,80,258,100.06,94.53,105.93,0.0006,0.0342,通过
普通处方,0.4,0.3,80,259,103.51,98.23,109.07,0.0345,0.0314,通过
普通处方,0.4,0.3,80,260,106.8,101.26,112.64,0.0658,0.032,通过
普通处方,0.4,0.3,80,261,109.14,103.23,115.39,0.0875,0.0335,通过
普通处方,0.4,0.3,80,262,101.34,95.06,108.02,0.0133,0.0384,通过
普通处方,0.4,0.3,80,263,105.19,99.43,111.28,0.0506,0.0338,通过
普通处方,0.4,0.3,80,264,104.88,97.96,112.28,0.0476,0.041,通过
普通处方,0.4,0.3,80,265,103.33,98.36,108.56,0.0328,0.0296,通过
普通处方,0.4,0.3,80,266,105.07,100.01,110.39,0.0495,0.0297,通过
普通处方,0.4,0.3,80,267,107.55,101.21,114.29,0.0728,0.0365,通过
普通处方,0.4,0.3,80,268,97.69,92.69,102.96,-0.0234,0.0316,通过
普通处方,0.4,0.3,80,269,110.07,104.93,115.46,0.096,0.0287,通过
普通处方,0.4,0.3,80,270,104.29,98.92,109.94,0.042,0.0317,通过
普通处方,0.4,0.3,80,271,105.51,99.26,112.16,0.0537,0.0367,通过
普通处方,0.4,0.3,80,272,102.54,97.24,108.14,0.0251,0.0319,通过
普通处方,0.4,0.3,80,273,104.59,99.03,110.46,0.0449,0.0328,通过
普通处方,0.4,0.3,80,274,98.74,93.48,104.29,-0.0127,0.0329,通过
普通处方,0.4,0.3,80,275,100.63,95.72,105.79,0.0062,0.0301,通过
普通处方,0.4,0.3,80,276,105.92,100.25,111.9,0.0575,0.033,通过
普通处方,0.4,0.3,80,277,107.96,102.99,113.18,0.0766,0.0284,通过
普通处方,0.4,0.3,80,278,103.34,97.97,109.01,0.0329,0.0321,通过
普通处方,0.4,0.3,80,279,107.3,102.23,112.62,0.0705,0.0291,通过
普通处方,0.4,0.3,80,280,106.22,100.77,111.97,0.0603,0.0317,通过
普通处方,0.4,0.3,80,281,102.1,96.56,107.97,0.0208,0.0336,通过
普通处方,0.4,0.3,80,282,107.99,102.42,113.87,0.0769,0.0318,通过
普通处方,0.4,0.3,80,283,104.24,99.17,109.56,0.0415,0.0299,通过
普通处方,0.4,0.3,80,284,99.41,93.68,105.49,-0.0059,0.0357,通过
普通处方,0.4,0.3,80,285,102.43,96.73,108.47,0.024,0.0344,通过
普通处方,0.4,0.3,80,286,101.94,96.65,107.51,0.0192,0.032,通过
普通处方,0.4,0.3,80,287,104.73,99.42,110.32,0.0462,0.0313,通过
普通处方,0.4,0.3,80,288,103.26,97.65,109.2,0.0321,0.0336,通过
普通处方,0.4,0.3,80,289,103.71,98.47,109.24,0.0365,0.0312,通过
普通处方,0.4,0.3,80,290,99.94,93.58,106.72,-0.0006,0.0395,通过
普通处方,0.4,0.3,80,291,111.76,105.3,118.61,0.1112,0.0358,通过
普通处方,0.4,0.3,80,292,98.37,93.3,103.72,-0.0164,0.0318,通过
普通处方,0.4,0.3,80,293,109.97,104.05,116.22,0.095,0.0332,通过
普通处方,0.4,0.3,80,294,105.38,99.09,112.07,0.0524,0.037,通过
普通处方,0.4,0.3,80,295,105.19,99.66,111.02,0.0506,0.0324,通过
普通处方,0.4,0.3,80,296,107.38,101.61,113.48,0.0712,0.0332,通过
普通处方,0.4,0.3,80,297,104.26,98.36,110.52,0.0417,0.035,通过
普通处方,0.4,0.3,80,298,102.07,95.46,109.13,0.0205,0.0402,通过
普通处方,0.4,0.3,80,299,105.69,100.63,111.0,0.0553,0.0295,通过
普通处方,0.4,0.3,80,300,101.89,95.58,108.61,0.0187,0.0384,通过
普通处方,0.4,0.3,80,301,103.71,97.54,110.26,0.0364,0.0368,通过
普通处方,0.4,0.3,80,302,103.4,97.19,110.0,0.0334,0.0372,通过
普通处方,0.4,0.3,80,303,104.79,98.83,111.1,0.0468,0.0352,通过
普通处方,0.4,0.3,80,304,101.37,96.17,106.85,0.0136,0.0316,通过
普通处方,0.4,0.3,80,305,102.37,97.61,107.36,0.0234,0.0286,通过
普通处方,0.4,0.3,80,306,106.83,101.03,112.96,0.066,0.0335,通过
普通处方,0.4,0.3,80,307,100.61,95.58,105.91,0.0061,0.0309,通过
普通处方,0.4,0.3,80,308,105.32,99.65,111.32,0.0519,0.0333,通过
普通处方,0.4,0.3,80,309,102.59,96.27,109.33,0.0256,0.0382,通过
普通处方,0.4,0.3,80,310,104.96,99.01,111.26,0.0484,0.0351,通过
普通处方,0.4,0.3,80,311,98.99,93.19,105.16,-0.0101,0.0363,通过
普通处方,0.4,0.3,80,312,106.52,100.56,112.84,0.0632,0.0346,通过
普通处方,0.4,0.3,80,313,108.17,101.96,114.76,0.0785,0.0355,通过
普通处方,0.4,0.3,80,314,105.32,99.26,111.76,0.0519,0.0357,通过
普通处方,0.4,0.3,80,315,104.8,99.11,110.8,0.0468,0.0335,通过
普通处方,0.4,0.3,80,316,106.86,100.92,113.16,0.0664,0.0344,通过
普通处方,0.4,0.3,80,317,104.6,99.25,110.23,0.0449,0.0315,通过
普通处方,0.4,0.3,80,318,103.78,98.19,109.68,0.0371,0.0332,通过
普通处方,0.4,0.3,80,319,101.62,96.41,107.1,0.016,0.0316,通过
普通处方,0.4,0.3,80,320,103.82,98.11,109.85,0.0375,0.034,通过
普通处方,0.4,0.3,80,321,104.29,98.9,109.97,0.042,0.0319,通过
普通处方,0.4,0.3,80,322,103.26,98.01,108.79,0.0321,0.0313,通过
普通处方,0.4,0.3,80,323,104.65,98.28,111.44,0.0455,0.0378,通过
普通处方,0.4,0.3,80,324,107.62,102.15,113.39,0.0735,0.0313,通过
普通处方,0.4,0.3,80,325,106.83,101.65,112.27,0.0661,0.0298,通过
普通处方,0.4,0.3,80,326,104.36,98.49,110.58,0.0427,0.0348,通过
普通处方,0.4,0.3,80,327,105.86,100.35,111.67,0.0569,0.0321,通过
普通处方,0.4,0.3,80,328,106.61,101.15,112.36,0.064,0.0316,通过
普通处方,0.4,0.3,80,329,99.79,94.28,105.62,-0.0021,0.0341,通过
普通处方,0.4,0.3,80,330,100.13,94.79,105.77,0.0013,0.0329,通过
普通处方,0.4,0.3,80,331,110.02,103.69,116.72,0.0954,0.0356,通过
普通处方,0.4,0.3,80,332,105.31,100.0,110.91,0.0518,0.0311,通过
普通处方,0.4,0.3,80,333,107.96,101.43,114.91,0.0766,0.0375,通过
普通处方,0.4,0.3,80,334,105.01,99.23,111.12,0.0489,0.034,通过
普通处方,0.4,0.3,80,335,99.88,94.16,105.95,-0.0012,0.0355,通过
普通处方,0.4,0.3,80,336,99.03,93.33,105.08,-0.0097,0.0356,通过
普通处方,0.4,0.3,80,337,103.39,97.78,109.31,0.0333,0.0335,通过
普通处方,0.4,0.3,80,338,100.25,94.69,106.14,0.0025,0.0343,通过
普通处方,0.4,0.3,80,339,100.54,95.11,106.28,0.0054,0.0334,通过
普通处方,0.4,0.3,80,340,108.8,103.14,114.78,0.0844,0.0321,通过
普通处方,0.4,0.3,80,341,107.73,102.29,113.46,0.0744,0.0311,通过
普通处方,0.4,0.3,80,342,99.94,94.49,105.71,-0.0006,0.0337,通过
普通处方,0.4,0.3,80,343,105.12,98.61,112.06,0.0499,0.0384,通过
普通处方,0.4,0.3,80,344,99.5,94.1,105.21,-0.005,0.0336,通过
普通处方,0.4,0.3,80,345,103.4,98.27,108.81,0.0335,0.0306,通过
普通处方,0.4,0.3,80,346,102.56,96.63,108.86,0.0253,0.0358,通过
普通处方,0.4,0.3,80,347,107.04,101.4,112.99,0.068,0.0325,通过
普通处方,0.4,0.3,80,348,105.34,99.72,111.28,0.052,0.033,通过
普通处方,0.4,0.3,80,349,106.53,101.61,111.68,0.0632,0.0284,通过
普通处方,0.4,0.3,80,350,109.36,103.13,115.97,0.0895,0.0353,通过
普通处方,0.4,0.3,80,351,105.02,99.35,111.02,0.049,0.0333,通过
普通处方,0.4,0.3,80,352,102.9,97.14,109.0,0.0286,0.0346,通过
普通处方,0.4,0.3,80,353,108.01,103.39,112.83,0.077,0.0263,通过
普通处方,0.4,0.3,80,354,109.19,103.24,115.48,0.0879,0.0337,通过
普通处方,0.4,0.3,80,355,106.23,100.49,112.29,0.0604,0.0334,通过
普通处方,0.4,0.3,80,356,104.39,98.19,110.99,0.043,0.0368,通过
普通处方,0.4,0.3,80,357,99.85,94.93,105.02,-0.0015,0.0303,通过
普通处方,0.4,0.3,80,358,101.49,96.41,106.83,0.0148,0.0308,通过
普通处方,0.4,0.3,80,359,108.41,102.25,114.93,0.0807,0.0351,通过
普通处方,0.4,0.3,80,360,105.17,98.99,111.73,0.0504,0.0364,通过
普通处方,0.4,0.3,80,361,107.23,101.19,113.62,0.0698,0.0348,通过
普通处方,0.4,0.3,80,362,99.3,93.43,105.53,-0.007,0.0366,通过
普通处方,0.4,0.3,80,363,100.4,94.76,106.36,0.004,0.0347,通过
普通处方,0.4,0.3,80,364,103.83,97.73,110.3,0.0376,0.0363,通过
普通处方,0.4,0.3,80,365,107.54,101.36,114.09,0.0727,0.0355,通过
普通处方,0.4,0.3,80,366,110.67,105.03,116.62,0.1014,0.0314,通过
普通处方,0.4,0.3,80,367,101.55,96.65,106.7,0.0154,0.0297,通过
普通处方,0.4,0.3,80,368,102.07,96.35,108.13,0.0205,0.0347,通过
普通处方,0.4,0.3,80,369,104.19,98.23,110.52,0.0411,0.0354,通过
普通处方,0.4,0.3,80,370,103.19,96.68,110.14,0.0314,0.0391,通过
普通处方,0.4,0.3,80,371,100.6,94.92,106.63,0.006,0.035,通过
普通处方,0.4,0.3,80,372,104.55,97.84,111.71,0.0445,0.0398,通过
普通处方,0.4,0.3,80,373,105.59,100.26,111.21,0.0544,0.0311,通过
普通处方,0.4,0.3,80,374,104.03,98.78,109.55,0.0395,0.0311,通过
普通处方,0.4,0.3,80,375,107.05,101.23,113.2,0.0681,0.0336,通过
普通处方,0.4,0.3,80,376,103.56,98.29,109.12,0.035,0.0314,通过
普通处方,0.4,0.3,80,377,97.39,91.85,103.27,-0.0264,0.0352,通过
普通处方,0.4,0.3,80,378,106.68,100.72,112.99,0.0647,0.0345,通过
普通处方,0.4,0.3,80,379,101.61,96.38,107.12,0.016,0.0318,通过
普通处方,0.4,0.3,80,380,101.23,96.14,106.59,0.0123,0.031,通过
普通处方,0.4,0.3,80,381,104.78,98.9,111.0,0.0467,0.0347,通过
普通处方,0.4,0.3,80,382,101.99,97.4,106.79,0.0197,0.0277,通过
普通处方,0.4,0.3,80,383,110.76,104.5,117.41,0.1022,0.035,通过
普通处方,0.4,0.3,80,384,104.39,98.33,110.82,0.043,0.0359,通过
普通处方,0.4,0.3,80,385,104.29,97.11,112.0,0.042,0.0429,通过
普通处方,0.4,0.3,80,386,106.84,100.0,114.15,0.0662,0.0398,通过
普通处方,0.4,0.3,80,387,107.77,102.27,113.56,0.0748,0.0315,通过
普通处方,0.4,0.3,80,388,109.48,103.11,116.24,0.0905,0.036,通过
普通处方,0.4,0.3,80,389,102.54,96.99,108.41,0.0251,0.0334,通过
普通处方,0.4,0.3,80,390,104.69,99.3,110.38,0.0459,0.0318,通过
普通处方,0.4,0.3,80,391,103.01,97.13,109.24,0.0296,0.0353,通过
普通处方,0.4,0.3,80,392,103.4,98.72,108.3,0.0334,0.0278,通过
普通处方,0.4,0.3,80,393,103.63,97.86,109.74,0.0356,0.0344,通过
普通处方,0.4,0.3,80,394,108.19,102.47,114.23,0.0787,0.0326,通过
普通处方,0.4,0.3,80,395,107.03,100.75,113.7,0.0679,0.0363,通过
普通处方,0.4,0.3,80,396,111.61,105.55,118.03,0.1099,0.0336,通过
普通处方,0.4,0.3,80,397,104.25,99.09,109.68,0.0416,0.0305,通过
普通处方,0.4,0.3,80,398,106.96,101.8,112.39,0.0673,0.0297,通过
普通处方,0.4,0.3,80,399,111.01,105.58,116.71,0.1044,0.0301,通过
普通处方,0.4,0.3,80,400,107.47,102.24,112.96,0.072,0.0299,通过
普通处方,0.4,0.3,80,401,99.68,93.92,105.8,-0.0032,0.0358,通过
普通处方,0.4,0.3,80,402,105.03,100.27,110.01,0.0491,0.0279,通过
普通处方,0.4,0.3,80,403,101.37,96.76,106.2,0.0136,0.028,通过
普通处方,0.4,0.3,80,404,106.55,101.16,112.22,0.0634,0.0312,通过
普通处方,0.4,0.3,80,405,103.62,98.28,109.25,0.0356,0.0318,通过
普通处方,0.4,0.3,80,406,106.22,100.47,112.3,0.0603,0.0334,通过
普通处方,0.4,0.3,80,407,100.01,94.96,105.32,0.0001,0.0311,通过
普通处方,0.4,0.3,80,408,107.26,100.29,114.71,0.07,0.0404,通过
普通处方,0.4,0.3,80,409,101.3,96.16,106.71,0.0129,0.0313,通过
普通处方,0.4,0.3,80,410,104.49,98.94,110.36,0.044,0.0328,通过
普通处方,0.4,0.3,80,411,106.49,100.78,112.53,0.0629,0.0331,通过
普通处方,0.4,0.3,80,412,102.33,96.71,108.27,0.023,0.0339,通过
普通处方,0.4,0.3,80,413,103.76,98.52,109.29,0.0369,0.0312,通过
普通处方,0.4,0.3,80,414,107.93,102.99,113.11,0.0763,0.0282,通过
普通处方,0.4,0.3,80,415,102.03,96.98,107.35,0.0201,0.0305,通过
普通处方,0.4,0.3,80,416,102.54,96.73,108.7,0.0251,0.035,通过
普通处方,0.4,0.3,80,417,104.47,99.29,109.93,0.0438,0.0306,通过
普通处方,0.4,0.3,80,418,105.83,100.62,111.31,0.0567,0.0303,通过
普通处方,0.4,0.3,80,419,102.14,96.83,107.75,0.0212,0.0321,通过
普通处方,0.4,0.3,80,420,98.43,93.05,104.12,-0.0158,0.0337,通过
普通处方,0.4,0.3,80,421,107.23,101.36,113.44,0.0698,0.0338,通过
普通处方,0.4,0.3,80,422,96.24,91.08,101.68,-0.0384,0.0331,通过
普通处方,0.4,0.3,80,423,103.96,97.83,110.46,0.0388,0.0365,通过
普通处方,0.4,0.3,80,424,99.97,93.83,106.52,-0.0003,0.0381,通过
普通处方,0.4,0.3,80,425,100.65,95.5,106.07,0.0064,0.0315,通过
普通处方,0.4,0.3,80,426,105.23,99.59,111.19,0.051,0.0331,通过
普通处方,0.4,0.3,80,427,103.24,97.41,109.41,0.0319,0.0349,通过
普通处方,0.4,0.3,80,428,100.37,95.37,105.64,0.0037,0.0307,通过
普通处方,0.4,0.3,80,429,104.95,98.56,111.76,0.0483,0.0377,通过
普通处方,0.4,0.3,80,430,107.0,100.83,113.54,0.0676,0.0357,通过
普通处方,0.4,0.3,80,431,109.05,102.85,115.63,0.0867,0.0352,通过
普通处方,0.4,0.3,80,432,108.08,101.95,114.59,0.0777,0.0351,通过
普通处方,0.4,0.3,80,433,104.28,98.72,110.16,0.0419,0.033,通过
普通处方,0.4,0.3,80,434,100.8,96.04,105.8,0.008,0.0291,通过
普通处方,0.4,0.3,80,435,100.93,94.98,107.24,0.0092,0.0365,通过
普通处方,0.4,0.3,80,436,103.15,98.38,108.15,0.031,0.0285,通过
普通处方,0.4,0.3,80,437,108.35,101.98,115.12,0.0802,0.0364,通过
普通处方,0.4,0.3,80,438,108.09,101.46,115.15,0.0778,0.038,通过
普通处方,0.4,0.3,80,439,105.37,99.87,111.18,0.0523,0.0322,通过
普通处方,0.4,0.3,80,440,101.57,96.07,107.39,0.0156,0.0335,通过
普通处方,0.4,0.3,80,441,105.41,99.59,111.57,0.0527,0.0341,通过
普通处方,0.4,0.3,80,442,102.8,97.68,108.19,0.0276,0.0307,通过
普通处方,0.4,0.3,80,443,107.07,101.93,112.47,0.0683,0.0296,通过
普通处方,0.4,0.3,80,444,107.94,102.16,114.06,0.0764,0.0331,通过
普通处方,0.4,0.3,80,445,112.27,106.34,118.53,0.1157,0.0326,通过
普通处方,0.4,0.3,80,446,99.4,94.04,105.07,-0.006,0.0333,通过
普通处方,0.4,0.3,80,447,105.88,99.26,112.95,0.0572,0.0388,通过
普通处方,0.4,0.3,80,448,109.17,103.76,114.86,0.0877,0.0305,通过
普通处方,0.4,0.3,80,449,103.29,97.1,109.87,0.0324,0.0371,通过
普通处方,0.4,0.3,80,450,103.26,97.97,108.84,0.0321,0.0316,通过
普通处方,0.4,0.3,80,451,98.44,92.71,104.52,-0.0157,0.036,通过
普通处方,0.4,0.3,80,452,111.6,106.4,117.04,0.1097,0.0286,通过
普通处方,0.4,0.3,80,453,100.95,94.68,107.64,0.0095,0.0385,通过
普通处方,0.4,0.3,80,454,107.05,101.91,112.44,0.0681,0.0295,通过
普通处方,0.4,0.3,80,455,106.62,101.3,112.22,0.0641,0.0307,通过
普通处方,0.4,0.3,80,456,108.33,103.24,113.67,0.08,0.0289,通过
普通处方,0.4,0.3,80,457,99.45,94.44,104.72,-0.0055,0.031,通过
普通处方,0.4,0.3,80,458,101.52,95.54,107.87,0.0151,0.0364,通过
普通处方,0.4,0.3,80,459,113.03,106.92,119.49,0.1225,0.0334,通过
普通处方,0.4,0.3,80,460,102.39,96.8,108.3,0.0236,0.0337,通过
普通处方,0.4,0.3,80,461,107.62,101.6,114.01,0.0735,0.0346,通过
普通处方,0.4,0.3,80,462,109.85,104.89,115.05,0.0939,0.0278,通过
普通处方,0.4,0.3,80,463,108.64,102.86,114.74,0.0829,0.0328,通过
普通处方,0.4,0.3,80,464,103.86,98.67,109.32,0.0379,0.0308,通过
普通处方,0.4,0.3,80,465,101.9,96.24,107.89,0.0188,0.0343,通过
普通处方,0.4,0.3,80,466,104.76,99.12,110.71,0.0465,0.0332,通过
普通处方,0.4,0.3,80,467,103.59,97.34,110.24,0.0352,0.0374,通过
普通处方,0.4,0.3,80,468,100.03,94.69,105.67,0.0003,0.0329,通过
普通处方,0.4,0.3,80,469,100.46,94.42,106.89,0.0046,0.0373,通过
普通处方,0.4,0.3,80,470,100.37,93.98,107.19,0.0037,0.0395,通过
普通处方,0.4,0.3,80,471,110.79,104.54,117.41,0.1024,0.0349,通过
普通处方,0.4,0.3,80,472,108.38,102.51,114.58,0.0804,0.0334,通过
普通处方,0.4,0.3,80,473,102.22,97.13,107.58,0.022,0.0307,通过
普通处方,0.4,0.3,80,474,103.62,98.08,109.46,0.0355,0.033,通过
普通处方,0.4,0.3,80,475,104.91,99.2,110.95,0.0479,0.0336,通过
普通处方,0.4,0.3,80,476,106.69,101.2,112.49,0.0648,0.0318,通过
普通处方,0.4,0.3,80,477,105.71,99.39,112.43,0.0555,0.037,通过
普通处方,0.4,0.3,80,478,104.75,98.6,111.28,0.0464,0.0363,通过
普通处方,0.4,0.3,80,479,99.87,94.19,105.9,-0.0013,0.0352,通过
普通处方,0.4,0.3,80,480,102.76,96.65,109.25,0.0272,0.0368,通过
普通处方,0.4,0.3,80,481,99.47,93.77,105.52,-0.0053,0.0355,通过
普通处方,0.4,0.3,80,482,109.06,103.82,114.55,0.0867,0.0295,通过
普通处方,0.4,0.3,80,483,105.57,100.11,111.33,0.0542,0.0319,通过
普通处方,0.4,0.3,80,484,107.85,101.57,114.53,0.0756,0.0361,通过
普通处方,0.4,0.3,80,485,99.85,95.07,104.86,-0.0015,0.0294,通过
普通处方,0.4,0.3,80,486,99.85,94.21,105.82,-0.0015,0.0349,通过
普通处方,0.4,0.3,80,487,102.82,97.26,108.69,0.0278,0.0334,通过
普通处方,0.4,0.3,80,488,106.51,101.08,112.23,0.0631,0.0315,通过
普通处方,0.4,0.3,80,489,101.66,95.68,108.0,0.0164,0.0364,通过
普通处方,0.4,0.3,80,490,103.75,98.67,109.1,0.0369,0.0302,通过
普通处方,0.4,0.3,80,491,111.17,105.49,117.17,0.1059,0.0316,通过
普通处方,0.4,0.3,80,492,100.02,94.23,106.17,0.0002,0.0358,通过
普通处方,0.4,0.3,80,493,110.57,104.13,117.4,0.1004,0.0361,通过
普通处方,0.4,0.3,80,494,106.55,100.98,112.41,0.0634,0.0322,通过
普通处方,0.4,0.3,80,495,108.52,103.32,113.98,0.0818,0.0295,通过
普通处方,0.4,0.3,80,496,105.02,99.55,110.78,0.049,0.0321,通过
普通处方,0.4,0.3,80,497,101.79,96.87,106.96,0.0177,0.0298,通过
普通处方,0.4,0.3,80,498,107.86,102.41,113.59,0.0757,0.0311,通过
普通处方,0.4,0.3,80,499,109.81,103.91,116.05,0.0936,0.0332,通过
普通处方,0.4,0.3,80,500,100.53,95.58,105.75,0.0053,0.0304,通过
普通处方,0.4,0.3,100,1,102.28,97.3,107.51,0.0225,0.0301,通过
普通处方,0.4,0.3,100,2,105.24,100.92,109.74,0.051,0.0252,通过
普通处方,0.4,0.3,100,3,107.09,101.98,112.46,0.0685,0.0295,通过
普通处方,0.4,0.3,100,4,108.86,103.98,113.96,0.0849,0.0276,通过
普通处方,0.4,0.3,100,5,105.83,100.75,111.17,0.0567,0.0297,通过
普通处方,0.4,0.3,100,6,103.77,98.89,108.89,0.037,0.029,通过
普通处方,0.4,0.3,100,7,107.7,101.99,113.74,0.0742,0.0328,通过
普通处方,0.4,0.3,100,8,103.56,98.2,109.21,0.035,0.032,通过
普通处方,0.4,0.3,100,9,103.76,98.7,109.07,0.0369,0.0301,通过
普通处方,0.4,0.3,100,10,105.19,100.07,110.57,0.0506,0.0301,通过
普通处方,0.4,0.3,100,11,107.48,101.94,113.33,0.0722,0.0319,通过
普通处方,0.4,0.3,100,12,100.8,95.69,106.19,0.008,0.0314,通过
普通处方,0.4,0.3,100,13,99.3,94.78,104.04,-0.0071,0.0281,通过
普通处方,0.4,0.3,100,14,102.22,97.14,107.57,0.022,0.0307,通过
普通处方,0.4,0.3,100,15,99.32,94.87,103.97,-0.0069,0.0276,通过
普通处方,0.4,0.3,100,16,107.93,102.41,113.76,0.0763,0.0317,通过
普通处方,0.4,0.3,100,17,105.44,100.15,111.01,0.053,0.031,通过
普通处方,0.4,0.3,100,18,101.18,96.41,106.2,0.0118,0.0291,通过
普通处方,0.4,0.3,100,19,98.61,93.58,103.92,-0.014,0.0315,通过
普通处方,0.4,0.3,100,20,101.91,97.73,106.27,0.0189,0.0252,通过
普通处方,0.4,0.3,100,21,100.56,95.97,105.38,0.0056,0.0282,通过
普通处方,0.4,0.3,100,22,104.76,99.69,110.09,0.0465,0.0299,通过
普通处方,0.4,0.3,100,23,103.3,98.9,107.89,0.0324,0.0262,通过
普通处方,0.4,0.3,100,24,107.18,102.16,112.45,0.0694,0.0289,通过
普通处方,0.4,0.3,100,25,101.46,96.53,106.65,0.0145,0.03,通过
普通处方,0.4,0.3,100,26,103.29,98.18,108.66,0.0323,0.0305,通过
普通处方,0.4,0.3,100,27,102.95,97.4,108.82,0.0291,0.0334,通过
普通处方,0.4,0.3,100,28,104.78,99.65,110.18,0.0467,0.0303,通过
普通处方,0.4,0.3,100,29,98.45,93.15,104.05,-0.0156,0.0333,通过
普通处方,0.4,0.3,100,30,108.29,103.46,113.34,0.0796,0.0275,通过
普通处方,0.4,0.3,100,31,100.66,96.26,105.27,0.0066,0.0269,通过
普通处方,0.4,0.3,100,32,107.05,101.87,112.5,0.0681,0.0299,通过
普通处方,0.4,0.3,100,33,102.42,97.75,107.32,0.0239,0.0281,通过
普通处方,0.4,0.3,100,34,100.83,95.07,106.92,0.0082,0.0354,通过
普通处方,0.4,0.3,100,35,108.21,103.33,113.33,0.0789,0.0278,通过
普通处方,0.4,0.3,100,36,101.33,96.11,106.84,0.0133,0.0319,通过
普通处方,0.4,0.3,100,37,106.52,101.07,112.26,0.0631,0.0316,通过
普通处方,0.4,0.3,100,38,107.01,101.3,113.04,0.0677,0.033,通过
普通处方,0.4,0.3,100,39,108.06,102.19,114.27,0.0775,0.0336,通过
普通处方,0.4,0.3,100,40,99.26,94.5,104.26,-0.0074,0.0296,通过
普通处方,0.4,0.3,100,41,106.95,102.11,112.01,0.0672,0.0279,通过
普通处方,0.4,0.3,100,42,104.36,99.67,109.27,0.0427,0.0277,通过
普通处方,0.4,0.3,100,43,109.2,104.5,114.11,0.088,0.0265,通过
普通处方,0.4,0.3,100,44,100.27,95.35,105.45,0.0027,0.0303,通过
普通处方,0.4,0.3,100,45,102.5,97.59,107.65,0.0247,0.0296,通过
普通处方,0.4,0.3,100,46,104.78,99.73,110.08,0.0467,0.0297,通过
普通处方,0.4,0.3,100,47,100.97,96.38,105.78,0.0097,0.028,通过
普通处方,0.4,0.3,100,48,102.61,97.79,107.67,0.0258,0.029,通过
普通处方,0.4,0.3,100,49,106.43,101.39,111.73,0.0624,0.0292,通过
普通处方,0.4,0.3,100,50,106.51,101.18,112.12,0.0631,0.0309,通过
普通处方,0.4,0.3,100,51,105.85,100.9,111.06,0.0569,0.0289,通过
普通处方,0.4,0.3,100,52,102.19,97.74,106.83,0.0216,0.0268,通过
普通处方,0.4,0.3,100,53,108.18,103.52,113.04,0.0786,0.0265,通过
普通处方,0.4,0.3,100,54,103.36,98.17,108.82,0.033,0.031,通过
普通处方,0.4,0.3,100,55,104.15,98.9,109.68,0.0407,0.0312,通过
普通处方,0.4,0.3,100,56,102.93,97.64,108.51,0.0289,0.0318,通过
普通处方,0.4,0.3,100,57,108.9,103.91,114.14,0.0853,0.0283,通过
普通处方,0.4,0.3,100,58,107.07,101.78,112.64,0.0683,0.0305,通过
普通处方,0.4,0.3,100,59,108.66,103.09,114.52,0.083,0.0316,通过
普通处方,0.4,0.3,100,60,103.63,98.48,109.04,0.0356,0.0307,通过
普通处方,0.4,0.3,100,61,106.11,100.51,112.02,0.0593,0.0327,通过
普通处方,0.4,0.3,100,62,103.47,99.07,108.07,0.0341,0.0262,通过
普通处方,0.4,0.3,100,63,103.95,99.3,108.81,0.0387,0.0275,通过
普通处方,0.4,0.3,100,64,99.51,95.08,104.15,-0.0049,0.0275,通过
普通处方,0.4,0.3,100,65,107.21,102.32,112.34,0.0696,0.0281,通过
普通处方,0.4,0.3,100,66,102.22,96.88,107.87,0.022,0.0324,通过
普通处方,0.4,0.3,100,67,101.6,96.45,107.03,0.0159,0.0313,通过
普通处方,0.4,0.3,100,68,101.87,97.27,106.69,0.0185,0.0278,通过
普通处方,0.4,0.3,100,69,101.92,97.07,107.01,0.019,0.0293,通过
普通处方,0.4,0.3,100,70,108.64,103.64,113.87,0.0828,0.0283,通过
普通处方,0.4,0.3,100,71,101.84,96.76,107.2,0.0183,0.0309,通过
普通处方,0.4,0.3,100,72,100.76,95.86,105.91,0.0075,0.03,通过
普通处方,0.4,0.3,100,73,112.01,106.13,118.22,0.1134,0.0325,通过
普通处方,0.4,0.3,100,74,102.97,98.22,107.95,0.0293,0.0284,通过
普通处方,0.4,0.3,100,75,106.91,101.24,112.91,0.0668,0.0329,通过
普通处方,0.4,0.3,100,76,102.45,97.72,107.41,0.0242,0.0285,通过
普通处方,0.4,0.3,100,77,109.64,104.9,114.59,0.0921,0.0266,通过
普通处方,0.4,0.3,100,78,102.12,96.81,107.72,0.021,0.0322,通过
普通处方,0.4,0.3,100,79,102.34,98.12,106.74,0.0231,0.0254,通过
普通处方,0.4,0.3,100,80,102.59,97.33,108.14,0.0256,0.0317,通过
普通处方,0.4,0.3,100,81,105.51,99.85,111.5,0.0537,0.0332,通过
普通处方,0.4,0.3,100,82,101.54,96.62,106.7,0.0152,0.0299,通过
普通处方,0.4,0.3,100,83,107.54,102.39,112.95,0.0727,0.0296,通过
普通处方,0.4,0.3,100,84,105.52,100.2,111.12,0.0537,0.0311,通过
普通处方,0.4,0.3,100,85,105.04,99.68,110.68,0.0491,0.0315,通过
普通处方,0.4,0.3,100,86,105.92,100.47,111.66,0.0575,0.0318,通过
普通处方,0.4,0.3,100,87,101.41,96.73,106.31,0.014,0.0284,通过
普通处方,0.4,0.3,100,88,103.68,98.54,109.09,0.0362,0.0306,通过
普通处方,0.4,0.3,100,89,103.06,97.76,108.65,0.0301,0.0318,通过
普通处方,0.4,0.3,100,90,107.66,101.83,113.82,0.0738,0.0335,通过
普通处方,0.4,0.3,100,91,103.92,99.04,109.05,0.0385,0.029,通过
普通处方,0.4,0.3,100,92,99.12,94.24,104.26,-0.0088,0.0304,通过
普通处方,0.4,0.3,100,93,103.61,98.7,108.78,0.0355,0.0293,通过
普通处方,0.4,0.3,100,94,100.43,95.8,105.28,0.0043,0.0284,通过
普通处方,0.4,0.3,100,95,101.15,96.67,105.83,0.0114,0.0273,通过
普通处方,0.4,0.3,100,96,112.29,107.07,117.76,0.1159,0.0287,通过
普通处方,0.4,0.3,100,97,108.34,102.53,114.47,0.0801,0.0332,通过
普通处方,0.4,0.3,100,98,105.32,100.12,110.79,0.0518,0.0305,通过
普通处方,0.4,0.3,100,99,97.12,93.04,101.38,-0.0292,0.0258,通过
普通处方,0.4,0.3,100,100,105.68,100.69,110.92,0.0553,0.0291,通过
普通处方,0.4,0.3,100,101,100.53,95.48,105.85,0.0053,0.031,通过
普通处方,0.4,0.3,100,102,101.31,96.84,105.98,0.013,0.0272,通过
普通处方,0.4,0.3,100,103,101.12,96.22,106.27,0.0111,0.0299,通过
普通处方,0.4,0.3,100,104,99.71,95.25,104.37,-0.0029,0.0275,通过
普通处方,0.4,0.3,100,105,102.86,97.91,108.06,0.0282,0.0297,通过
普通处方,0.4,0.3,100,106,101.79,96.54,107.32,0.0177,0.0319,通过
普通处方,0.4,0.3,100,107,103.2,97.84,108.86,0.0315,0.0322,通过
普通处方,0.4,0.3,100,108,98.33,94.16,102.69,-0.0168,0.0261,通过
普通处方,0.4,0.3,100,109,105.85,101.05,110.89,0.0569,0.028,通过
普通处方,0.4,0.3,100,110,103.24,98.74,107.96,0.0319,0.0269,通过
普通处方,0.4,0.3,100,111,106.81,101.79,112.08,0.0659,0.029,通过
普通处方,0.4,0.3,100,112,103.99,99.03,109.2,0.0391,0.0294,通过
普通处方,0.4,0.3,100,113,103.28,98.62,108.16,0.0323,0.0278,通过
普通处方,0.4,0.3,100,114,104.12,98.83,109.68,0.0403,0.0314,通过
普通处方,0.4,0.3,100,115,105.54,100.97,110.32,0.0539,0.0267,通过
普通处方,0.4,0.3,100,116,106.66,101.5,112.09,0.0645,0.0299,通过
普通处方,0.4,0.3,100,117,104.92,100.52,109.51,0.048,0.0258,通过
普通处方,0.4,0.3,100,118,107.09,101.28,113.23,0.0685,0.0336,通过
普通处方,0.4,0.3,100,119,102.79,97.67,108.18,0.0276,0.0308,通过
普通处方,0.4,0.3,100,120,103.31,98.27,108.62,0.0326,0.0302,通过
普通处方,0.4,0.3,100,121,106.25,101.66,111.05,0.0606,0.0266,通过
普通处方,0.4,0.3,100,122,100.46,95.32,105.88,0.0046,0.0316,通过
普通处方,0.4,0.3,100,123,105.31,100.5,110.36,0.0518,0.0282,通过
普通处方,0.4,0.3,100,124,105.1,100.69,109.7,0.0497,0.0258,通过
普通处方,0.4,0.3,100,125,102.03,96.59,107.77,0.0201,0.033,通过
普通处方,0.4,0.3,100,126,104.8,99.4,110.5,0.0469,0.0319,通过
普通处方,0.4,0.3,100,127,100.28,96.02,104.73,0.0028,0.0261,通过
普通处方,0.4,0.3,100,128,108.73,104.36,113.28,0.0837,0.0247,通过
普通处方,0.4,0.3,100,129,104.56,99.65,109.7,0.0445,0.0289,通过
普通处方,0.4,0.3,100,130,104.38,99.06,109.98,0.0428,0.0315,通过
普通处方,0.4,0.3,100,131,104.95,99.71,110.47,0.0483,0.0309,通过
普通处方,0.4,0.3,100,132,98.3,93.64,103.18,-0.0172,0.0292,通过
普通处方,0.4,0.3,100,133,107.95,102.91,113.24,0.0765,0.0288,通过
普通处方,0.4,0.3,100,134,99.71,94.7,104.98,-0.0029,0.031,通过
普通处方,0.4,0.3,100,135,106.33,101.25,111.67,0.0614,0.0295,通过
普通处方,0.4,0.3,100,136,110.41,104.88,116.22,0.099,0.0309,通过
普通处方,0.4,0.3,100,137,103.2,97.99,108.68,0.0315,0.0312,通过
普通处方,0.4,0.3,100,138,108.67,103.44,114.17,0.0832,0.0297,通过
普通处方,0.4,0.3,100,139,102.95,98.23,107.9,0.0291,0.0283,通过
普通处方,0.4,0.3,100,140,103.46,98.69,108.46,0.034,0.0284,通过
普通处方,0.4,0.3,100,141,106.47,102.21,110.9,0.0627,0.0246,通过
普通处方,0.4,0.3,100,142,102.85,98.2,107.73,0.0281,0.0279,通过
普通处方,0.4,0.3,100,143,108.15,102.4,114.21,0.0783,0.0329,通过
普通处方,0.4,0.3,100,144,103.19,97.97,108.68,0.0314,0.0313,通过
普通处方,0.4,0.3,100,145,110.57,106.1,115.22,0.1004,0.0248,通过
普通处方,0.4,0.3,100,146,102.22,97.55,107.12,0.022,0.0282,通过
普通处方,0.4,0.3,100,147,100.44,94.95,106.23,0.0043,0.0338,通过
普通处方,0.4,0.3,100,148,103.34,97.86,109.13,0.0329,0.0328,通过
普通处方,0.4,0.3,100,149,101.22,95.8,106.94,0.0121,0.0331,通过
普通处方,0.4,0.3,100,150,102.99,97.81,108.44,0.0295,0.0311,通过
普通处方,0.4,0.3,100,151,102.03,97.24,107.05,0.0201,0.0289,通过
普通处方,0.4,0.3,100,152,104.53,99.38,109.95,0.0443,0.0304,通过
普通处方,0.4,0.3,100,153,103.94,99.46,108.63,0.0387,0.0266,通过
普通处方,0.4,0.3,100,154,106.24,101.56,111.14,0.0606,0.0271,通过
普通处方,0.4,0.3,100,155,101.91,97.05,107.01,0.0189,0.0294,通过
普通处方,0.4,0.3,100,156,103.6,98.34,109.14,0.0353,0.0314,通过
普通处方,0.4,0.3,100,157,106.1,101.02,111.43,0.0592,0.0295,通过
普通处方,0.4,0.3,100,158,109.0,104.11,114.12,0.0862,0.0276,通过
普通处方,0.4,0.3,100,159,103.66,98.6,108.98,0.0359,0.0302,通过
普通处方,0.4,0.3,100,160,108.47,103.59,113.58,0.0813,0.0277,通过
普通处方,0.4,0.3,100,161,95.71,91.82,99.76,-0.0438,0.025,通过
普通处方,0.4,0.3,100,162,103.92,99.49,108.55,0.0384,0.0263,通过
普通处方,0.4,0.3,100,163,95.88,91.56,100.4,-0.0421,0.0277,通过
普通处方,0.4,0.3,100,164,104.33,100.26,108.57,0.0424,0.024,通过
普通处方,0.4,0.3,100,165,110.67,105.31,116.31,0.1014,0.0299,通过
普通处方,0.4,0.3,100,166,103.58,98.38,109.06,0.0352,0.031,通过
普通处方,0.4,0.3,100,167,97.64,92.17,103.43,-0.0239,0.0347,通过
普通处方,0.4,0.3,100,168,103.48,98.77,108.41,0.0342,0.028,通过
普通处方,0.4,0.3,100,169,102.05,97.4,106.92,0.0203,0.0281,通过
普通处方,0.4,0.3,100,170,109.29,104.68,114.1,0.0888,0.0259,通过
普通处方,0.4,0.3,100,171,107.35,102.18,112.78,0.0709,0.0297,通过
普通处方,0.4,0.3,100,172,103.7,98.65,109.02,0.0363,0.0301,通过
普通处方,0.4,0.3,100,173,101.73,96.36,107.39,0.0171,0.0327,通过
普通处方,0.4,0.3,100,174,106.36,101.2,111.79,0.0617,0.03,通过
普通处方,0.4,0.3,100,175,103.77,98.63,109.19,0.0371,0.0306,通过
普通处方,0.4,0.3,100,176,107.18,102.13,112.48,0.0694,0.0291,通过
普通处方,0.4,0.3,100,177,102.77,98.43,107.3,0.0273,0.026,通过
普通处方,0.4,0.3,100,178,108.72,103.08,114.68,0.0836,0.0321,通过
普通处方,0.4,0.3,100,179,107.96,102.5,113.72,0.0766,0.0313,通过
普通处方,0.4,0.3,100,180,104.35,99.15,109.83,0.0426,0.0308,通过
普通处方,0.4,0.3,100,181,107.05,101.62,112.77,0.0681,0.0314,通过
普通处方,0.4,0.3,100,182,105.58,100.27,111.18,0.0543,0.0311,通过
普通处方,0.4,0.3,100,183,102.91,98.43,107.59,0.0287,0.0268,通过
普通处方,0.4,0.3,100,184,101.96,97.3,106.84,0.0194,0.0282,通过
普通处方,0.4,0.3,100,185,101.57,96.27,107.16,0.0156,0.0323,通过
普通处方,0.4,0.3,100,186,104.53,99.18,110.18,0.0443,0.0317,通过
普通处方,0.4,0.3,100,187,107.17,101.38,113.29,0.0692,0.0335,通过
普通处方,0.4,0.3,100,188,99.43,94.96,104.11,-0.0057,0.0277,通过
普通处方,0.4,0.3,100,189,104.24,99.37,109.35,0.0415,0.0288,通过
普通处方,0.4,0.3,100,190,103.62,98.8,108.67,0.0356,0.0287,通过
普通处方,0.4,0.3,100,191,106.69,102.19,111.38,0.0648,0.0259,通过
普通处方,0.4,0.3,100,192,109.94,105.12,114.97,0.0947,0.027,通过
普通处方,0.4,0.3,100,193,102.79,98.15,107.65,0.0275,0.0278,通过
普通处方,0.4,0.3,100,194,104.86,99.4,110.63,0.0475,0.0323,通过
普通处方,0.4,0.3,100,195,103.33,99.11,107.72,0.0327,0.0251,通过
普通处方,0.4,0.3,100,196,106.49,101.28,111.98,0.0629,0.0302,通过
普通处方,0.4,0.3,100,197,103.94,98.89,109.24,0.0386,0.03,通过
普通处方,0.4,0.3,100,198,99.73,94.93,104.77,-0.0027,0.0297,通过
普通处方,0.4,0.3,100,199,104.27,99.75,108.99,0.0418,0.0267,通过
普通处方,0.4,0.3,100,200,103.75,99.11,108.6,0.0368,0.0275,通过
普通处方,0.4,0.3,100,201,102.55,97.23,108.16,0.0252,0.0321,通过
普通处方,0.4,0.3,100,202,106.17,100.6,112.04,0.0598,0.0324,通过
普通处方,0.4,0.3,100,203,100.7,95.89,105.75,0.007,0.0295,通过
普通处方,0.4,0.3,100,204,105.44,100.28,110.87,0.053,0.0302,通过
普通处方,0.4,0.3,100,205,105.72,100.76,110.91,0.0556,0.0289,通过
普通处方,0.4,0.3,100,206,100.3,94.75,106.16,0.003,0.0342,通过
普通处方,0.4,0.3,100,207,98.68,94.03,103.55,-0.0133,0.0291,通过
普通处方,0.4,0.3,100,208,104.93,99.95,110.16,0.0481,0.0293,通过
普通处方,0.4,0.3,100,209,110.84,106.04,115.86,0.103,0.0267,通过
普通处方,0.4,0.3,100,210,105.12,100.01,110.49,0.0499,0.03,通过
普通处方,0.4,0.3,100,211,100.52,95.65,105.64,0.0052,0.0299,通过
普通处方,0.4,0.3,100,212,102.21,97.53,107.11,0.0218,0.0282,通过
普通处方,0.4,0.3,100,213,101.5,96.59,106.67,0.0149,0.0299,通过
普通处方,0.4,0.3,100,214,107.84,102.27,113.71,0.0755,0.0319,通过
普通处方,0.4,0.3,100,215,106.5,101.73,111.5,0.063,0.0276,通过
普通处方,0.4,0.3,100,216,103.09,98.64,107.74,0.0304,0.0266,通过
普通处方,0.4,0.3,100,217,104.87,99.97,110.02,0.0476,0.0289,通过
普通处方,0.4,0.3,100,218,100.89,96.34,105.65,0.0089,0.0278,通过
普通处方,0.4,0.3,100,219,104.49,98.95,110.33,0.0439,0.0328,通过
普通处方,0.4,0.3,100,220,106.71,101.42,112.29,0.065,0.0307,通过
普通处方,0.4,0.3,100,221,99.89,94.73,105.32,-0.0011,0.0319,通过
普通处方,0.4,0.3,100,222,103.54,98.68,108.63,0.0347,0.0289,通过
普通处方,0.4,0.3,100,223,110.38,105.12,115.91,0.0988,0.0294,通过
普通处方,0.4,0.3,100,224,103.52,98.02,109.32,0.0346,0.0329,通过
普通处方,0.4,0.3,100,225,102.76,96.96,108.9,0.0272,0.035,通过
普通处方,0.4,0.3,100,226,105.88,100.15,111.95,0.0572,0.0335,通过
普通处方,0.4,0.3,100,227,105.45,100.15,111.04,0.0531,0.0311,通过
普通处方,0.4,0.3,100,228,98.96,94.34,103.81,-0.0105,0.0288,通过
普通处方,0.4,0.3,100,229,102.0,97.06,107.2,0.0198,0.0299,通过
普通处方,0.4,0.3,100,230,106.66,101.66,111.91,0.0645,0.0289,通过
普通处方,0.4,0.3,100,231,105.27,99.9,110.92,0.0514,0.0315,通过
普通处方,0.4,0.3,100,232,108.55,103.51,113.83,0.0821,0.0286,通过
普通处方,0.4,0.3,100,233,102.55,97.69,107.65,0.0252,0.0292,通过
普通处方,0.4,0.3,100,234,99.73,94.63,105.1,-0.0027,0.0316,通过
普通处方,0.4,0.3,100,235,99.84,95.47,104.4,-0.0016,0.0269,通过
普通处方,0.4,0.3,100,236,104.12,99.36,109.11,0.0404,0.0282,通过
普通处方,0.4,0.3,100,237,112.19,107.35,117.24,0.115,0.0265,通过
普通处方,0.4,0.3,100,238,98.77,94.53,103.2,-0.0124,0.0264,通过
普通处方,0.4,0.3,100,239,99.97,94.4,105.87,-0.0003,0.0345,通过
普通处方,0.4,0.3,100,240,106.33,101.51,111.37,0.0613,0.0279,通过
普通处方,0.4,0.3,100,241,102.68,97.64,107.98,0.0265,0.0303,通过
普通处方,0.4,0.3,100,242,104.33,99.5,109.4,0.0424,0.0286,通过
普通处方,0.4,0.3,100,243,106.97,102.19,111.97,0.0674,0.0275,通过
普通处方,0.4,0.3,100,244,106.93,101.41,112.74,0.067,0.0319,通过
普通处方,0.4,0.3,100,245,106.47,101.22,111.99,0.0627,0.0305,通过
普通处方,0.4,0.3,100,246,107.75,103.33,112.35,0.0746,0.0252,通过
普通处方,0.4,0.3,100,247,99.7,94.91,104.73,-0.003,0.0296,通过
普通处方,0.4,0.3,100,248,109.39,104.07,114.98,0.0898,0.03,通过
普通处方,0.4,0.3,100,249,97.33,92.36,102.58,-0.027,0.0316,通过
普通处方,0.4,0.3,100,250,105.21,100.2,110.46,0.0507,0.0293,通过
普通处方,0.4,0.3,100,251,104.47,99.76,109.41,0.0438,0.0278,通过
普通处方,0.4,0.3,100,252,109.89,104.45,115.61,0.0943,0.0306,通过
普通处方,0.4,0.3,100,253,106.24,101.43,111.28,0.0605,0.0279,通过
普通处方,0.4,0.3,100,254,104.04,98.95,109.39,0.0396,0.0302,通过
普通处方,0.4,0.3,100,255,103.99,99.46,108.73,0.0392,0.0269,通过
普通处方,0.4,0.3,100,256,106.09,100.98,111.46,0.0591,0.0297,通过
普通处方,0.4,0.3,100,257,104.06,98.91,109.49,0.0398,0.0306,通过
普通处方,0.4,0.3,100,258,102.39,97.53,107.5,0.0237,0.0293,通过
普通处方,0.4,0.3,100,259,98.6,93.5,103.97,-0.0141,0.0319,通过
普通处方,0.4,0.3,100,260,105.96,100.34,111.9,0.0579,0.0328,通过
普通处方,0.4,0.3,100,261,100.89,96.28,105.72,0.0088,0.0282,通过
普通处方,0.4,0.3,100,262,107.05,102.05,112.3,0.0681,0.0288,通过
普通处方,0.4,0.3,100,263,105.15,99.79,110.81,0.0503,0.0315,通过
普通处方,0.4,0.3,100,264,101.27,96.35,106.45,0.0126,0.03,通过
普通处方,0.4,0.3,100,265,104.75,99.08,110.75,0.0464,0.0335,通过
普通处方,0.4,0.3,100,266,96.83,92.34,101.55,-0.0322,0.0286,通过
普通处方,0.4,0.3,100,267,105.61,100.27,111.23,0.0546,0.0312,通过
普通处方,0.4,0.3,100,268,104.14,99.98,108.48,0.0406,0.0246,通过
普通处方,0.4,0.3,100,269,104.07,99.22,109.15,0.0399,0.0287,通过
普通处方,0.4,0.3,100,270,101.29,96.35,106.48,0.0128,0.0301,通过
普通处方,0.4,0.3,100,271,101.21,96.31,106.36,0.012,0.0299,通过
普通处方,0.4,0.3,100,272,106.26,100.34,112.53,0.0607,0.0345,通过
普通处方,0.4,0.3,100,273,106.37,101.71,111.24,0.0618,0.027,通过
普通处方,0.4,0.3,100,274,106.11,101.32,111.13,0.0593,0.0278,通过
普通处方,0.4,0.3,100,275,102.65,97.25,108.35,0.0262,0.0326,通过
普通处方,0.4,0.3,100,276,104.07,99.24,109.15,0.0399,0.0287,通过
普通处方,0.4,0.3,100,277,105.1,99.47,111.06,0.0498,0.0332,通过
普通处方,0.4,0.3,100,278,103.65,98.15,109.46,0.0358,0.0328,通过
普通处方,0.4,0.3,100,279,104.23,98.97,109.78,0.0414,0.0312,通过
普通处方,0.4,0.3,100,280,98.58,93.91,103.48,-0.0143,0.0292,通过
普通处方,0.4,0.3,100,281,100.08,94.97,105.47,0.0008,0.0316,通过
普通处方,0.4,0.3,100,282,105.3,100.22,110.64,0.0516,0.0298,通过
普通处方,0.4,0.3,100,283,104.08,99.42,108.95,0.04,0.0276,通过
普通处方,0.4,0.3,100,284,109.92,104.79,115.3,0.0946,0.0288,通过
普通处方,0.4,0.3,100,285,98.94,94.32,103.8,-0.0106,0.0288,通过
普通处方,0.4,0.3,100,286,110.75,104.66,117.19,0.1021,0.0341,通过
普通处方,0.4,0.3,100,287,102.65,97.61,107.95,0.0261,0.0303,通过
普通处方,0.4,0.3,100,288,99.96,95.08,105.1,-0.0004,0.0301,通过
普通处方,0.4,0.3,100,289,107.62,102.68,112.79,0.0734,0.0283,通过
普通处方,0.4,0.3,100,290,106.67,101.33,112.28,0.0645,0.0309,通过
普通处方,0.4,0.3,100,291,109.28,103.24,115.67,0.0887,0.0342,通过
普通处方,0.4,0.3,100,292,106.25,100.75,112.04,0.0606,0.032,通过
普通处方,0.4,0.3,100,293,100.5,96.16,105.03,0.0049,0.0266,通过
普通处方,0.4,0.3,100,294,112.66,107.68,117.88,0.1192,0.0272,通过
普通处方,0.4,0.3,100,295,104.82,100.32,109.53,0.0471,0.0264,通过
普通处方,0.4,0.3,100,296,109.86,105.02,114.93,0.0941,0.0271,通过
普通处方,0.4,0.3,100,297,105.15,100.24,110.29,0.0502,0.0288,通过
普通处方,0.4,0.3,100,298,104.37,98.67,110.4,0.0428,0.0338,通过
普通处方,0.4,0.3,100,299,102.86,97.84,108.13,0.0282,0.0301,通过
普通处方,0.4,0.3,100,300,108.33,103.55,113.34,0.08,0.0272,通过
普通处方,0.4,0.3,100,301,97.12,92.86,101.58,-0.0292,0.027,通过
普通处方,0.4,0.3,100,302,105.82,100.63,111.28,0.0566,0.0303,通过
普通处方,0.4,0.3,100,303,102.86,97.61,108.39,0.0282,0.0316,通过
普通处方,0.4,0.3,100,304,107.09,101.73,112.73,0.0685,0.0309,通过
普通处方,0.4,0.3,100,305,105.29,100.32,110.52,0.0516,0.0292,通过
普通处方,0.4,0.3,100,306,105.3,100.37,110.46,0.0516,0.0288,通过
普通处方,0.4,0.3,100,307,109.14,103.93,114.62,0.0875,0.0295,通过
普通处方,0.4,0.3,100,308,109.58,104.32,115.1,0.0914,0.0296,通过
普通处方,0.4,0.3,100,309,106.69,101.69,111.94,0.0647,0.0289,通过
普通处方,0.4,0.3,100,310,106.72,101.87,111.8,0.065,0.028,通过
普通处方,0.4,0.3,100,311,102.01,97.7,106.51,0.0199,0.026,通过
普通处方,0.4,0.3,100,312,107.76,102.64,113.13,0.0747,0.0293,通过
普通处方,0.4,0.3,100,313,105.38,100.62,110.37,0.0524,0.0279,通过
普通处方,0.4,0.3,100,314,110.22,104.99,115.72,0.0973,0.0293,通过
普通处方,0.4,0.3,100,315,99.98,95.39,104.78,-0.0002,0.0283,通过
普通处方,0.4,0.3,100,316,101.31,96.6,106.25,0.013,0.0287,通过
普通处方,0.4,0.3,100,317,101.58,96.95,106.43,0.0157,0.0281,通过
普通处方,0.4,0.3,100,318,103.97,99.14,109.04,0.0389,0.0287,通过
普通处方,0.4,0.3,100,319,104.48,99.44,109.79,0.0439,0.0298,通过
普通处方,0.4,0.3,100,320,108.13,102.66,113.88,0.0781,0.0312,通过
普通处方,0.4,0.3,100,321,99.42,93.8,105.38,-0.0058,0.0351,通过
普通处方,0.4,0.3,100,322,100.52,95.41,105.91,0.0052,0.0314,通过
普通处方,0.4,0.3,100,323,104.09,98.6,109.89,0.0401,0.0327,通过
普通处方,0.4,0.3,100,324,102.76,98.03,107.72,0.0272,0.0284,通过
普通处方,0.4,0.3,100,325,106.14,101.73,110.74,0.0596,0.0255,通过
普通处方,0.4,0.3,100,326,98.43,93.69,103.4,-0.0158,0.0297,通过
普通处方,0.4,0.3,100,327,104.04,98.62,109.76,0.0396,0.0322,通过
普通处方,0.4,0.3,100,328,105.99,101.1,111.11,0.0581,0.0284,通过
普通处方,0.4,0.3,100,329,101.1,95.83,106.67,0.011,0.0323,通过
普通处方,0.4,0.3,100,330,108.93,103.99,114.11,0.0856,0.028,通过
普通处方,0.4,0.3,100,331,101.88,96.35,107.72,0.0186,0.0336,通过
普通处方,0.4,0.3,100,332,102.04,96.44,107.96,0.0202,0.034,通过
普通处方,0.4,0.3,100,333,105.16,100.11,110.47,0.0503,0.0296,通过
普通处方,0.4,0.3,100,334,100.92,96.88,105.14,0.0092,0.0247,通过
普通处方,0.4,0.3,100,335,103.48,98.26,108.97,0.0342,0.0311,通过
普通处方,0.4,0.3,100,336,104.0,99.29,108.94,0.0392,0.0279,通过
普通处方,0.4,0.3,100,337,106.2,101.1,111.56,0.0602,0.0296,通过
普通处方,0.4,0.3,100,338,107.07,102.08,112.32,0.0684,0.0288,通过
普通处方,0.4,0.3,100,339,102.73,97.8,107.9,0.0269,0.0296,通过
普通处方,0.4,0.3,100,340,103.17,98.87,107.65,0.0312,0.0256,通过
普通处方,0.4,0.3,100,341,107.79,102.73,113.1,0.0751,0.029,通过
普通处方,0.4,0.3,100,342,104.28,99.01,109.84,0.0419,0.0313,通过
普通处方,0.4,0.3,100,343,103.26,98.51,108.24,0.0321,0.0284,通过
普通处方,0.4,0.3,100,344,101.55,96.48,106.88,0.0154,0.0308,通过
普通处方,0.4,0.3,100,345,99.71,95.11,104.53,-0.0029,0.0285,通过
普通处方,0.4,0.3,100,346,107.0,101.34,112.98,0.0677,0.0327,通过
普通处方,0.4,0.3,100,347,104.18,98.85,109.79,0.0409,0.0316,通过
普通处方,0.4,0.3,100,348,103.34,98.66,108.25,0.0329,0.028,通过
普通处方,0.4,0.3,100,349,103.23,98.05,108.68,0.0318,0.031,通过
普通处方,0.4,0.3,100,350,103.82,98.63,109.27,0.0375,0.0308,通过
普通处方,0.4,0.3,100,351,101.97,97.39,106.78,0.0196,0.0277,通过
普通处方,0.4,0.3,100,352,101.27,96.55,106.23,0.0126,0.0288,通过
普通处方,0.4,0.3,100,353,105.16,99.55,111.09,0.0503,0.033,通过
普通处方,0.4,0.3,100,354,102.1,96.91,107.57,0.0208,0.0314,通过
普通处方,0.4,0.3,100,355,107.32,102.87,111.97,0.0707,0.0255,通过
普通处方,0.4,0.3,100,356,100.65,95.68,105.86,0.0064,0.0305,通过
普通处方,0.4,0.3,100,357,104.23,98.78,109.97,0.0414,0.0323,通过
普通处方,0.4,0.3,100,358,105.0,99.16,111.19,0.0488,0.0345,通过
普通处方,0.4,0.3,100,359,106.02,100.3,112.05,0.0584,0.0334,通过
普通处方,0.4,0.3,100,360,103.09,98.1,108.34,0.0304,0.0299,通过
普通处方,0.4,0.3,100,361,101.21,96.08,106.61,0.012,0.0313,通过
普通处方,0.4,0.3,100,362,102.24,97.49,107.22,0.0221,0.0287,通过
普通处方,0.4,0.3,100,363,104.78,100.19,109.58,0.0467,0.027,通过
普通处方,0.4,0.3,100,364,103.46,98.43,108.75,0.034,0.03,通过
普通处方,0.4,0.3,100,365,103.23,98.57,108.12,0.0318,0.0279,通过
普通处方,0.4,0.3,100,366,104.83,99.61,110.33,0.0472,0.0308,通过
普通处方,0.4,0.3,100,367,100.2,95.11,105.56,0.002,0.0314,通过
普通处方,0.4,0.3,100,368,100.82,95.99,105.89,0.0081,0.0295,通过
普通处方,0.4,0.3,100,369,103.2,98.6,108.02,0.0315,0.0275,通过
普通处方,0.4,0.3,100,370,101.99,97.05,107.18,0.0197,0.0299,通过
普通处方,0.4,0.3,100,371,108.48,103.53,113.66,0.0814,0.0281,通过
普通处方,0.4,0.3,100,372,101.75,96.44,107.36,0.0173,0.0323,通过
普通处方,0.4,0.3,100,373,106.14,101.54,110.94,0.0596,0.0266,通过
普通处方,0.4,0.3,100,374,98.6,93.84,103.6,-0.0141,0.0298,通过
普通处方,0.4,0.3,100,375,100.61,96.08,105.37,0.0061,0.0278,通过
普通处方,0.4,0.3,100,376,108.18,103.09,113.52,0.0786,0.029,通过
普通处方,0.4,0.3,100,377,99.53,95.1,104.17,-0.0047,0.0274,通过
普通处方,0.4,0.3,100,378,102.44,97.09,108.09,0.0241,0.0323,通过
普通处方,0.4,0.3,100,379,106.06,100.54,111.89,0.0589,0.0322,通过
普通处方,0.4,0.3,100,380,105.85,101.13,110.79,0.0568,0.0275,通过
普通处方,0.4,0.3,100,381,104.87,100.12,109.84,0.0475,0.0279,通过
普通处方,0.4,0.3,100,382,103.26,98.67,108.06,0.032,0.0274,通过
普通处方,0.4,0.3,100,383,105.34,100.7,110.2,0.0521,0.0272,通过
普通处方,0.4,0.3,100,384,107.82,102.68,113.22,0.0753,0.0294,通过
普通处方,0.4,0.3,100,385,104.22,99.04,109.66,0.0413,0.0307,通过
普通处方,0.4,0.3,100,386,104.45,99.26,109.91,0.0435,0.0307,通过
普通处方,0.4,0.3,100,387,106.39,101.66,111.34,0.0619,0.0274,通过
普通处方,0.4,0.3,100,388,103.19,98.23,108.4,0.0314,0.0297,通过
普通处方,0.4,0.3,100,389,106.31,101.18,111.7,0.0612,0.0298,通过
普通处方,0.4,0.3,100,390,104.47,99.44,109.75,0.0437,0.0297,通过
普通处方,0.4,0.3,100,391,109.4,103.93,115.16,0.0898,0.0309,通过
普通处方,0.4,0.3,100,392,108.35,102.96,114.01,0.0802,0.0307,通过
普通处方,0.4,0.3,100,393,103.8,98.54,109.34,0.0373,0.0313,通过
普通处方,0.4,0.3,100,394,103.04,97.95,108.4,0.03,0.0305,通过
普通处方,0.4,0.3,100,395,106.12,101.21,111.25,0.0594,0.0285,通过
普通处方,0.4,0.3,100,396,102.9,97.5,108.6,0.0286,0.0325,通过
普通处方,0.4,0.3,100,397,105.65,100.69,110.86,0.055,0.029,通过
普通处方,0.4,0.3,100,398,106.99,101.75,112.5,0.0675,0.0302,通过
普通处方,0.4,0.3,100,399,102.88,97.81,108.21,0.0284,0.0304,通过
普通处方,0.4,0.3,100,400,103.24,98.24,108.49,0.0319,0.0299,通过
普通处方,0.4,0.3,100,401,107.59,102.91,112.47,0.0731,0.0268,通过
普通处方,0.4,0.3,100,402,104.8,99.85,109.99,0.0469,0.0291,通过
普通处方,0.4,0.3,100,403,102.06,97.65,106.66,0.0203,0.0266,通过
普通处方,0.4,0.3,100,404,101.12,96.67,105.78,0.0111,0.0271,通过
普通处方,0.4,0.3,100,405,105.84,100.45,111.52,0.0568,0.0315,通过
普通处方,0.4,0.3,100,406,104.28,99.57,109.22,0.042,0.0279,通过
普通处方,0.4,0.3,100,407,101.6,96.85,106.58,0.0159,0.0288,通过
普通处方,0.4,0.3,100,408,112.18,106.82,117.81,0.1149,0.0295,通过
普通处方,0.4,0.3,100,409,103.27,98.09,108.72,0.0321,0.031,通过
普通处方,0.4,0.3,100,410,101.05,95.48,106.95,0.0105,0.0342,通过
普通处方,0.4,0.3,100,411,101.91,96.83,107.26,0.0189,0.0308,通过
普通处方,0.4,0.3,100,412,107.76,102.34,113.46,0.0747,0.0311,通过
普通处方,0.4,0.3,100,413,103.4,99.18,107.79,0.0334,0.0251,通过
普通处方,0.4,0.3,100,414,108.24,103.03,113.72,0.0792,0.0297,通过
普通处方,0.4,0.3,100,415,102.83,98.07,107.81,0.0279,0.0285,通过
普通处方,0.4,0.3,100,416,104.96,100.06,110.09,0.0484,0.0288,通过
普通处方,0.4,0.3,100,417,102.22,96.94,107.79,0.022,0.032,通过
普通处方,0.4,0.3,100,418,102.03,96.88,107.46,0.0201,0.0312,通过
普通处方,0.4,0.3,100,419,106.3,101.09,111.78,0.0611,0.0303,通过
普通处方,0.4,0.3,100,420,102.78,97.37,108.5,0.0274,0.0326,通过
普通处方,0.4,0.3,100,421,101.11,95.72,106.8,0.011,0.033,通过
普通处方,0.4,0.3,100,422,111.57,106.73,116.63,0.1095,0.0267,通过
普通处方,0.4,0.3,100,423,98.98,94.62,103.55,-0.0102,0.0272,通过
普通处方,0.4,0.3,100,424,100.65,95.54,106.03,0.0065,0.0314,通过
普通处方,0.4,0.3,100,425,104.1,98.91,109.57,0.0402,0.0308,通过
普通处方,0.4,0.3,100,426,106.78,101.37,112.49,0.0656,0.0314,通过
普通处方,0.4,0.3,100,427,107.74,102.33,113.44,0.0746,0.031,通过
普通处方,0.4,0.3,100,428,105.23,100.85,109.8,0.051,0.0256,通过
普通处方,0.4,0.3,100,429,102.35,97.62,107.32,0.0232,0.0285,通过
普通处方,0.4,0.3,100,430,105.02,100.58,109.65,0.049,0.026,通过
普通处方,0.4,0.3,100,431,105.41,100.75,110.28,0.0527,0.0272,通过
普通处方,0.4,0.3,100,432,103.3,98.4,108.45,0.0325,0.0293,通过
普通处方,0.4,0.3,100,433,103.51,98.35,108.94,0.0345,0.0308,通过
普通处方,0.4,0.3,100,434,107.98,103.29,112.89,0.0768,0.0267,通过
普通处方,0.4,0.3,100,435,106.38,101.23,111.78,0.0618,0.0299,通过
普通处方,0.4,0.3,100,436,98.41,93.73,103.32,-0.0161,0.0293,通过
普通处方,0.4,0.3,100,437,107.6,102.09,113.41,0.0733,0.0317,通过
普通处方,0.4,0.3,100,438,102.48,97.53,107.68,0.0245,0.0298,通过
普通处方,0.4,0.3,100,439,106.23,101.8,110.84,0.0604,0.0256,通过
普通处方,0.4,0.3,100,440,105.61,99.98,111.56,0.0546,0.033,通过
普通处方,0.4,0.3,100,441,101.47,96.44,106.75,0.0146,0.0306,通过
普通处方,0.4,0.3,100,442,108.22,103.52,113.13,0.079,0.0267,通过
普通处方,0.4,0.3,100,443,102.77,98.24,107.5,0.0273,0.0271,通过
普通处方,0.4,0.3,100,444,108.56,103.78,113.57,0.0822,0.0272,通过
普通处方,0.4,0.3,100,445,105.39,100.51,110.5,0.0525,0.0285,通过
普通处方,0.4,0.3,100,446,102.87,97.73,108.29,0.0283,0.0309,通过
普通处方,0.4,0.3,100,447,103.16,98.26,108.3,0.0311,0.0293,通过
普通处方,0.4,0.3,100,448,106.44,101.55,111.56,0.0624,0.0283,通过
普通处方,0.4,0.3,100,449,108.85,103.71,114.24,0.0848,0.0291,通过
普通处方,0.4,0.3,100,450,105.86,101.51,110.39,0.0569,0.0253,通过
普通处方,0.4,0.3,100,451,107.0,102.06,112.16,0.0676,0.0284,通过
普通处方,0.4,0.3,100,452,104.34,98.86,110.12,0.0424,0.0325,通过
普通处方,0.4,0.3,100,453,106.03,100.9,111.41,0.0585,0.0298,通过
普通处方,0.4,0.3,100,454,107.21,102.08,112.58,0.0696,0.0295,通过
普通处方,0.4,0.3,100,455,108.45,103.34,113.82,0.0811,0.0291,通过
普通处方,0.4,0.3,100,456,108.32,102.72,114.22,0.0799,0.0319,通过
普通处方,0.4,0.3,100,457,105.44,100.21,110.95,0.053,0.0307,通过
普通处方,0.4,0.3,100,458,101.63,96.83,106.67,0.0162,0.0291,通过
普通处方,0.4,0.3,100,459,104.94,99.34,110.87,0.0482,0.0331,通过
普通处方,0.4,0.3,100,460,103.18,98.0,108.63,0.0313,0.031,通过
普通处方,0.4,0.3,100,461,100.88,96.39,105.59,0.0088,0.0274,通过
普通处方,0.4,0.3,100,462,107.47,102.15,113.05,0.072,0.0305,通过
普通处方,0.4,0.3,100,463,106.1,100.94,111.53,0.0592,0.0301,通过
普通处方,0.4,0.3,100,464,103.68,98.76,108.84,0.0361,0.0293,通过
普通处方,0.4,0.3,100,465,101.27,96.43,106.35,0.0126,0.0295,通过
普通处方,0.4,0.3,100,466,104.86,100.3,109.62,0.0474,0.0268,通过
普通处方,0.4,0.3,100,467,102.91,97.89,108.18,0.0287,0.0301,通过
普通处方,0.4,0.3,100,468,106.76,101.53,112.25,0.0654,0.0302,通过
普通处方,0.4,0.3,100,469,104.3,99.3,109.55,0.0421,0.0296,通过
普通处方,0.4,0.3,100,470,101.08,97.07,105.26,0.0108,0.0244,通过
普通处方,0.4,0.3,100,471,103.64,98.48,109.07,0.0358,0.0307,通过
普通处方,0.4,0.3,100,472,107.59,102.12,113.34,0.0731,0.0314,通过
普通处方,0.4,0.3,100,473,100.78,95.94,105.86,0.0078,0.0296,通过
普通处方,0.4,0.3,100,474,106.67,101.43,112.19,0.0646,0.0304,通过
普通处方,0.4,0.3,100,475,103.35,98.32,108.63,0.0329,0.03,通过
普通处方,0.4,0.3,100,476,98.24,93.27,103.48,-0.0177,0.0313,通过
普通处方,0.4,0.3,100,477,100.57,95.86,105.52,0.0057,0.0289,通过
普通处方,0.4,0.3,100,478,104.85,99.36,110.63,0.0473,0.0324,通过
普通处方,0.4,0.3,100,479,105.87,100.68,111.33,0.0571,0.0303,通过
普通处方,0.4,0.3,100,480,102.71,97.79,107.87,0.0267,0.0296,通过
普通处方,0.4,0.3,100,481,102.21,97.55,107.09,0.0218,0.0281,通过
普通处方,0.4,0.3,100,482,101.8,97.01,106.83,0.0179,0.029,通过
普通处方,0.4,0.3,100,483,107.32,102.03,112.88,0.0706,0.0304,通过
普通处方,0.4,0.3,100,484,104.53,99.79,109.5,0.0443,0.028,通过
普通处方,0.4,0.3,100,485,101.15,96.35,106.2,0.0115,0.0293,通过
普通处方,0.4,0.3,100,486,106.43,101.58,111.52,0.0624,0.0281,通过
普通处方,0.4,0.3,100,487,104.48,99.72,109.46,0.0438,0.0281,通过
普通处方,0.4,0.3,100,488,104.21,99.07,109.62,0.0413,0.0305,通过
普通处方,0.4,0.3,100,489,103.15,98.03,108.52,0.031,0.0306,通过
普通处方,0.4,0.3,100,490,102.25,97.45,107.29,0.0222,0.029,通过
普通处方,0.4,0.3,100,491,101.9,97.14,106.9,0.0188,0.0289,通过
普通处方,0.4,0.3,100,492,101.25,96.36,106.38,0.0124,0.0298,通过
普通处方,0.4,0.3,100,493,101.33,96.89,105.97,0.0132,0.027,通过
普通处方,0.4,0.3,100,494,102.05,97.08,107.26,0.0202,0.03,通过
普通处方,0.4,0.3,100,495,107.99,103.56,112.61,0.0769,0.0252,通过
普通处方,0.4,0.3,100,496,105.61,101.03,110.41,0.0546,0.0267,通过
普通处方,0.4,0.3,100,497,105.68,100.71,110.9,0.0552,0.029,通过
普通处方,0.4,0.3,100,498,99.9,94.96,105.1,-0.001,0.0305,通过
普通处方,0.4,0.3,100,499,101.49,97.16,106.01,0.0148,0.0263,通过
普通处方,0.4,0.3,100,500,107.41,102.45,112.62,0.0715,0.0285,通过
普通处方,0.4,0.3,120,1,97.36,93.16,101.74,-0.0268,0.0266,通过
普通处方,0.4,0.3,120,2,101.04,96.09,106.25,0.0104,0.0303,通过
普通处方,0.4,0.3,120,3,101.83,97.69,106.14,0.0181,0.025,通过
普通处方,0.4,0.3,120,4,103.23,98.42,108.28,0.0318,0.0288,通过
普通处方,0.4,0.3,120,5,98.23,94.1,102.53,-0.0179,0.0259,通过
普通处方,0.4,0.3,120,6,104.9,100.44,109.55,0.0478,0.0262,通过
普通处方,0.4,0.3,120,7,105.61,100.98,110.45,0.0546,0.027,通过
普通处方,0.4,0.3,120,8,103.93,99.01,109.1,0.0386,0.0293,通过
普通处方,0.4,0.3,120,9,100.33,95.58,105.32,0.0033,0.0293,通过
普通处方,0.4,0.3,120,10,105.65,101.03,110.48,0.0549,0.027,通过
普通处方,0.4,0.3,120,11,105.15,100.29,110.26,0.0503,0.0286,通过
普通处方,0.4,0.3,120,12,104.42,100.08,108.94,0.0432,0.0256,通过
普通处方,0.4,0.3,120,13,105.07,100.49,109.85,0.0494,0.0269,通过
普通处方,0.4,0.3,120,14,102.38,98.06,106.9,0.0236,0.026,通过
普通处方,0.4,0.3,120,15,96.66,92.88,100.59,-0.034,0.024,通过
普通处方,0.4,0.3,120,16,105.64,101.62,109.83,0.0549,0.0234,通过
普通处方,0.4,0.3,120,17,107.53,102.78,112.5,0.0726,0.0272,通过
普通处方,0.4,0.3,120,18,102.6,97.61,107.84,0.0256,0.03,通过
普通处方,0.4,0.3,120,19,101.89,97.26,106.73,0.0187,0.028,通过
普通处方,0.4,0.3,120,20,105.7,100.96,110.66,0.0554,0.0277,通过
普通处方,0.4,0.3,120,21,103.28,98.39,108.41,0.0323,0.0292,通过
普通处方,0.4,0.3,120,22,100.19,96.38,104.14,0.0019,0.0233,通过
普通处方,0.4,0.3,120,23,104.99,100.18,110.03,0.0487,0.0283,通过
普通处方,0.4,0.3,120,24,102.37,97.02,108.0,0.0234,0.0323,通过
普通处方,0.4,0.3,120,25,102.32,97.55,107.31,0.0229,0.0287,通过
普通处方,0.4,0.3,120,26,103.57,98.65,108.72,0.035,0.0293,通过
普通处方,0.4,0.3,120,27,104.22,99.69,108.96,0.0413,0.0268,通过
普通处方,0.4,0.3,120,28,102.83,98.69,107.14,0.0279,0.0248,通过
普通处方,0.4,0.3,120,29,101.15,96.32,106.21,0.0114,0.0295,通过
普通处方,0.4,0.3,120,30,108.08,103.08,113.33,0.0777,0.0286,通过
普通处方,0.4,0.3,120,31,103.21,98.8,107.82,0.0316,0.0264,通过
普通处方,0.4,0.3,120,32,106.26,101.65,111.07,0.0607,0.0267,通过
普通处方,0.4,0.3,120,33,99.67,95.24,104.31,-0.0033,0.0274,通过
普通处方,0.4,0.3,120,34,109.46,104.69,114.45,0.0904,0.0269,通过
普通处方,0.4,0.3,120,35,102.68,98.3,107.26,0.0265,0.0263,通过
普通处方,0.4,0.3,120,36,98.91,94.81,103.19,-0.011,0.0256,通过
普通处方,0.4,0.3,120,37,104.98,100.35,109.83,0.0486,0.0272,通过
普通处方,0.4,0.3,120,38,103.29,98.84,107.94,0.0323,0.0266,通过
普通处方,0.4,0.3,120,39,99.24,95.01,103.65,-0.0076,0.0263,通过
普通处方,0.4,0.3,120,40,107.11,102.0,112.46,0.0687,0.0294,通过
普通处方,0.4,0.3,120,41,103.62,98.86,108.62,0.0356,0.0284,通过
普通处方,0.4,0.3,120,42,108.45,103.13,114.05,0.0812,0.0303,通过
普通处方,0.4,0.3,120,43,103.81,99.24,108.58,0.0374,0.0271,通过
普通处方,0.4,0.3,120,44,106.19,100.89,111.77,0.0601,0.0309,通过
普通处方,0.4,0.3,120,45,101.39,96.97,106.0,0.0138,0.0268,通过
普通处方,0.4,0.3,120,46,99.35,94.92,103.99,-0.0065,0.0275,通过
普通处方,0.4,0.3,120,47,109.26,104.62,114.11,0.0886,0.0262,通过
普通处方,0.4,0.3,120,48,102.26,97.44,107.31,0.0223,0.0291,通过
普通处方,0.4,0.3,120,49,102.52,98.04,107.2,0.0249,0.0269,通过
普通处方,0.4,0.3,120,50,105.25,100.36,110.37,0.0512,0.0287,通过
普通处方,0.4,0.3,120,51,103.92,99.46,108.59,0.0385,0.0265,通过
普通处方,0.4,0.3,120,52,103.51,98.61,108.66,0.0345,0.0293,通过
普通处方,0.4,0.3,120,53,101.84,97.5,106.37,0.0182,0.0263,通过
普通处方,0.4,0.3,120,54,102.61,97.86,107.59,0.0258,0.0286,通过
普通处方,0.4,0.3,120,55,113.31,108.85,117.96,0.125,0.0242,通过
普通处方,0.4,0.3,120,56,104.52,99.45,109.85,0.0442,0.03,通过
普通处方,0.4,0.3,120,57,102.47,98.06,107.08,0.0244,0.0265,通过
普通处方,0.4,0.3,120,58,107.3,102.95,111.84,0.0705,0.025,通过
普通处方,0.4,0.3,120,59,107.92,102.86,113.22,0.0762,0.0289,通过
普通处方,0.4,0.3,120,60,101.47,97.02,106.11,0.0146,0.027,通过
普通处方,0.4,0.3,120,61,104.96,100.66,109.45,0.0484,0.0252,通过
普通处方,0.4,0.3,120,62,105.87,100.96,111.02,0.057,0.0286,通过
普通处方,0.4,0.3,120,63,106.27,101.7,111.04,0.0608,0.0265,通过
普通处方,0.4,0.3,120,64,102.15,97.3,107.23,0.0212,0.0293,通过
普通处方,0.4,0.3,120,65,106.56,102.32,110.98,0.0635,0.0245,通过
普通处方,0.4,0.3,120,66,104.52,100.02,109.23,0.0442,0.0266,通过
普通处方,0.4,0.3,120,67,106.81,102.03,111.82,0.0659,0.0276,通过
普通处方,0.4,0.3,120,68,101.56,97.33,105.97,0.0155,0.0257,通过
普通处方,0.4,0.3,120,69,110.29,105.83,114.93,0.0979,0.0249,通过
普通处方,0.4,0.3,120,70,99.4,94.88,104.15,-0.006,0.0281,通过
普通处方,0.4,0.3,120,71,105.41,100.53,110.53,0.0527,0.0286,通过
普通处方,0.4,0.3,120,72,106.65,101.96,111.55,0.0643,0.0271,通过
普通处方,0.4,0.3,120,73,103.71,98.76,108.92,0.0365,0.0295,通过
普通处方,0.4,0.3,120,74,103.14,98.2,108.32,0.0309,0.0296,通过
普通处方,0.4,0.3,120,75,106.64,101.97,111.52,0.0643,0.027,通过
普通处方,0.4,0.3,120,76,107.74,102.87,112.84,0.0745,0.0279,通过
普通处方,0.4,0.3,120,77,102.59,97.84,107.57,0.0255,0.0286,通过
普通处方,0.4,0.3,120,78,99.24,95.01,103.65,-0.0077,0.0263,通过
普通处方,0.4,0.3,120,79,99.37,95.14,103.8,-0.0063,0.0263,通过
普通处方,0.4,0.3,120,80,102.56,98.07,107.26,0.0253,0.027,通过
普通处方,0.4,0.3,120,81,100.84,96.36,105.53,0.0084,0.0274,通过
普通处方,0.4,0.3,120,82,103.38,98.58,108.42,0.0333,0.0287,通过
普通处方,0.4,0.3,120,83,105.36,100.77,110.15,0.0522,0.0268,通过
普通处方,0.4,0.3,120,84,100.76,96.7,105.0,0.0076,0.0248,通过
普通处方,0.4,0.3,120,85,106.81,101.75,112.13,0.0659,0.0293,通过
普通处方,0.4,0.3,120,86,106.31,101.6,111.24,0.0612,0.0273,通过
普通处方,0.4,0.3,120,87,104.59,99.8,109.6,0.0448,0.0283,通过
普通处方,0.4,0.3,120,88,108.74,104.13,113.55,0.0838,0.0261,通过
普通处方,0.4,0.3,120,89,101.54,97.4,105.87,0.0153,0.0251,通过
普通处方,0.4,0.3,120,90,102.27,97.4,107.4,0.0225,0.0295,通过
普通处方,0.4,0.3,120,91,102.56,97.79,107.57,0.0253,0.0288,通过
普通处方,0.4,0.3,120,92,105.83,100.85,111.05,0.0566,0.0291,通过
普通处方,0.4,0.3,120,93,105.36,100.98,109.92,0.0522,0.0256,通过
普通处方,0.4,0.3,120,94,103.31,99.05,107.75,0.0325,0.0254,通过
普通处方,0.4,0.3,120,95,101.3,96.93,105.87,0.0129,0.0266,通过
普通处方,0.4,0.3,120,96,101.73,97.5,106.16,0.0172,0.0257,通过
普通处方,0.4,0.3,120,97,102.62,98.5,106.91,0.0259,0.0247,通过
普通处方,0.4,0.3,120,98,105.15,100.43,110.1,0.0502,0.0277,通过
普通处方,0.4,0.3,120,99,107.34,102.35,112.57,0.0708,0.0287,通过
普通处方,0.4,0.3,120,100,104.05,99.05,109.3,0.0397,0.0297,通过
普通处方,0.4,0.3,120,101,106.37,101.84,111.11,0.0618,0.0263,通过
普通处方,0.4,0.3,120,102,103.18,98.75,107.81,0.0313,0.0265,通过
普通处方,0.4,0.3,120,103,100.33,96.73,104.06,0.0033,0.022,通过
普通处方,0.4,0.3,120,104,107.22,102.67,111.98,0.0698,0.0262,通过
普通处方,0.4,0.3,120,105,105.75,100.84,110.9,0.0559,0.0287,通过
普通处方,0.4,0.3,120,106,99.97,95.89,104.21,-0.0003,0.0251,通过
普通处方,0.4,0.3,120,107,104.88,100.19,109.79,0.0476,0.0276,通过
普通处方,0.4,0.3,120,108,102.49,97.69,107.53,0.0246,0.0289,通过
普通处方,0.4,0.3,120,109,101.6,97.76,105.58,0.0158,0.0232,通过
普通处方,0.4,0.3,120,110,101.39,96.49,106.54,0.0138,0.0299,通过
普通处方,0.4,0.3,120,111,106.38,101.62,111.35,0.0618,0.0276,通过
普通处方,0.4,0.3,120,112,103.31,98.71,108.13,0.0326,0.0275,通过
普通处方,0.4,0.3,120,113,101.74,97.41,106.26,0.0172,0.0262,通过
普通处方,0.4,0.3,120,114,104.2,99.58,109.04,0.0412,0.0274,通过
普通处方,0.4,0.3,120,115,108.15,103.46,113.05,0.0783,0.0268,通过
普通处方,0.4,0.3,120,116,105.99,101.25,110.96,0.0582,0.0276,通过
普通处方,0.4,0.3,120,117,104.77,100.63,109.09,0.0466,0.0243,通过
普通处方,0.4,0.3,120,118,101.61,97.47,105.93,0.016,0.0251,通过
普通处方,0.4,0.3,120,119,105.97,101.73,110.37,0.0579,0.0246,通过
普通处方,0.4,0.3,120,120,103.44,98.93,108.16,0.0339,0.0269,通过
普通处方,0.4,0.3,120,121,111.23,106.45,116.22,0.1064,0.0265,通过
普通处方,0.4,0.3,120,122,102.48,97.91,107.26,0.0245,0.0275,通过
普通处方,0.4,0.3,120,123,100.25,95.78,104.94,0.0025,0.0275,通过
普通处方,0.4,0.3,120,124,108.89,104.27,113.72,0.0852,0.0262,通过
普通处方,0.4,0.3,120,125,106.26,101.61,111.11,0.0607,0.0269,通过
普通处方,0.4,0.3,120,126,97.18,92.25,102.36,-0.0287,0.0314,通过
普通处方,0.4,0.3,120,127,103.01,98.46,107.78,0.0297,0.0273,通过
普通处方,0.4,0.3,120,128,107.61,103.22,112.18,0.0733,0.0251,通过
普通处方,0.4,0.3,120,129,102.73,98.2,107.46,0.0269,0.0272,通过
普通处方,0.4,0.3,120,130,104.48,99.74,109.44,0.0438,0.028,通过
普通处方,0.4,0.3,120,131,108.25,103.54,113.17,0.0792,0.0268,通过
普通处方,0.4,0.3,120,132,108.07,103.56,112.77,0.0776,0.0257,通过
普通处方,0.4,0.3,120,133,104.87,100.05,109.94,0.0476,0.0284,通过
普通处方,0.4,0.3,120,134,104.97,100.19,109.98,0.0485,0.0281,通过
普通处方,0.4,0.3,120,135,107.65,102.92,112.61,0.0738,0.0272,通过
普通处方,0.4,0.3,120,136,102.3,98.03,106.77,0.0228,0.0258,通过
普通处方,0.4,0.3,120,137,105.53,100.97,110.29,0.0538,0.0266,通过
普通处方,0.4,0.3,120,138,105.11,100.26,110.2,0.0499,0.0285,通过
普通处方,0.4,0.3,120,139,99.03,95.05,103.17,-0.0098,0.0247,通过
普通处方,0.4,0.3,120,140,102.33,97.76,107.11,0.023,0.0275,通过
普通处方,0.4,0.3,120,141,100.58,96.0,105.37,0.0057,0.0281,通过
普通处方,0.4,0.3,120,142,105.99,101.18,111.03,0.0582,0.028,通过
普通处方,0.4,0.3,120,143,105.32,100.85,109.99,0.0519,0.0262,通过
普通处方,0.4,0.3,120,144,104.8,100.25,109.56,0.0469,0.0268,通过
普通处方,0.4,0.3,120,145,100.03,95.81,104.43,0.0003,0.026,通过
普通处方,0.4,0.3,120,146,98.42,94.11,102.92,-0.0159,0.027,通过
普通处方,0.4,0.3,120,147,107.42,102.65,112.42,0.0716,0.0274,通过
普通处方,0.4,0.3,120,148,110.25,105.15,115.61,0.0976,0.0286,通过
普通处方,0.4,0.3,120,149,107.62,101.96,113.59,0.0734,0.0326,通过
普通处方,0.4,0.3,120,150,106.57,101.79,111.59,0.0637,0.0277,通过
普通处方,0.4,0.3,120,151,107.83,102.79,113.11,0.0754,0.0288,通过
普通处方,0.4,0.3,120,152,104.89,100.23,109.76,0.0477,0.0274,通过
普通处方,0.4,0.3,120,153,101.92,97.2,106.88,0.0191,0.0287,通过
普通处方,0.4,0.3,120,154,103.24,98.61,108.09,0.0319,0.0277,通过
普通处方,0.4,0.3,120,155,105.35,100.78,110.13,0.0522,0.0267,通过
普通处方,0.4,0.3,120,156,98.26,93.78,102.95,-0.0175,0.0281,通过
普通处方,0.4,0.3,120,157,106.06,101.26,111.09,0.0589,0.0279,通过
普通处方,0.4,0.3,120,158,106.52,101.58,111.69,0.0632,0.0286,通过
普通处方,0.4,0.3,120,159,102.52,98.24,106.98,0.0249,0.0257,通过
普通处方,0.4,0.3,120,160,105.45,101.04,110.06,0.0531,0.0258,通过
普通处方,0.4,0.3,120,161,103.69,99.15,108.45,0.0363,0.027,通过
普通处方,0.4,0.3,120,162,104.14,99.05,109.5,0.0406,0.0303,通过
普通处方,0.4,0.3,120,163,105.76,101.08,110.65,0.056,0.0273,通过
普通处方,0.4,0.3,120,164,106.64,101.93,111.58,0.0643,0.0273,通过
普通处方,0.4,0.3,120,165,102.19,97.52,107.08,0.0217,0.0282,通过
普通处方,0.4,0.3,120,166,107.32,103.01,111.81,0.0706,0.0247,通过
普通处方,0.4,0.3,120,167,104.36,100.04,108.87,0.0427,0.0255,通过
普通处方,0.4,0.3,120,168,108.36,103.73,113.2,0.0803,0.0264,通过
普通处方,0.4,0.3,120,169,105.57,100.5,110.9,0.0542,0.0297,通过
普通处方,0.4,0.3,120,170,108.82,103.65,114.25,0.0845,0.0294,通过
普通处方,0.4,0.3,120,171,106.72,102.13,111.52,0.0651,0.0265,通过
普通处方,0.4,0.3,120,172,102.53,97.75,107.54,0.025,0.0288,通过
普通处方,0.4,0.3,120,173,105.21,100.61,110.02,0.0508,0.027,通过
普通处方,0.4,0.3,120,174,101.29,96.25,106.59,0.0128,0.0308,通过
普通处方,0.4,0.3,120,175,104.98,100.34,109.82,0.0486,0.0272,通过
普通处方,0.4,0.3,120,176,107.15,101.98,112.59,0.0691,0.0299,通过
普通处方,0.4,0.3,120,177,98.92,94.69,103.34,-0.0109,0.0264,通过
普通处方,0.4,0.3,120,178,102.3,97.43,107.41,0.0227,0.0294,通过
普通处方,0.4,0.3,120,179,102.98,97.99,108.21,0.0293,0.0299,通过
普通处方,0.4,0.3,120,180,104.1,100.13,108.23,0.0402,0.0234,通过
普通处方,0.4,0.3,120,181,105.45,100.78,110.34,0.0531,0.0273,通过
普通处方,0.4,0.3,120,182,107.68,103.06,112.51,0.074,0.0264,通过
普通处方,0.4,0.3,120,183,102.71,98.43,107.17,0.0267,0.0257,通过
普通处方,0.4,0.3,120,184,102.42,97.86,107.18,0.0239,0.0274,通过
普通处方,0.4,0.3,120,185,112.42,107.11,118.01,0.1171,0.0292,通过
普通处方,0.4,0.3,120,186,104.66,100.31,109.19,0.0455,0.0256,通过
普通处方,0.4,0.3,120,187,105.15,100.45,110.06,0.0502,0.0275,通过
普通处方,0.4,0.3,120,188,109.54,104.56,114.75,0.0911,0.0281,通过
普通处方,0.4,0.3,120,189,105.06,100.32,110.02,0.0494,0.0278,通过
普通处方,0.4,0.3,120,190,96.92,92.1,101.98,-0.0313,0.0307,通过
普通处方,0.4,0.3,120,191,106.65,102.57,110.89,0.0644,0.0235,通过
普通处方,0.4,0.3,120,192,101.53,97.32,105.92,0.0151,0.0255,通过
普通处方,0.4,0.3,120,193,105.21,100.62,110.01,0.0508,0.0269,通过
普通处方,0.4,0.3,120,194,103.03,98.36,107.92,0.0299,0.028,通过
普通处方,0.4,0.3,120,195,108.03,103.35,112.92,0.0772,0.0267,通过
普通处方,0.4,0.3,120,196,106.53,101.69,111.6,0.0633,0.028,通过
普通处方,0.4,0.3,120,197,103.85,99.12,108.8,0.0377,0.0281,通过
普通处方,0.4,0.3,120,198,105.78,100.66,111.17,0.0562,0.03,通过
普通处方,0.4,0.3,120,199,106.68,102.02,111.57,0.0647,0.027,通过
普通处方,0.4,0.3,120,200,105.94,101.39,110.68,0.0577,0.0264,通过
普通处方,0.4,0.3,120,201,106.59,101.79,111.62,0.0638,0.0278,通过
普通处方,0.4,0.3,120,202,106.62,101.8,111.66,0.0641,0.0279,通过
普通处方,0.4,0.3,120,203,106.5,102.07,111.12,0.063,0.0256,通过
普通处方,0.4,0.3,120,204,104.64,99.81,109.71,0.0454,0.0285,通过
普通处方,0.4,0.3,120,205,105.66,100.86,110.7,0.0551,0.0281,通过
普通处方,0.4,0.3,120,206,104.55,100.31,108.96,0.0445,0.025,通过
普通处方,0.4,0.3,120,207,103.82,99.23,108.62,0.0375,0.0273,通过
普通处方,0.4,0.3,120,208,105.02,100.29,109.97,0.049,0.0278,通过
普通处方,0.4,0.3,120,209,101.07,96.55,105.8,0.0106,0.0276,通过
普通处方,0.4,0.3,120,210,105.35,100.52,110.41,0.0521,0.0283,通过
普通处方,0.4,0.3,120,211,102.28,98.45,106.25,0.0225,0.023,通过
普通处方,0.4,0.3,120,212,101.96,97.38,106.76,0.0194,0.0278,通过
普通处方,0.4,0.3,120,213,107.08,102.27,112.11,0.0684,0.0277,通过
普通处方,0.4,0.3,120,214,107.56,102.55,112.82,0.0729,0.0288,通过
普通处方,0.4,0.3,120,215,103.38,99.0,107.96,0.0333,0.0261,通过
普通处方,0.4,0.3,120,216,104.1,99.62,108.78,0.0402,0.0265,通过
普通处方,0.4,0.3,120,217,102.23,97.82,106.85,0.0221,0.0266,通过
普通处方,0.4,0.3,120,218,107.14,102.71,111.77,0.069,0.0255,通过
普通处方,0.4,0.3,120,219,107.24,102.18,112.55,0.0699,0.0292,通过
普通处方,0.4,0.3,120,220,107.48,102.99,112.16,0.0721,0.0257,通过
普通处方,0.4,0.3,120,221,96.58,92.62,100.71,-0.0348,0.0252,通过
普通处方,0.4,0.3,120,222,99.91,95.16,104.9,-0.0009,0.0294,通过
普通处方,0.4,0.3,120,223,103.48,99.26,107.87,0.0342,0.0251,通过
普通处方,0.4,0.3,120,224,103.01,98.48,107.74,0.0296,0.0271,通过
普通处方,0.4,0.3,120,225,100.75,97.09,104.55,0.0075,0.0223,通过
普通处方,0.4,0.3,120,226,109.75,104.66,115.1,0.0931,0.0287,通过
普通处方,0.4,0.3,120,227,102.13,97.55,106.92,0.0211,0.0277,通过
普通处方,0.4,0.3,120,228,100.23,95.79,104.88,0.0023,0.0273,通过
普通处方,0.4,0.3,120,229,108.24,103.28,113.44,0.0792,0.0283,通过
普通处方,0.4,0.3,120,230,104.89,100.1,109.91,0.0477,0.0282,通过
普通处方,0.4,0.3,120,231,103.08,98.51,107.86,0.0303,0.0273,通过
普通处方,0.4,0.3,120,232,107.17,102.62,111.92,0.0692,0.0262,通过
普通处方,0.4,0.3,120,233,100.42,95.67,105.4,0.0042,0.0292,通过
普通处方,0.4,0.3,120,234,104.18,99.19,109.42,0.0409,0.0296,通过
普通处方,0.4,0.3,120,235,102.0,97.6,106.61,0.0199,0.0267,通过
普通处方,0.4,0.3,120,236,103.88,99.59,108.36,0.0381,0.0254,通过
普通处方,0.4,0.3,120,237,103.2,99.08,107.49,0.0315,0.0246,通过
普通处方,0.4,0.3,120,238,104.27,99.4,109.38,0.0418,0.0288,通过
普通处方,0.4,0.3,120,239,104.35,99.32,109.63,0.0426,0.0298,通过
普通处方,0.4,0.3,120,240,100.37,96.18,104.75,0.0037,0.0257,通过
普通处方,0.4,0.3,120,241,102.83,98.42,107.43,0.0279,0.0264,通过
普通处方,0.4,0.3,120,242,102.22,97.71,106.95,0.022,0.0273,通过
普通处方,0.4,0.3,120,243,105.9,100.93,111.12,0.0573,0.029,通过
普通处方,0.4,0.3,120,244,105.33,100.57,110.32,0.0519,0.0279,通过
普通处方,0.4,0.3,120,245,102.83,98.31,107.56,0.0279,0.0271,通过
普通处方,0.4,0.3,120,246,106.03,100.85,111.47,0.0585,0.0302,通过
普通处方,0.4,0.3,120,247,100.5,95.89,105.33,0.0049,0.0283,通过
普通处方,0.4,0.3,120,248,107.44,102.63,112.48,0.0718,0.0276,通过
普通处方,0.4,0.3,120,249,105.28,100.09,110.75,0.0515,0.0305,通过
普通处方,0.4,0.3,120,250,108.42,103.43,113.64,0.0808,0.0284,通过
普通处方,0.4,0.3,120,251,102.45,98.06,107.03,0.0242,0.0264,通过
普通处方,0.4,0.3,120,252,103.11,98.16,108.3,0.0306,0.0296,通过
普通处方,0.4,0.3,120,253,105.76,100.74,111.02,0.056,0.0293,通过
普通处方,0.4,0.3,120,254,104.46,99.94,109.18,0.0436,0.0267,通过
普通处方,0.4,0.3,120,255,101.59,97.16,106.22,0.0158,0.0269,通过
普通处方,0.4,0.3,120,256,100.55,96.59,104.67,0.0055,0.0242,通过
普通处方,0.4,0.3,120,257,104.22,99.65,108.99,0.0413,0.027,通过
普通处方,0.4,0.3,120,258,107.22,102.95,111.67,0.0697,0.0245,通过
普通处方,0.4,0.3,120,259,102.12,97.51,106.95,0.021,0.0279,通过
普通处方,0.4,0.3,120,260,102.68,98.05,107.53,0.0265,0.0278,通过
普通处方,0.4,0.3,120,261,108.36,103.57,113.38,0.0803,0.0273,通过
普通处方,0.4,0.3,120,262,105.07,100.48,109.87,0.0495,0.0269,通过
普通处方,0.4,0.3,120,263,104.03,99.85,108.37,0.0395,0.0247,通过
普通处方,0.4,0.3,120,264,108.32,103.53,113.34,0.08,0.0273,通过
普通处方,0.4,0.3,120,265,104.74,99.78,109.95,0.0463,0.0293,通过
普通处方,0.4,0.3,120,266,98.14,93.66,102.84,-0.0188,0.0282,通过
普通处方,0.4,0.3,120,267,103.46,98.5,108.68,0.034,0.0297,通过
普通处方,0.4,0.3,120,268,104.64,100.53,108.91,0.0453,0.0242,通过
普通处方,0.4,0.3,120,269,113.27,107.69,119.14,0.1246,0.0305,通过
普通处方,0.4,0.3,120,270,103.44,98.46,108.67,0.0338,0.0298,通过
普通处方,0.4,0.3,120,271,107.93,103.26,112.81,0.0763,0.0267,通过
普通处方,0.4,0.3,120,272,107.53,103.04,112.22,0.0726,0.0257,通过
普通处方,0.4,0.3,120,273,103.73,98.81,108.9,0.0366,0.0293,通过
普通处方,0.4,0.3,120,274,107.02,101.64,112.69,0.0679,0.0311,通过
普通处方,0.4,0.3,120,275,108.64,103.77,113.74,0.0829,0.0277,通过
普通处方,0.4,0.3,120,276,102.06,97.59,106.74,0.0204,0.027,通过
普通处方,0.4,0.3,120,277,109.11,103.82,114.68,0.0872,0.03,通过
普通处方,0.4,0.3,120,278,106.19,101.6,111.0,0.0601,0.0267,通过
普通处方,0.4,0.3,120,279,105.48,101.1,110.04,0.0533,0.0256,通过
普通处方,0.4,0.3,120,280,106.94,101.79,112.34,0.0671,0.0297,通过
普通处方,0.4,0.3,120,281,106.21,101.48,111.15,0.0602,0.0274,通过
普通处方,0.4,0.3,120,282,105.28,100.76,109.99,0.0514,0.0264,通过
普通处方,0.4,0.3,120,283,103.88,99.24,108.74,0.038,0.0276,通过
普通处方,0.4,0.3,120,284,104.74,99.94,109.77,0.0463,0.0283,通过
普通处方,0.4,0.3,120,285,99.99,95.38,104.83,-0.0001,0.0285,通过
普通处方,0.4,0.3,120,286,99.44,95.28,103.78,-0.0056,0.0258,通过
普通处方,0.4,0.3,120,287,108.97,104.25,113.89,0.0859,0.0267,通过
普通处方,0.4,0.3,120,288,102.93,98.48,107.59,0.0289,0.0267,通过
普通处方,0.4,0.3,120,289,102.3,97.67,107.14,0.0227,0.0279,通过
普通处方,0.4,0.3,120,290,109.67,104.76,114.81,0.0923,0.0276,通过
普通处方,0.4,0.3,120,291,111.03,106.26,116.02,0.1046,0.0265,通过
普通处方,0.4,0.3,120,292,103.61,98.72,108.74,0.0354,0.0292,通过
普通处方,0.4,0.3,120,293,106.23,101.36,111.34,0.0604,0.0283,通过
普通处方,0.4,0.3,120,294,99.54,95.09,104.19,-0.0046,0.0276,通过
普通处方,0.4,0.3,120,295,103.39,98.38,108.66,0.0334,0.03,通过
普通处方,0.4,0.3,120,296,107.13,102.61,111.84,0.0688,0.026,通过
普通处方,0.4,0.3,120,297,104.81,100.08,109.75,0.0469,0.0278,通过
普通处方,0.4,0.3,120,298,104.51,100.46,108.73,0.0441,0.0238,通过
普通处方,0.4,0.3,120,299,107.32,102.74,112.1,0.0706,0.0263,通过
普通处方,0.4,0.3,120,300,107.63,103.09,112.38,0.0736,0.026,通过
普通处方,0.4,0.3,120,301,108.76,103.2,114.62,0.084,0.0317,通过
普通处方,0.4,0.3,120,302,97.09,92.91,101.46,-0.0295,0.0266,通过
普通处方,0.4,0.3,120,303,105.55,101.23,110.05,0.054,0.0252,通过
普通处方,0.4,0.3,120,304,101.51,96.96,106.28,0.015,0.0277,通过
普通处方,0.4,0.3,120,305,108.99,103.82,114.42,0.0861,0.0293,通过
普通处方,0.4,0.3,120,306,105.71,100.79,110.88,0.0555,0.0288,通过
普通处方,0.4,0.3,120,307,105.43,101.03,110.02,0.0529,0.0257,通过
普通处方,0.4,0.3,120,308,104.06,99.81,108.5,0.0398,0.0252,通过
普通处方,0.4,0.3,120,309,102.71,98.01,107.65,0.0268,0.0283,通过
普通处方,0.4,0.3,120,310,100.46,96.25,104.86,0.0046,0.0258,通过
普通处方,0.4,0.3,120,311,105.98,101.14,111.05,0.058,0.0282,通过
普通处方,0.4,0.3,120,312,108.08,103.31,113.07,0.0777,0.0272,通过
普通处方,0.4,0.3,120,313,107.65,102.8,112.73,0.0737,0.0278,通过
普通处方,0.4,0.3,120,314,105.09,100.54,109.85,0.0497,0.0267,通过
普通处方,0.4,0.3,120,315,103.02,98.49,107.75,0.0297,0.0271,通过
普通处方,0.4,0.3,120,316,106.31,101.69,111.14,0.0612,0.0268,通过
普通处方,0.4,0.3,120,317,102.41,97.96,107.06,0.0238,0.0268,通过
普通处方,0.4,0.3,120,318,104.13,99.67,108.78,0.0405,0.0264,通过
普通处方,0.4,0.3,120,319,103.28,98.83,107.92,0.0322,0.0265,通过
普通处方,0.4,0.3,120,320,95.81,91.58,100.24,-0.0428,0.0273,通过
普通处方,0.4,0.3,120,321,102.46,97.68,107.48,0.0243,0.0288,通过
普通处方,0.4,0.3,120,322,103.14,98.54,107.94,0.0309,0.0275,通过
普通处方,0.4,0.3,120,323,105.42,100.73,110.32,0.0528,0.0274,通过
普通处方,0.4,0.3,120,324,104.85,99.92,110.02,0.0473,0.0291,通过
普通处方,0.4,0.3,120,325,107.02,102.27,111.99,0.0678,0.0274,通过
普通处方,0.4,0.3,120,326,105.42,101.14,109.88,0.0528,0.025,通过
普通处方,0.4,0.3,120,327,108.6,103.73,113.71,0.0825,0.0277,通过
普通处方,0.4,0.3,120,328,103.71,99.63,107.96,0.0364,0.0242,通过
普通处方,0.4,0.3,120,329,105.06,100.04,110.34,0.0494,0.0295,通过
普通处方,0.4,0.3,120,330,108.16,103.1,113.46,0.0784,0.0289,通过
普通处方,0.4,0.3,120,331,101.91,97.59,106.42,0.0189,0.0261,通过
普通处方,0.4,0.3,120,332,104.25,99.52,109.2,0.0416,0.028,通过
普通处方,0.4,0.3,120,333,104.06,99.49,108.85,0.0398,0.0271,通过
普通处方,0.4,0.3,120,334,104.88,100.04,109.96,0.0476,0.0285,通过
普通处方,0.4,0.3,120,335,105.96,100.97,111.19,0.0579,0.0291,通过
普通处方,0.4,0.3,120,336,107.29,102.55,112.25,0.0704,0.0273,通过
普通处方,0.4,0.3,120,337,103.38,98.43,108.58,0.0332,0.0296,通过
普通处方,0.4,0.3,120,338,107.82,102.9,112.99,0.0753,0.0282,通过
普通处方,0.4,0.3,120,339,99.89,95.72,104.25,-0.0011,0.0257,通过
普通处方,0.4,0.3,120,340,105.75,100.95,110.78,0.0559,0.028,通过
普通处方,0.4,0.3,120,341,110.08,105.3,115.07,0.096,0.0268,通过
普通处方,0.4,0.3,120,342,104.6,100.18,109.21,0.045,0.026,通过
普通处方,0.4,0.3,120,343,108.73,103.77,113.92,0.0837,0.0281,通过
普通处方,0.4,0.3,120,344,107.52,102.72,112.54,0.0725,0.0275,通过
普通处方,0.4,0.3,120,345,101.49,97.31,105.86,0.0148,0.0254,通过
普通处方,0.4,0.3,120,346,102.38,98.06,106.9,0.0236,0.026,通过
普通处方,0.4,0.3,120,347,103.87,99.99,107.9,0.038,0.023,通过
普通处方,0.4,0.3,120,348,100.98,96.7,105.45,0.0098,0.0261,通过
普通处方,0.4,0.3,120,349,104.35,100.17,108.7,0.0426,0.0247,通过
普通处方,0.4,0.3,120,350,102.87,98.13,107.85,0.0283,0.0285,通过
普通处方,0.4,0.3,120,351,108.25,103.4,113.33,0.0793,0.0277,通过
普通处方,0.4,0.3,120,352,107.59,102.65,112.77,0.0732,0.0284,通过
普通处方,0.4,0.3,120,353,108.76,103.57,114.21,0.084,0.0295,通过
普通处方,0.4,0.3,120,354,99.07,94.54,103.82,-0.0093,0.0282,通过
普通处方,0.4,0.3,120,355,105.96,100.95,111.22,0.0579,0.0292,通过
普通处方,0.4,0.3,120,356,102.36,97.84,107.1,0.0234,0.0273,通过
普通处方,0.4,0.3,120,357,109.45,104.73,114.38,0.0903,0.0266,通过
普通处方,0.4,0.3,120,358,104.14,99.32,109.19,0.0406,0.0286,通过
普通处方,0.4,0.3,120,359,105.01,100.76,109.43,0.0488,0.0249,通过
普通处方,0.4,0.3,120,360,102.96,98.81,107.29,0.0292,0.0248,通过
普通处方,0.4,0.3,120,361,107.07,102.83,111.48,0.0683,0.0243,通过
普通处方,0.4,0.3,120,362,106.8,102.48,111.3,0.0658,0.0249,通过
普通处方,0.4,0.3,120,363,105.3,100.48,110.36,0.0517,0.0283,通过
普通处方,0.4,0.3,120,364,104.58,100.18,109.17,0.0447,0.0259,通过
普通处方,0.4,0.3,120,365,107.24,102.69,111.99,0.0699,0.0261,通过
普通处方,0.4,0.3,120,366,105.31,100.75,110.08,0.0517,0.0267,通过
普通处方,0.4,0.3,120,367,100.14,95.62,104.87,0.0014,0.0278,通过
普通处方,0.4,0.3,120,368,106.72,101.79,111.89,0.065,0.0285,通过
普通处方,0.4,0.3,120,369,103.29,99.17,107.59,0.0324,0.0246,通过
普通处方,0.4,0.3,120,370,106.44,101.87,111.21,0.0624,0.0264,通过
普通处方,0.4,0.3,120,371,109.79,104.77,115.06,0.0934,0.0283,通过
普通处方,0.4,0.3,120,372,100.65,96.41,105.07,0.0065,0.0259,通过
普通处方,0.4,0.3,120,373,104.44,100.05,109.02,0.0434,0.0259,通过
普通处方,0.4,0.3,120,374,106.23,101.85,110.8,0.0604,0.0254,通过
普通处方,0.4,0.3,120,375,105.88,101.38,110.58,0.0572,0.0262,通过
普通处方,0.4,0.3,120,376,108.51,103.71,113.54,0.0817,0.0273,通过
普通处方,0.4,0.3,120,377,106.28,101.26,111.55,0.0609,0.0292,通过
普通处方,0.4,0.3,120,378,105.23,100.93,109.72,0.051,0.0252,通过
普通处方,0.4,0.3,120,379,97.49,93.02,102.17,-0.0254,0.0283,通过
普通处方,0.4,0.3,120,380,109.15,104.59,113.9,0.0875,0.0257,通过
普通处方,0.4,0.3,120,381,101.92,97.21,106.85,0.019,0.0285,通过
普通处方,0.4,0.3,120,382,107.64,103.16,112.32,0.0736,0.0256,通过
普通处方,0.4,0.3,120,383,102.74,98.53,107.14,0.0271,0.0253,通过
普通处方,0.4,0.3,120,384,103.49,99.48,107.65,0.0343,0.0238,通过
普通处方,0.4,0.3,120,385,111.09,106.55,115.83,0.1052,0.0252,通过
普通处方,0.4,0.3,120,386,102.03,97.28,107.02,0.0201,0.0288,通过
普通处方,0.4,0.3,120,387,103.84,98.93,109.0,0.0377,0.0292,通过
普通处方,0.4,0.3,120,388,104.85,100.27,109.64,0.0474,0.0269,通过
普通处方,0.4,0.3,120,389,106.76,102.14,111.59,0.0654,0.0267,通过
普通处方,0.4,0.3,120,390,106.05,101.18,111.15,0.0587,0.0283,通过
普通处方,0.4,0.3,120,391,101.93,97.43,106.64,0.0191,0.0272,通过
普通处方,0.4,0.3,120,392,107.8,103.63,112.14,0.0751,0.0238,通过
普通处方,0.4,0.3,120,393,105.63,101.26,110.19,0.0548,0.0255,通过
普通处方,0.4,0.3,120,394,98.18,94.0,102.55,-0.0183,0.0263,通过
普通处方,0.4,0.3,120,395,101.16,96.92,105.58,0.0115,0.0258,通过
普通处方,0.4,0.3,120,396,108.1,102.9,113.56,0.0779,0.0297,通过
普通处方,0.4,0.3,120,397,105.62,101.1,110.34,0.0547,0.0264,通过
普通处方,0.4,0.3,120,398,104.45,99.8,109.32,0.0436,0.0275,通过
普通处方,0.4,0.3,120,399,104.09,99.24,109.18,0.0401,0.0288,通过
普通处方,0.4,0.3,120,400,107.1,102.78,111.59,0.0686,0.0248,通过
普通处方,0.4,0.3,120,401,108.45,103.63,113.5,0.0811,0.0275,通过
普通处方,0.4,0.3,120,402,105.99,101.16,111.05,0.0582,0.0281,通过
普通处方,0.4,0.3,120,403,105.19,100.31,110.31,0.0506,0.0287,通过
普通处方,0.4,0.3,120,404,102.19,97.71,106.87,0.0217,0.027,通过
普通处方,0.4,0.3,120,405,103.66,99.29,108.22,0.036,0.026,通过
普通处方,0.4,0.3,120,406,105.07,100.04,110.36,0.0495,0.0296,通过
普通处方,0.4,0.3,120,407,103.49,98.42,108.82,0.0343,0.0303,通过
普通处方,0.4,0.3,120,408,104.1,99.12,109.33,0.0402,0.0296,通过
普通处方,0.4,0.3,120,409,101.73,96.96,106.74,0.0172,0.029,通过
普通处方,0.4,0.3,120,410,101.66,97.39,106.13,0.0165,0.0259,通过
普通处方,0.4,0.3,120,411,102.27,97.56,107.21,0.0225,0.0284,通过
普通处方,0.4,0.3,120,412,104.05,99.58,108.72,0.0397,0.0265,通过
普通处方,0.4,0.3,120,413,109.0,103.95,114.3,0.0862,0.0286,通过
普通处方,0.4,0.3,120,414,104.78,100.16,109.61,0.0467,0.0272,通过
普通处方,0.4,0.3,120,415,101.84,97.11,106.8,0.0182,0.0287,通过
普通处方,0.4,0.3,120,416,104.48,99.47,109.75,0.0438,0.0297,通过
普通处方,0.4,0.3,120,417,109.48,104.51,114.67,0.0905,0.028,通过
普通处方,0.4,0.3,120,418,102.71,97.97,107.69,0.0268,0.0285,通过
普通处方,0.4,0.3,120,419,106.95,102.65,111.43,0.0672,0.0248,通过
普通处方,0.4,0.3,120,420,101.87,97.24,106.73,0.0186,0.0281,通过
普通处方,0.4,0.3,120,421,103.28,98.81,107.95,0.0323,0.0267,通过
普通处方,0.4,0.3,120,422,106.63,101.85,111.64,0.0642,0.0277,通过
普通处方,0.4,0.3,120,423,102.41,98.27,106.72,0.0238,0.0249,通过
普通处方,0.4,0.3,120,424,106.31,102.08,110.72,0.0612,0.0245,通过
普通处方,0.4,0.3,120,425,103.31,98.86,107.96,0.0326,0.0265,通过
普通处方,0.4,0.3,120,426,102.77,97.9,107.88,0.0273,0.0293,通过
普通处方,0.4,0.3,120,427,104.28,99.87,108.87,0.0419,0.026,通过
普通处方,0.4,0.3,120,428,106.74,101.46,112.29,0.0652,0.0306,通过
普通处方,0.4,0.3,120,429,103.5,98.89,108.33,0.0344,0.0275,通过
普通处方,0.4,0.3,120,430,106.42,102.33,110.67,0.0622,0.0236,通过
普通处方,0.4,0.3,120,431,102.76,98.55,107.14,0.0272,0.0252,通过
普通处方,0.4,0.3,120,432,103.25,98.77,107.94,0.032,0.0268,通过
普通处方,0.4,0.3,120,433,105.38,100.83,110.13,0.0524,0.0266,通过
普通处方,0.4,0.3,120,434,103.39,98.88,108.11,0.0334,0.0269,通过
普通处方,0.4,0.3,120,435,101.55,97.08,106.22,0.0153,0.0271,通过
普通处方,0.4,0.3,120,436,106.3,101.2,111.65,0.0611,0.0297,通过
普通处方,0.4,0.3,120,437,108.11,103.9,112.49,0.078,0.024,通过
普通处方,0.4,0.3,120,438,105.16,100.05,110.53,0.0503,0.0301,通过
普通处方,0.4,0.3,120,439,105.47,100.89,110.26,0.0533,0.0268,通过
普通处方,0.4,0.3,120,440,102.56,98.24,107.06,0.0252,0.0259,通过
普通处方,0.4,0.3,120,441,105.64,101.39,110.07,0.0549,0.0248,通过
普通处方,0.4,0.3,120,442,101.66,97.21,106.31,0.0165,0.027,通过
普通处方,0.4,0.3,120,443,99.54,95.32,103.94,-0.0046,0.0261,通过
普通处方,0.4,0.3,120,444,102.42,98.07,106.97,0.0239,0.0262,通过
普通处方,0.4,0.3,120,445,100.04,95.38,104.93,0.0004,0.0288,通过
普通处方,0.4,0.3,120,446,103.57,98.87,108.5,0.0351,0.028,通过
普通处方,0.4,0.3,120,447,108.0,102.84,113.42,0.077,0.0295,通过
普通处方,0.4,0.3,120,448,101.56,97.3,106.01,0.0155,0.0258,通过
普通处方,0.4,0.3,120,449,109.13,104.35,114.13,0.0874,0.027,通过
普通处方,0.4,0.3,120,450,107.71,102.81,112.84,0.0743,0.0281,通过
普通处方,0.4,0.3,120,451,105.13,100.75,109.69,0.05,0.0256,通过
普通处方,0.4,0.3,120,452,102.59,97.84,107.58,0.0256,0.0286,通过
普通处方,0.4,0.3,120,453,105.6,101.24,110.13,0.0544,0.0254,通过
普通处方,0.4,0.3,120,454,104.64,100.21,109.27,0.0454,0.0261,通过
普通处方,0.4,0.3,120,455,104.92,99.98,110.1,0.048,0.0291,通过
普通处方,0.4,0.3,120,456,104.9,100.44,109.55,0.0478,0.0262,通过
普通处方,0.4,0.3,120,457,99.9,95.75,104.24,-0.001,0.0256,通过
普通处方,0.4,0.3,120,458,101.64,97.3,106.18,0.0163,0.0263,通过
普通处方,0.4,0.3,120,459,100.1,96.0,104.39,0.001,0.0253,通过
普通处方,0.4,0.3,120,460,108.04,102.84,113.5,0.0773,0.0298,通过
普通处方,0.4,0.3,120,461,102.08,97.92,106.41,0.0206,0.0251,通过
普通处方,0.4,0.3,120,462,112.38,107.26,117.75,0.1167,0.0281,通过
普通处方,0.4,0.3,120,463,98.18,93.83,102.73,-0.0184,0.0273,通过
普通处方,0.4,0.3,120,464,102.33,97.41,107.49,0.023,0.0297,通过
普通处方,0.4,0.3,120,465,103.97,99.0,109.19,0.0389,0.0296,通过
普通处方,0.4,0.3,120,466,106.39,101.62,111.39,0.0619,0.0277,通过
普通处方,0.4,0.3,120,467,107.21,102.96,111.64,0.0696,0.0244,通过
普通处方,0.4,0.3,120,468,103.49,98.72,108.49,0.0343,0.0285,通过
普通处方,0.4,0.3,120,469,104.43,100.15,108.88,0.0433,0.0252,通过
普通处方,0.4,0.3,120,470,104.13,100.17,108.24,0.0404,0.0234,通过
普通处方,0.4,0.3,120,471,106.89,102.54,111.43,0.0667,0.0251,通过
普通处方,0.4,0.3,120,472,106.53,101.98,111.28,0.0633,0.0263,通过
普通处方,0.4,0.3,120,473,105.24,100.7,109.98,0.051,0.0266,通过
普通处方,0.4,0.3,120,474,103.8,99.57,108.22,0.0373,0.0251,通过
普通处方,0.4,0.3,120,475,104.01,99.41,108.83,0.0393,0.0273,通过
普通处方,0.4,0.3,120,476,102.87,98.3,107.66,0.0283,0.0275,通过
普通处方,0.4,0.3,120,477,102.8,98.44,107.35,0.0276,0.0261,通过
普通处方,0.4,0.3,120,478,104.8,100.37,109.43,0.0469,0.0261,通过
普通处方,0.4,0.3,120,479,106.57,102.07,111.27,0.0636,0.026,通过
普通处方,0.4,0.3,120,480,105.1,100.96,109.41,0.0497,0.0242,通过
普通处方,0.4,0.3,120,481,104.36,100.21,108.69,0.0427,0.0245,通过
普通处方,0.4,0.3,120,482,105.91,101.27,110.77,0.0575,0.0271,通过
普通处方,0.4,0.3,120,483,103.68,98.59,109.03,0.0361,0.0304,通过
普通处方,0.4,0.3,120,484,108.52,103.86,113.39,0.0817,0.0265,通过
普通处方,0.4,0.3,120,485,106.0,101.54,110.65,0.0583,0.0259,通过
普通处方,0.4,0.3,120,486,100.99,95.82,106.44,0.0099,0.0317,通过
普通处方,0.4,0.3,120,487,111.19,106.69,115.89,0.1061,0.0249,通过
普通处方,0.4,0.3,120,488,101.03,96.57,105.69,0.0102,0.0272,通过
普通处方,0.4,0.3,120,489,106.0,101.23,110.99,0.0582,0.0277,通过
普通处方,0.4,0.3,120,490,105.62,101.15,110.29,0.0547,0.0261,通过
普通处方,0.4,0.3,120,491,101.83,97.22,106.66,0.0182,0.0279,通过
普通处方,0.4,0.3,120,492,103.86,99.45,108.46,0.0378,0.0262,通过
普通处方,0.4,0.3,120,493,102.04,97.36,106.94,0.0201,0.0283,通过
普通处方,0.4,0.3,120,494,102.49,98.06,107.12,0.0246,0.0266,通过
普通处方,0.4,0.3,120,495,101.6,97.12,106.28,0.0158,0.0272,通过
普通处方,0.4,0.3,120,496,101.23,96.6,106.09,0.0122,0.0283,通过
普通处方,0.4,0.3,120,497,103.34,99.37,107.47,0.0329,0.0236,通过
普通处方,0.4,0.3,120,498,104.23,99.79,108.87,0.0415,0.0263,通过
普通处方,0.4,0.3,120,499,104.27,99.58,109.18,0.0418,0.0278,通过
普通处方,0.4,0.3,120,500,107.67,102.97,112.59,0.0739,0.0269,通过
普通处方,0.4,0.3,150,1,103.94,100.09,107.94,0.0387,0.0228,通过
普通处方,0.4,0.3,150,2,99.18,95.21,103.31,-0.0082,0.0247,通过
普通处方,0.4,0.3,150,3,105.53,100.93,110.34,0.0538,0.0269,通过
普通处方,0.4,0.3,150,4,104.77,100.8,108.9,0.0466,0.0234,通过
普通处方,0.4,0.3,150,5,107.15,103.14,111.32,0.0691,0.0231,通过
普通处方,0.4,0.3,150,6,106.04,102.2,110.01,0.0586,0.0222,通过
普通处方,0.4,0.3,150,7,106.5,102.07,111.13,0.063,0.0257,通过
普通处方,0.4,0.3,150,8,102.66,98.76,106.7,0.0262,0.0234,通过
普通处方,0.4,0.3,150,9,102.43,98.29,106.75,0.0241,0.0249,通过
普通处方,0.4,0.3,150,10,102.58,98.43,106.92,0.0255,0.025,通过
普通处方,0.4,0.3,150,11,105.02,100.46,109.79,0.049,0.0268,通过
普通处方,0.4,0.3,150,12,105.83,102.11,109.69,0.0567,0.0216,通过
普通处方,0.4,0.3,150,13,108.75,105.06,112.57,0.0839,0.0209,通过
普通处方,0.4,0.3,150,14,104.68,100.28,109.27,0.0457,0.0259,通过
普通处方,0.4,0.3,150,15,99.21,95.74,102.8,-0.008,0.0215,通过
普通处方,0.4,0.3,150,16,103.93,100.09,107.92,0.0385,0.0228,通过
普通处方,0.4,0.3,150,17,107.54,103.44,111.8,0.0726,0.0235,通过
普通处方,0.4,0.3,150,18,102.39,98.31,106.64,0.0236,0.0246,通过
普通处方,0.4,0.3,150,19,104.85,101.04,108.8,0.0474,0.0223,通过
普通处方,0.4,0.3,150,20,106.02,101.79,110.42,0.0584,0.0246,通过
普通处方,0.4,0.3,150,21,103.6,99.52,107.85,0.0354,0.0243,通过
普通处方,0.4,0.3,150,22,101.43,97.85,105.15,0.0142,0.0217,通过
普通处方,0.4,0.3,150,23,100.42,96.56,104.44,0.0042,0.0237,通过
普通处方,0.4,0.3,150,24,101.87,97.78,106.13,0.0185,0.0248,通过
普通处方,0.4,0.3,150,25,108.43,104.35,112.66,0.0809,0.0231,通过
普通处方,0.4,0.3,150,26,101.03,97.21,105.0,0.0102,0.0233,通过
普通处方,0.4,0.3,150,27,109.22,104.84,113.78,0.0882,0.0247,通过
普通处方,0.4,0.3,150,28,103.84,99.62,108.23,0.0377,0.025,通过
普通处方,0.4,0.3,150,29,107.43,103.36,111.66,0.0717,0.0233,通过
普通处方,0.4,0.3,150,30,105.52,101.48,109.72,0.0537,0.0236,通过
普通处方,0.4,0.3,150,31,103.47,99.11,108.03,0.0341,0.026,通过
普通处方,0.4,0.3,150,32,103.64,99.79,107.64,0.0357,0.0229,通过
普通处方,0.4,0.3,150,33,99.3,95.16,103.61,-0.0071,0.0257,通过
普通处方,0.4,0.3,150,34,99.64,95.49,103.98,-0.0036,0.0257,通过
普通处方,0.4,0.3,150,35,104.42,100.15,108.89,0.0433,0.0253,通过
普通处方,0.4,0.3,150,36,104.74,100.81,108.83,0.0463,0.0231,通过
普通处方,0.4,0.3,150,37,104.04,100.4,107.82,0.0396,0.0215,通过
普通处方,0.4,0.3,150,38,104.03,100.17,108.03,0.0395,0.0228,通过
普通处方,0.4,0.3,150,39,105.26,101.47,109.19,0.0512,0.0222,通过
普通处方,0.4,0.3,150,40,103.92,99.97,108.04,0.0385,0.0235,通过
普通处方,0.4,0.3,150,41,101.0,97.29,104.86,0.01,0.0226,通过
普通处方,0.4,0.3,150,42,100.65,96.49,104.98,0.0065,0.0255,通过
普通处方,0.4,0.3,150,43,102.94,98.64,107.42,0.0289,0.0257,通过
普通处方,0.4,0.3,150,44,105.61,101.73,109.63,0.0545,0.0226,通过
普通处方,0.4,0.3,150,45,101.27,97.0,105.72,0.0126,0.026,通过
普通处方,0.4,0.3,150,46,106.29,101.88,110.9,0.061,0.0256,通过
普通处方,0.4,0.3,150,47,107.28,103.25,111.47,0.0703,0.0231,通过
普通处方,0.4,0.3,150,48,105.81,101.95,109.81,0.0565,0.0224,通过
普通处方,0.4,0.3,150,49,106.35,102.29,110.58,0.0616,0.0236,通过
普通处方,0.4,0.3,150,50,104.33,100.17,108.67,0.0424,0.0246,通过
普通处方,0.4,0.3,150,51,104.36,100.14,108.77,0.0427,0.025,通过
普通处方,0.4,0.3,150,52,107.46,103.34,111.73,0.0719,0.0236,通过
普通处方,0.4,0.3,150,53,104.81,100.7,109.08,0.0469,0.0241,通过
普通处方,0.4,0.3,150,54,104.82,100.68,109.14,0.0471,0.0244,通过
普通处方,0.4,0.3,150,55,109.74,105.43,114.23,0.0929,0.0242,通过
普通处方,0.4,0.3,150,56,104.25,100.0,108.69,0.0417,0.0252,通过
普通处方,0.4,0.3,150,57,101.55,97.12,106.2,0.0154,0.027,通过
普通处方,0.4,0.3,150,58,108.05,103.56,112.74,0.0775,0.0257,通过
普通处方,0.4,0.3,150,59,105.45,101.18,109.9,0.0531,0.025,通过
普通处方,0.4,0.3,150,60,108.61,104.47,112.9,0.0825,0.0235,通过
普通处方,0.4,0.3,150,61,101.45,97.95,105.08,0.0144,0.0212,通过
普通处方,0.4,0.3,150,62,104.4,100.45,108.51,0.0431,0.0233,通过
普通处方,0.4,0.3,150,63,103.43,99.41,107.61,0.0337,0.0239,通过
普通处方,0.4,0.3,150,64,102.09,98.27,106.06,0.0207,0.023,通过
普通处方,0.4,0.3,150,65,104.23,100.18,108.43,0.0414,0.0239,通过
普通处方,0.4,0.3,150,66,106.27,101.91,110.82,0.0608,0.0253,通过
普通处方,0.4,0.3,150,67,106.77,102.61,111.11,0.0655,0.024,通过
普通处方,0.4,0.3,150,68,105.79,101.43,110.33,0.0562,0.0254,通过
普通处方,0.4,0.3,150,69,102.67,98.3,107.25,0.0264,0.0263,通过
普通处方,0.4,0.3,150,70,104.11,100.32,108.05,0.0403,0.0224,通过
普通处方,0.4,0.3,150,71,102.54,98.55,106.69,0.025,0.024,通过
普通处方,0.4,0.3,150,72,98.8,94.77,103.01,-0.012,0.0252,通过
普通处方,0.4,0.3,150,73,106.31,101.92,110.89,0.0612,0.0255,通过
普通处方,0.4,0.3,150,74,105.29,101.03,109.74,0.0516,0.025,通过
普通处方,0.4,0.3,150,75,107.91,103.95,112.03,0.0762,0.0226,通过
普通处方,0.4,0.3,150,76,106.49,102.3,110.84,0.0628,0.0242,通过
普通处方,0.4,0.3,150,77,105.39,101.17,109.78,0.0525,0.0247,通过
普通处方,0.4,0.3,150,78,104.42,100.46,108.54,0.0433,0.0234,通过
普通处方,0.4,0.3,150,79,106.6,101.87,111.54,0.0639,0.0274,通过
普通处方,0.4,0.3,150,80,104.56,100.12,109.19,0.0446,0.0262,通过
普通处方,0.4,0.3,150,81,100.9,97.3,104.64,0.009,0.022,通过
普通处方,0.4,0.3,150,82,105.71,101.44,110.17,0.0555,0.0249,通过
普通处方,0.4,0.3,150,83,105.41,101.34,109.65,0.0527,0.0238,通过
普通处方,0.4,0.3,150,84,102.8,98.68,107.09,0.0276,0.0247,通过
普通处方,0.4,0.3,150,85,106.78,102.79,110.93,0.0656,0.023,通过
普通处方,0.4,0.3,150,86,105.91,101.18,110.87,0.0575,0.0276,通过
普通处方,0.4,0.3,150,87,102.53,98.2,107.06,0.025,0.0261,通过
普通处方,0.4,0.3,150,88,102.9,98.85,107.12,0.0286,0.0243,通过
普通处方,0.4,0.3,150,89,104.87,100.54,109.39,0.0476,0.0255,通过
普通处方,0.4,0.3,150,90,103.88,100.26,107.64,0.0381,0.0215,通过
普通处方,0.4,0.3,150,91,109.21,104.75,113.86,0.0881,0.0252,通过
普通处方,0.4,0.3,150,92,107.18,103.17,111.35,0.0693,0.023,通过
普通处方,0.4,0.3,150,93,101.05,97.2,105.05,0.0104,0.0235,通过
普通处方,0.4,0.3,150,94,107.46,103.25,111.84,0.0719,0.0242,通过
普通处方,0.4,0.3,150,95,104.63,100.66,108.75,0.0452,0.0234,通过
普通处方,0.4,0.3,150,96,104.92,100.98,109.01,0.048,0.0231,通过
普通处方,0.4,0.3,150,97,104.85,100.75,109.12,0.0474,0.0241,通过
普通处方,0.4,0.3,150,98,98.49,94.51,102.63,-0.0153,0.0249,通过
普通处方,0.4,0.3,150,99,105.55,101.06,110.24,0.054,0.0263,通过
普通处方,0.4,0.3,150,100,106.53,102.15,111.1,0.0633,0.0254,通过
普通处方,0.4,0.3,150,101,98.93,95.06,102.95,-0.0108,0.0241,通过
普通处方,0.4,0.3,150,102,107.76,104.09,111.56,0.0747,0.0209,通过
普通处方,0.4,0.3,150,103,110.22,106.24,114.34,0.0973,0.0222,通过
普通处方,0.4,0.3,150,104,106.11,102.16,110.21,0.0593,0.0229,通过
普通处方,0.4,0.3,150,105,97.96,93.75,102.36,-0.0206,0.0266,通过
普通处方,0.4,0.3,150,106,103.38,99.54,107.36,0.0332,0.0228,通过
普通处方,0.4,0.3,150,107,101.24,96.95,105.71,0.0123,0.0261,通过
普通处方,0.4,0.3,150,108,100.83,97.02,104.8,0.0083,0.0233,通过
普通处方,0.4,0.3,150,109,101.56,97.38,105.92,0.0154,0.0254,通过
普通处方,0.4,0.3,150,110,100.46,96.63,104.44,0.0046,0.0235,通过
普通处方,0.4,0.3,150,111,105.48,101.3,109.84,0.0534,0.0245,通过
普通处方,0.4,0.3,150,112,102.71,98.6,107.0,0.0268,0.0247,通过
普通处方,0.4,0.3,150,113,102.94,99.04,106.98,0.0289,0.0233,通过
普通处方,0.4,0.3,150,114,105.77,101.48,110.23,0.0561,0.025,通过
普通处方,0.4,0.3,150,115,106.72,102.35,111.28,0.065,0.0253,通过
普通处方,0.4,0.3,150,116,102.35,98.43,106.42,0.0232,0.0236,通过
普通处方,0.4,0.3,150,117,100.89,96.68,105.28,0.0088,0.0257,通过
普通处方,0.4,0.3,150,118,102.85,98.63,107.25,0.0281,0.0253,通过
普通处方,0.4,0.3,150,119,102.9,98.44,107.56,0.0286,0.0268,通过
普通处方,0.4,0.3,150,120,106.14,101.73,110.76,0.0596,0.0257,通过
普通处方,0.4,0.3,150,121,104.09,100.24,108.09,0.0401,0.0228,通过
普通处方,0.4,0.3,150,122,106.57,102.58,110.72,0.0637,0.0231,通过
普通处方,0.4,0.3,150,123,101.41,97.42,105.57,0.014,0.0243,通过
普通处方,0.4,0.3,150,124,104.17,99.88,108.65,0.0409,0.0254,通过
普通处方,0.4,0.3,150,125,103.33,99.41,107.41,0.0328,0.0234,通过
普通处方,0.4,0.3,150,126,104.42,100.15,108.88,0.0433,0.0253,通过
普通处方,0.4,0.3,150,127,98.65,94.74,102.72,-0.0136,0.0244,通过
普通处方,0.4,0.3,150,128,107.8,103.23,112.58,0.0751,0.0262,通过
普通处方,0.4,0.3,150,129,100.97,97.12,104.98,0.0097,0.0235,通过
普通处方,0.4,0.3,150,130,105.82,101.35,110.49,0.0565,0.0261,通过
普通处方,0.4,0.3,150,131,104.8,100.72,109.04,0.0469,0.024,通过
普通处方,0.4,0.3,150,132,101.94,97.77,106.3,0.0192,0.0253,通过
普通处方,0.4,0.3,150,133,102.15,98.16,106.31,0.0213,0.0241,通过
普通处方,0.4,0.3,150,134,107.96,103.55,112.56,0.0766,0.0252,通过
普通处方,0.4,0.3,150,135,105.76,101.17,110.57,0.056,0.0268,通过
普通处方,0.4,0.3,150,136,105.12,101.12,109.27,0.0499,0.0234,通过
普通处方,0.4,0.3,150,137,106.24,102.39,110.23,0.0605,0.0223,通过
普通处方,0.4,0.3,150,138,105.43,101.57,109.43,0.0528,0.0225,通过
普通处方,0.4,0.3,150,139,105.53,101.37,109.86,0.0538,0.0243,通过
普通处方,0.4,0.3,150,140,106.77,102.46,111.27,0.0655,0.0249,通过
普通处方,0.4,0.3,150,141,106.95,102.73,111.35,0.0672,0.0243,通过
普通处方,0.4,0.3,150,142,110.13,105.83,114.61,0.0965,0.0241,通过
普通处方,0.4,0.3,150,143,99.53,95.72,103.49,-0.0047,0.0236,通过
普通处方,0.4,0.3,150,144,107.98,103.64,112.5,0.0768,0.0248,通过
普通处方,0.4,0.3,150,145,101.47,97.5,105.6,0.0146,0.0241,通过
普通处方,0.4,0.3,150,146,105.44,101.27,109.79,0.053,0.0244,通过
普通处方,0.4,0.3,150,147,105.87,101.95,109.95,0.0571,0.0228,通过
普通处方,0.4,0.3,150,148,108.64,104.02,113.47,0.0829,0.0263,通过
普通处方,0.4,0.3,150,149,108.42,103.77,113.29,0.0809,0.0265,通过
普通处方,0.4,0.3,150,150,104.45,100.19,108.9,0.0436,0.0252,通过
普通处方,0.4,0.3,150,151,99.9,96.0,103.95,-0.001,0.024,通过
普通处方,0.4,0.3,150,152,103.91,100.01,107.97,0.0384,0.0231,通过
普通处方,0.4,0.3,150,153,103.11,98.79,107.61,0.0306,0.0258,通过
普通处方,0.4,0.3,150,154,108.61,104.31,113.09,0.0826,0.0244,通过
普通处方,0.4,0.3,150,155,106.07,101.89,110.43,0.059,0.0243,通过
普通处方,0.4,0.3,150,156,103.91,99.64,108.35,0.0383,0.0253,通过
普通处方,0.4,0.3,150,157,102.4,98.32,106.65,0.0237,0.0246,通过
普通处方,0.4,0.3,150,158,105.37,100.79,110.16,0.0523,0.0269,通过
普通处方,0.4,0.3,150,159,102.71,98.59,107.0,0.0267,0.0247,通过
普通处方,0.4,0.3,150,160,107.53,103.34,111.89,0.0726,0.024,通过
普通处方,0.4,0.3,150,161,103.46,99.28,107.82,0.034,0.0249,通过
普通处方,0.4,0.3,150,162,104.03,99.61,108.65,0.0396,0.0262,通过
普通处方,0.4,0.3,150,163,104.91,100.52,109.5,0.048,0.0259,通过
普通处方,0.4,0.3,150,164,103.81,99.97,107.81,0.0374,0.0228,通过
普通处方,0.4,0.3,150,165,106.02,101.62,110.61,0.0585,0.0256,通过
普通处方,0.4,0.3,150,166,106.79,102.64,111.1,0.0657,0.0239,通过
普通处方,0.4,0.3,150,167,102.24,98.45,106.18,0.0222,0.0228,通过
普通处方,0.4,0.3,150,168,104.27,99.71,109.05,0.0418,0.0271,通过
普通处方,0.4,0.3,150,169,104.42,100.05,108.99,0.0433,0.0259,通过
普通处方,0.4,0.3,150,170,106.76,102.58,111.12,0.0655,0.0241,通过
普通处方,0.4,0.3,150,171,103.86,99.82,108.06,0.0378,0.024,通过
普通处方,0.4,0.3,150,172,106.57,102.64,110.65,0.0636,0.0227,通过
普通处方,0.4,0.3,150,173,104.18,99.95,108.58,0.0409,0.025,通过
普通处方,0.4,0.3,150,174,103.1,98.6,107.8,0.0305,0.027,通过
普通处方,0.4,0.3,150,175,101.68,98.04,105.46,0.0167,0.022,通过
普通处方,0.4,0.3,150,176,103.37,99.39,107.51,0.0331,0.0237,通过
普通处方,0.4,0.3,150,177,103.43,99.56,107.44,0.0337,0.023,通过
普通处方,0.4,0.3,150,178,102.22,98.11,106.51,0.022,0.0248,通过
普通处方,0.4,0.3,150,179,103.41,99.19,107.8,0.0335,0.0251,通过
普通处方,0.4,0.3,150,180,107.07,102.87,111.44,0.0683,0.0242,通过
普通处方,0.4,0.3,150,181,103.24,99.45,107.18,0.0319,0.0226,通过
普通处方,0.4,0.3,150,182,105.8,101.49,110.29,0.0564,0.0251,通过
普通处方,0.4,0.3,150,183,100.86,97.02,104.84,0.0085,0.0234,通过
普通处方,0.4,0.3,150,184,108.25,103.8,112.88,0.0792,0.0253,通过
普通处方,0.4,0.3,150,185,107.89,104.09,111.82,0.0759,0.0216,通过
普通处方,0.4,0.3,150,186,102.87,98.69,107.23,0.0283,0.0251,通过
普通处方,0.4,0.3,150,187,106.03,101.5,110.77,0.0586,0.0264,通过
普通处方,0.4,0.3,150,188,100.55,96.76,104.49,0.0055,0.0232,通过
普通处方,0.4,0.3,150,189,101.79,97.91,105.83,0.0177,0.0235,通过
普通处方,0.4,0.3,150,190,105.23,100.68,109.97,0.0509,0.0267,通过
普通处方,0.4,0.3,150,191,104.25,99.94,108.75,0.0416,0.0255,通过
普通处方,0.4,0.3,150,192,99.69,95.6,103.96,-0.0031,0.0253,通过
普通处方,0.4,0.3,150,193,101.51,97.64,105.53,0.015,0.0235,通过
普通处方,0.4,0.3,150,194,103.05,98.8,107.48,0.03,0.0254,通过
普通处方,0.4,0.3,150,195,107.42,103.45,111.55,0.0716,0.0228,通过
普通处方,0.4,0.3,150,196,105.01,100.96,109.24,0.0489,0.0238,通过
普通处方,0.4,0.3,150,197,105.09,101.07,109.27,0.0496,0.0236,通过
普通处方,0.4,0.3,150,198,101.51,97.68,105.48,0.015,0.0232,通过
普通处方,0.4,0.3,150,199,97.87,94.05,101.84,-0.0215,0.024,通过
普通处方,0.4,0.3,150,200,105.45,101.55,109.51,0.0531,0.0228,通过
普通处方,0.4,0.3,150,201,105.2,101.18,109.39,0.0507,0.0236,通过
普通处方,0.4,0.3,150,202,109.19,105.26,113.27,0.0879,0.0222,通过
普通处方,0.4,0.3,150,203,101.7,97.6,105.98,0.0169,0.0249,通过
普通处方,0.4,0.3,150,204,107.2,102.9,111.68,0.0695,0.0247,通过
普通处方,0.4,0.3,150,205,106.18,101.7,110.85,0.0599,0.026,通过
普通处方,0.4,0.3,150,206,104.97,100.68,109.43,0.0485,0.0252,通过
普通处方,0.4,0.3,150,207,103.92,99.77,108.23,0.0384,0.0246,通过
普通处方,0.4,0.3,150,208,102.96,99.06,107.02,0.0292,0.0233,通过
普通处方,0.4,0.3,150,209,107.3,103.43,111.32,0.0705,0.0222,通过
普通处方,0.4,0.3,150,210,105.6,101.32,110.07,0.0545,0.025,通过
普通处方,0.4,0.3,150,211,109.15,104.86,113.61,0.0875,0.0242,通过
普通处方,0.4,0.3,150,212,102.26,98.04,106.67,0.0224,0.0255,通过
普通处方,0.4,0.3,150,213,104.12,99.66,108.78,0.0404,0.0265,通过
普通处方,0.4,0.3,150,214,101.65,97.52,105.95,0.0163,0.025,通过
普通处方,0.4,0.3,150,215,106.23,102.11,110.52,0.0605,0.0239,通过
普通处方,0.4,0.3,150,216,104.83,100.44,109.41,0.0472,0.0258,通过
普通处方,0.4,0.3,150,217,103.86,99.85,108.03,0.0379,0.0238,通过
普通处方,0.4,0.3,150,218,109.18,104.87,113.66,0.0878,0.0243,通过
普通处方,0.4,0.3,150,219,107.02,102.61,111.62,0.0679,0.0254,通过
普通处方,0.4,0.3,150,220,101.88,97.97,105.95,0.0186,0.0237,通过
普通处方,0.4,0.3,150,221,101.87,97.65,106.27,0.0185,0.0255,通过
普通处方,0.4,0.3,150,222,107.29,102.95,111.81,0.0703,0.0249,通过
普通处方,0.4,0.3,150,223,102.71,98.0,107.64,0.0267,0.0283,通过
普通处方,0.4,0.3,150,224,101.65,97.4,106.09,0.0164,0.0258,通过
普通处方,0.4,0.3,150,225,106.6,102.55,110.81,0.0639,0.0234,通过
普通处方,0.4,0.3,150,226,103.96,100.18,107.89,0.0389,0.0224,通过
普通处方,0.4,0.3,150,227,107.86,103.5,112.4,0.0757,0.0249,通过
普通处方,0.4,0.3,150,228,98.65,94.84,102.62,-0.0135,0.0238,通过
普通处方,0.4,0.3,150,229,105.6,101.17,110.22,0.0545,0.0259,通过
普通处方,0.4,0.3,150,230,107.37,103.3,111.61,0.0712,0.0234,通过
普通处方,0.4,0.3,150,231,100.86,97.19,104.68,0.0086,0.0224,通过
普通处方,0.4,0.3,150,232,104.97,100.67,109.46,0.0485,0.0253,通过
普通处方,0.4,0.3,150,233,100.53,96.55,104.68,0.0053,0.0244,通过
普通处方,0.4,0.3,150,234,103.61,99.4,108.01,0.0355,0.0251,通过
普通处方,0.4,0.3,150,235,103.34,98.8,108.08,0.0328,0.0271,通过
普通处方,0.4,0.3,150,236,99.26,95.5,103.18,-0.0074,0.0234,通过
普通处方,0.4,0.3,150,237,101.41,97.46,105.52,0.014,0.024,通过
普通处方,0.4,0.3,150,238,104.72,100.6,109.01,0.0461,0.0242,通过
普通处方,0.4,0.3,150,239,107.47,103.81,111.26,0.0721,0.0209,通过
普通处方,0.4,0.3,150,240,102.74,98.74,106.9,0.027,0.024,通过
普通处方,0.4,0.3,150,241,104.29,99.99,108.77,0.042,0.0254,通过
普通处方,0.4,0.3,150,242,102.2,98.56,105.99,0.0218,0.022,通过
普通处方,0.4,0.3,150,243,100.6,96.68,104.68,0.006,0.024,通过
普通处方,0.4,0.3,150,244,105.19,100.84,109.72,0.0506,0.0255,通过
普通处方,0.4,0.3,150,245,101.78,97.62,106.11,0.0176,0.0252,通过
普通处方,0.4,0.3,150,246,103.13,99.37,107.03,0.0308,0.0224,通过
普通处方,0.4,0.3,150,247,104.9,100.21,109.8,0.0478,0.0276,通过
普通处方,0.4,0.3,150,248,104.29,100.28,108.46,0.042,0.0237,通过
普通处方,0.4,0.3,150,249,107.4,103.21,111.76,0.0714,0.024,通过
普通处方,0.4,0.3,150,250,106.16,101.76,110.75,0.0598,0.0256,通过
普通处方,0.4,0.3,150,251,101.27,97.68,104.99,0.0126,0.0218,通过
普通处方,0.4,0.3,150,252,104.9,101.04,108.9,0.0478,0.0226,通过
普通处方,0.4,0.3,150,253,104.17,100.05,108.46,0.0408,0.0244,通过
普通处方,0.4,0.3,150,254,104.44,100.29,108.75,0.0434,0.0244,通过
普通处方,0.4,0.3,150,255,104.01,100.41,107.73,0.0393,0.0213,通过
普通处方,0.4,0.3,150,256,105.27,101.13,109.58,0.0513,0.0242,通过
普通处方,0.4,0.3,150,257,104.56,100.72,108.54,0.0445,0.0226,通过
普通处方,0.4,0.3,150,258,105.25,101.06,109.61,0.0511,0.0245,通过
普通处方,0.4,0.3,150,259,106.25,102.53,110.11,0.0606,0.0216,通过
普通处方,0.4,0.3,150,260,105.11,100.92,109.48,0.0499,0.0246,通过
普通处方,0.4,0.3,150,261,105.63,101.68,109.73,0.0548,0.023,通过
普通处方,0.4,0.3,150,262,101.69,97.77,105.77,0.0168,0.0238,通过
普通处方,0.4,0.3,150,263,105.28,101.3,109.42,0.0515,0.0233,通过
普通处方,0.4,0.3,150,264,104.13,100.0,108.42,0.0404,0.0244,通过
普通处方,0.4,0.3,150,265,102.7,98.77,106.8,0.0267,0.0236,通过
普通处方,0.4,0.3,150,266,106.83,102.42,111.43,0.0661,0.0255,通过
普通处方,0.4,0.3,150,267,104.92,100.92,109.08,0.048,0.0235,通过
普通处方,0.4,0.3,150,268,109.5,105.49,113.67,0.0908,0.0226,通过
普通处方,0.4,0.3,150,269,101.27,97.16,105.56,0.0126,0.0251,通过
普通处方,0.4,0.3,150,270,100.54,96.31,104.96,0.0054,0.026,通过
普通处方,0.4,0.3,150,271,105.58,101.27,110.07,0.0543,0.0252,通过
普通处方,0.4,0.3,150,272,105.61,101.55,109.84,0.0546,0.0237,通过
普通处方,0.4,0.3,150,273,107.68,103.66,111.85,0.074,0.023,通过
普通处方,0.4,0.3,150,274,107.21,103.14,111.45,0.0696,0.0234,通过
普通处方,0.4,0.3,150,275,99.86,96.07,103.79,-0.0014,0.0234,通过
普通处方,0.4,0.3,150,276,104.82,101.04,108.74,0.0471,0.0222,通过
普通处方,0.4,0.3,150,277,101.31,97.52,105.24,0.013,0.023,通过
普通处方,0.4,0.3,150,278,104.34,100.16,108.68,0.0425,0.0247,通过
普通处方,0.4,0.3,150,279,101.5,97.57,105.59,0.0149,0.0239,通过
普通处方,0.4,0.3,150,280,101.16,97.24,105.24,0.0115,0.0239,通过
普通处方,0.4,0.3,150,281,109.16,104.63,113.88,0.0876,0.0256,通过
普通处方,0.4,0.3,150,282,105.23,101.32,109.3,0.051,0.0229,通过
普通处方,0.4,0.3,150,283,99.35,95.45,103.4,-0.0066,0.0242,通过
普通处方,0.4,0.3,150,284,105.36,101.23,109.66,0.0522,0.0242,通过
普通处方,0.4,0.3,150,285,107.73,103.63,111.99,0.0744,0.0234,通过
普通处方,0.4,0.3,150,286,102.44,98.24,106.82,0.0241,0.0253,通过
普通处方,0.4,0.3,150,287,105.28,100.8,109.97,0.0515,0.0263,通过
普通处方,0.4,0.3,150,288,106.72,102.78,110.81,0.065,0.0227,通过
普通处方,0.4,0.3,150,289,101.76,97.7,105.98,0.0174,0.0246,通过
普通处方,0.4,0.3,150,290,101.46,97.27,105.83,0.0145,0.0255,通过
普通处方,0.4,0.3,150,291,103.9,99.73,108.24,0.0383,0.0247,通过
普通处方,0.4,0.3,150,292,104.63,100.57,108.85,0.0453,0.0239,通过
普通处方,0.4,0.3,150,293,108.31,104.01,112.79,0.0798,0.0245,通过
普通处方,0.4,0.3,150,294,99.18,95.53,102.96,-0.0083,0.0226,通过
普通处方,0.4,0.3,150,295,101.19,96.9,105.67,0.0119,0.0262,通过
普通处方,0.4,0.3,150,296,100.96,97.08,104.99,0.0095,0.0237,通过
普通处方,0.4,0.3,150,297,107.34,103.18,111.67,0.0709,0.0239,通过
普通处方,0.4,0.3,150,298,105.29,101.3,109.43,0.0515,0.0233,通过
普通处方,0.4,0.3,150,299,105.25,100.9,109.78,0.0511,0.0255,通过
普通处方,0.4,0.3,150,300,102.85,98.99,106.86,0.0281,0.0231,通过
普通处方,0.4,0.3,150,301,108.05,103.94,112.33,0.0774,0.0235,通过
普通处方,0.4,0.3,150,302,106.21,102.57,109.99,0.0603,0.0211,通过
普通处方,0.4,0.3,150,303,107.11,103.12,111.25,0.0687,0.0229,通过
普通处方,0.4,0.3,150,304,102.53,98.25,107.0,0.025,0.0258,通过
普通处方,0.4,0.3,150,305,101.31,97.52,105.25,0.013,0.0231,通过
普通处方,0.4,0.3,150,306,100.69,96.52,105.04,0.0069,0.0255,通过
普通处方,0.4,0.3,150,307,107.01,102.28,111.97,0.0678,0.0274,通过
普通处方,0.4,0.3,150,308,100.91,96.74,105.25,0.0091,0.0255,通过
普通处方,0.4,0.3,150,309,107.53,103.3,111.93,0.0726,0.0242,通过
普通处方,0.4,0.3,150,310,101.07,97.18,105.12,0.0106,0.0237,通过
普通处方,0.4,0.3,150,311,102.07,98.72,105.53,0.0205,0.0202,通过
普通处方,0.4,0.3,150,312,100.68,96.82,104.69,0.0068,0.0236,通过
普通处方,0.4,0.3,150,313,102.04,97.98,106.28,0.0202,0.0246,通过
普通处方,0.4,0.3,150,314,109.67,105.18,114.36,0.0923,0.0253,通过
普通处方,0.4,0.3,150,315,101.15,97.1,105.37,0.0114,0.0247,通过
普通处方,0.4,0.3,150,316,107.51,103.29,111.89,0.0724,0.0242,通过
普通处方,0.4,0.3,150,317,101.0,97.0,105.17,0.01,0.0244,通过
普通处方,0.4,0.3,150,318,105.51,101.47,109.71,0.0537,0.0236,通过
普通处方,0.4,0.3,150,319,101.66,98.17,105.27,0.0164,0.0211,通过
普通处方,0.4,0.3,150,320,98.84,94.89,102.96,-0.0116,0.0246,通过
普通处方,0.4,0.3,150,321,104.53,100.08,109.17,0.0443,0.0263,通过
普通处方,0.4,0.3,150,322,108.06,103.8,112.5,0.0775,0.0243,通过
普通处方,0.4,0.3,150,323,107.51,103.66,111.49,0.0724,0.022,通过
普通处方,0.4,0.3,150,324,103.93,99.75,108.28,0.0385,0.0248,通过
普通处方,0.4,0.3,150,325,100.8,96.93,104.83,0.008,0.0236,通过
普通处方,0.4,0.3,150,326,108.04,103.65,112.6,0.0773,0.025,通过
普通处方,0.4,0.3,150,327,103.9,99.54,108.44,0.0382,0.0259,通过
普通处方,0.4,0.3,150,328,100.62,96.26,105.18,0.0062,0.0268,通过
普通处方,0.4,0.3,150,329,100.89,96.98,104.96,0.0088,0.0239,通过
普通处方,0.4,0.3,150,330,102.01,97.78,106.41,0.0199,0.0256,通过
普通处方,0.4,0.3,150,331,103.74,99.51,108.14,0.0367,0.0251,通过
普通处方,0.4,0.3,150,332,103.96,100.19,107.87,0.0388,0.0223,通过
普通处方,0.4,0.3,150,333,103.72,100.11,107.46,0.0365,0.0214,通过
普通处方,0.4,0.3,150,334,98.65,94.88,102.58,-0.0136,0.0236,通过
普通处方,0.4,0.3,150,335,105.47,101.22,109.89,0.0532,0.0248,通过
普通处方,0.4,0.3,150,336,108.8,104.53,113.25,0.0844,0.0242,通过
普通处方,0.4,0.3,150,337,106.15,101.96,110.51,0.0597,0.0244,通过
普通处方,0.4,0.3,150,338,108.29,104.07,112.69,0.0797,0.0241,通过
普通处方,0.4,0.3,150,339,104.07,99.8,108.53,0.0399,0.0253,通过
普通处方,0.4,0.3,150,340,108.41,104.07,112.93,0.0807,0.0247,通过
普通处方,0.4,0.3,150,341,104.73,100.43,109.21,0.0462,0.0253,通过
普通处方,0.4,0.3,150,342,107.97,103.68,112.44,0.0767,0.0245,通过
普通处方,0.4,0.3,150,343,106.83,102.43,111.42,0.0661,0.0254,通过
普通处方,0.4,0.3,150,344,105.73,102.0,109.59,0.0557,0.0217,通过
普通处方,0.4,0.3,150,345,100.94,96.74,105.33,0.0094,0.0257,通过
普通处方,0.4,0.3,150,346,104.1,100.14,108.22,0.0402,0.0234,通过
普通处方,0.4,0.3,150,347,104.95,100.98,109.09,0.0484,0.0233,通过
普通处方,0.4,0.3,150,348,102.76,98.81,106.86,0.0272,0.0237,通过
普通处方,0.4,0.3,150,349,105.79,101.4,110.37,0.0563,0.0256,通过
普通处方,0.4,0.3,150,350,105.36,101.53,109.33,0.0522,0.0224,通过
普通处方,0.4,0.3,150,351,107.5,103.31,111.87,0.0723,0.0241,通过
普通处方,0.4,0.3,150,352,101.75,97.73,105.93,0.0173,0.0243,通过
普通处方,0.4,0.3,150,353,103.3,98.96,107.82,0.0324,0.0259,通过
普通处方,0.4,0.3,150,354,104.53,100.56,108.66,0.0443,0.0234,通过
普通处方,0.4,0.3,150,355,103.53,99.48,107.74,0.0347,0.0241,通过
普通处方,0.4,0.3,150,356,103.15,99.0,107.48,0.031,0.0248,通过
普通处方,0.4,0.3,150,357,102.03,98.02,106.21,0.0201,0.0242,通过
普通处方,0.4,0.3,150,358,106.47,101.89,111.26,0.0627,0.0266,通过
普通处方,0.4,0.3,150,359,104.27,100.13,108.57,0.0418,0.0245,通过
普通处方,0.4,0.3,150,360,98.16,94.16,102.34,-0.0185,0.0252,通过
普通处方,0.4,0.3,150,361,107.38,103.21,111.71,0.0712,0.0239,通过
普通处方,0.4,0.3,150,362,103.63,99.43,108.01,0.0357,0.025,通过
普通处方,0.4,0.3,150,363,105.34,100.99,109.87,0.052,0.0255,通过
普通处方,0.4,0.3,150,364,106.37,102.32,110.58,0.0617,0.0235,通过
普通处方,0.4,0.3,150,365,106.46,102.39,110.69,0.0626,0.0236,通过
普通处方,0.4,0.3,150,366,102.63,98.42,107.03,0.026,0.0253,通过
普通处方,0.4,0.3,150,367,101.87,97.99,105.91,0.0185,0.0235,通过
普通处方,0.4,0.3,150,368,104.09,99.73,108.64,0.0401,0.0258,通过
普通处方,0.4,0.3,150,369,104.49,100.1,109.08,0.044,0.026,通过
普通处方,0.4,0.3,150,370,100.5,96.24,104.94,0.005,0.0262,通过
普通处方,0.4,0.3,150,371,103.31,99.19,107.61,0.0326,0.0246,通过
普通处方,0.4,0.3,150,372,97.96,94.36,101.69,-0.0207,0.0226,通过
普通处方,0.4,0.3,150,373,105.76,101.77,109.92,0.056,0.0233,通过
普通处方,0.4,0.3,150,374,101.21,97.12,105.47,0.012,0.0249,通过
普通处方,0.4,0.3,150,375,100.34,96.27,104.59,0.0034,0.025,通过
普通处方,0.4,0.3,150,376,100.73,96.48,105.18,0.0073,0.0261,通过
普通处方,0.4,0.3,150,377,106.52,102.41,110.79,0.0632,0.0238,通过
普通处方,0.4,0.3,150,378,108.25,104.26,112.4,0.0793,0.0227,通过
普通处方,0.4,0.3,150,379,103.03,99.18,107.01,0.0298,0.023,通过
普通处方,0.4,0.3,150,380,102.68,98.59,106.94,0.0265,0.0246,通过
普通处方,0.4,0.3,150,381,107.46,103.08,112.02,0.0719,0.0251,通过
普通处方,0.4,0.3,150,382,107.07,102.21,112.15,0.0683,0.0281,通过
普通处方,0.4,0.3,150,383,104.28,100.25,108.47,0.0419,0.0238,通过
普通处方,0.4,0.3,150,384,103.1,99.21,107.14,0.0305,0.0233,通过
普通处方,0.4,0.3,150,385,100.02,96.56,103.61,0.0002,0.0213,通过
普通处方,0.4,0.3,150,386,106.64,102.53,110.92,0.0643,0.0238,通过
普通处方,0.4,0.3,150,387,106.95,102.77,111.3,0.0672,0.0241,通过
普通处方,0.4,0.3,150,388,103.3,99.32,107.45,0.0325,0.0238,通过
普通处方,0.4,0.3,150,389,102.24,97.79,106.91,0.0222,0.0269,通过
普通处方,0.4,0.3,150,390,105.06,100.77,109.54,0.0494,0.0252,通过
普通处方,0.4,0.3,150,391,103.15,99.48,106.95,0.031,0.0219,通过
普通处方,0.4,0.3,150,392,105.78,101.73,110.0,0.0562,0.0236,通过
普通处方,0.4,0.3,150,393,98.01,94.3,101.87,-0.0201,0.0233,通过
普通处方,0.4,0.3,150,394,103.59,99.39,107.97,0.0353,0.025,通过
普通处方,0.4,0.3,150,395,101.35,97.35,105.51,0.0134,0.0243,通过
普通处方,0.4,0.3,150,396,104.47,100.66,108.42,0.0437,0.0225,通过
普通处方,0.4,0.3,150,397,101.47,97.6,105.49,0.0145,0.0235,通过
普通处方,0.4,0.3,150,398,106.68,102.77,110.74,0.0647,0.0226,通过
普通处方,0.4,0.3,150,399,100.75,96.75,104.91,0.0075,0.0245,通过
普通处方,0.4,0.3,150,400,103.77,99.72,107.98,0.037,0.024,通过
普通处方,0.4,0.3,150,401,102.2,98.2,106.37,0.0218,0.0241,通过
普通处方,0.4,0.3,150,402,109.74,105.76,113.88,0.093,0.0223,通过
普通处方,0.4,0.3,150,403,104.56,100.5,108.79,0.0446,0.024,通过
普通处方,0.4,0.3,150,404,101.91,98.13,105.83,0.0189,0.0228,通过
普通处方,0.4,0.3,150,405,104.81,100.75,109.05,0.047,0.0239,通过
普通处方,0.4,0.3,150,406,101.19,97.35,105.19,0.0119,0.0234,通过
普通处方,0.4,0.3,150,407,104.42,99.84,109.2,0.0432,0.027,通过
普通处方,0.4,0.3,150,408,104.74,101.06,108.55,0.0463,0.0216,通过
普通处方,0.4,0.3,150,409,98.65,94.83,102.61,-0.0136,0.0238,通过
普通处方,0.4,0.3,150,410,104.58,100.67,108.64,0.0448,0.023,通过
普通处方,0.4,0.3,150,411,102.11,98.71,105.62,0.0209,0.0204,通过
普通处方,0.4,0.3,150,412,107.51,103.19,112.02,0.0725,0.0248,通过
普通处方,0.4,0.3,150,413,103.11,98.99,107.4,0.0306,0.0246,通过
普通处方,0.4,0.3,150,414,108.06,103.91,112.37,0.0775,0.0236,通过
普通处方,0.4,0.3,150,415,104.65,100.89,108.56,0.0455,0.0221,通过
普通处方,0.4,0.3,150,416,104.65,100.49,108.97,0.0454,0.0245,通过
普通处方,0.4,0.3,150,417,109.68,105.39,114.13,0.0924,0.0241,通过
普通处方,0.4,0.3,150,418,107.4,103.56,111.39,0.0714,0.022,通过
普通处方,0.4,0.3,150,419,103.32,99.25,107.55,0.0326,0.0243,通过
普通处方,0.4,0.3,150,420,105.14,101.06,109.37,0.0501,0.0239,通过
普通处方,0.4,0.3,150,421,109.83,105.54,114.3,0.0938,0.0241,通过
普通处方,0.4,0.3,150,422,102.47,97.87,107.28,0.0244,0.0277,通过
普通处方,0.4,0.3,150,423,101.53,97.81,105.4,0.0152,0.0226,通过
普通处方,0.4,0.3,150,424,102.83,99.06,106.74,0.0279,0.0225,通过
普通处方,0.4,0.3,150,425,102.91,98.87,107.12,0.0287,0.0242,通过
普通处方,0.4,0.3,150,426,102.45,98.71,106.34,0.0242,0.0225,通过
普通处方,0.4,0.3,150,427,105.57,101.39,109.93,0.0542,0.0244,通过
普通处方,0.4,0.3,150,428,100.72,96.84,104.74,0.0071,0.0237,通过
普通处方,0.4,0.3,150,429,99.78,96.03,103.67,-0.0022,0.0231,通过
普通处方,0.4,0.3,150,430,105.31,101.13,109.67,0.0518,0.0245,通过
普通处方,0.4,0.3,150,431,103.56,99.22,108.1,0.035,0.0259,通过
普通处方,0.4,0.3,150,432,102.48,98.73,106.37,0.0245,0.0225,通过
普通处方,0.4,0.3,150,433,108.19,104.03,112.51,0.0787,0.0237,通过
普通处方,0.4,0.3,150,434,110.25,105.93,114.74,0.0975,0.0241,通过
普通处方,0.4,0.3,150,435,98.71,94.84,102.74,-0.013,0.0241,通过
普通处方,0.4,0.3,150,436,107.96,103.33,112.8,0.0766,0.0265,通过
普通处方,0.4,0.3,150,437,106.81,102.56,111.24,0.0659,0.0245,通过
普通处方,0.4,0.3,150,438,103.76,99.31,108.4,0.0369,0.0265,通过
普通处方,0.4,0.3,150,439,104.57,100.89,108.38,0.0447,0.0216,通过
普通处方,0.4,0.3,150,440,102.63,98.66,106.76,0.026,0.0239,通过
普通处方,0.4,0.3,150,441,104.93,101.12,108.88,0.0481,0.0223,通过
普通处方,0.4,0.3,150,442,101.22,97.41,105.17,0.0121,0.0232,通过
普通处方,0.4,0.3,150,443,105.68,101.83,109.68,0.0553,0.0224,通过
普通处方,0.4,0.3,150,444,104.13,100.31,108.08,0.0404,0.0225,通过
普通处方,0.4,0.3,150,445,101.29,97.57,105.16,0.0128,0.0226,通过
普通处方,0.4,0.3,150,446,106.49,102.5,110.64,0.0629,0.0231,通过
普通处方,0.4,0.3,150,447,102.96,98.65,107.45,0.0292,0.0258,通过
普通处方,0.4,0.3,150,448,103.81,100.29,107.46,0.0374,0.0208,通过
普通处方,0.4,0.3,150,449,103.28,99.02,107.72,0.0323,0.0254,通过
普通处方,0.4,0.3,150,450,102.87,99.38,106.49,0.0283,0.0209,通过
普通处方,0.4,0.3,150,451,102.79,98.81,106.94,0.0276,0.0239,通过
普通处方,0.4,0.3,150,452,106.2,102.0,110.57,0.0602,0.0244,通过
普通处方,0.4,0.3,150,453,96.7,92.73,100.83,-0.0336,0.0253,通过
普通处方,0.4,0.3,150,454,103.04,99.27,106.97,0.03,0.0226,通过
普通处方,0.4,0.3,150,455,108.26,103.93,112.78,0.0794,0.0247,通过
普通处方,0.4,0.3,150,456,104.18,100.17,108.36,0.041,0.0238,通过
普通处方,0.4,0.3,150,457,107.58,102.97,112.4,0.0731,0.0265,通过
普通处方,0.4,0.3,150,458,101.48,97.31,105.83,0.0147,0.0254,通过
普通处方,0.4,0.3,150,459,102.18,98.06,106.47,0.0216,0.0249,通过
普通处方,0.4,0.3,150,460,102.91,99.12,106.85,0.0287,0.0227,通过
普通处方,0.4,0.3,150,461,103.71,99.8,107.77,0.0364,0.0232,通过
普通处方,0.4,0.3,150,462,100.37,96.05,104.88,0.0036,0.0266,通过
普通处方,0.4,0.3,150,463,106.52,102.09,111.14,0.0631,0.0257,通过
普通处方,0.4,0.3,150,464,100.58,96.97,104.33,0.0058,0.0221,通过
普通处方,0.4,0.3,150,465,108.59,103.88,113.51,0.0824,0.0268,通过
普通处方,0.4,0.3,150,466,109.57,105.26,114.07,0.0914,0.0243,通过
普通处方,0.4,0.3,150,467,108.7,104.35,113.22,0.0834,0.0246,通过
普通处方,0.4,0.3,150,468,105.98,101.74,110.41,0.0581,0.0247,通过
普通处方,0.4,0.3,150,469,104.13,100.09,108.34,0.0405,0.024,通过
普通处方,0.4,0.3,150,470,103.44,99.11,107.95,0.0338,0.0258,通过
普通处方,0.4,0.3,150,471,99.04,95.33,102.89,-0.0097,0.0231,通过
普通处方,0.4,0.3,150,472,105.31,101.59,109.17,0.0518,0.0217,通过
普通处方,0.4,0.3,150,473,105.73,101.59,110.03,0.0557,0.0241,通过
普通处方,0.4,0.3,150,474,105.75,101.59,110.08,0.0559,0.0242,通过
普通处方,0.4,0.3,150,475,104.61,100.0,109.43,0.0451,0.0272,通过
普通处方,0.4,0.3,150,476,104.16,100.22,108.26,0.0408,0.0233,通过
普通处方,0.4,0.3,150,477,106.03,101.99,110.23,0.0586,0.0235,通过
普通处方,0.4,0.3,150,478,104.11,100.46,107.91,0.0403,0.0216,通过
普通处方,0.4,0.3,150,479,101.48,97.53,105.59,0.0147,0.024,通过
普通处方,0.4,0.3,150,480,102.15,98.12,106.35,0.0213,0.0243,通过
普通处方,0.4,0.3,150,481,106.54,102.26,111.01,0.0634,0.0248,通过
普通处方,0.4,0.3,150,482,102.66,98.33,107.19,0.0263,0.0261,通过
普通处方,0.4,0.3,150,483,104.04,100.04,108.19,0.0396,0.0237,通过
普通处方,0.4,0.3,150,484,103.62,99.5,107.92,0.0356,0.0245,通过
普通处方,0.4,0.3,150,485,104.58,100.15,109.2,0.0448,0.0261,通过
普通处方,0.4,0.3,150,486,103.04,99.22,107.0,0.0299,0.0228,通过
普通处方,0.4,0.3,150,487,104.25,100.33,108.33,0.0417,0.0232,通过
普通处方,0.4,0.3,150,488,103.89,99.9,108.04,0.0382,0.0237,通过
普通处方,0.4,0.3,150,489,103.41,99.34,107.65,0.0336,0.0243,通过
普通处方,0.4,0.3,150,490,105.14,100.45,110.06,0.0502,0.0276,通过
普通处方,0.4,0.3,150,491,103.18,99.63,106.84,0.0313,0.0211,通过
普通处方,0.4,0.3,150,492,105.43,101.26,109.78,0.0529,0.0244,通过
普通处方,0.4,0.3,150,493,102.52,98.48,106.74,0.0249,0.0243,通过
普通处方,0.4,0.3,150,494,105.07,100.85,109.46,0.0494,0.0247,通过
普通处方,0.4,0.3,150,495,110.54,105.73,115.58,0.1002,0.0269,通过
普通处方,0.4,0.3,150,496,106.36,102.45,110.43,0.0617,0.0227,通过
普通处方,0.4,0.3,150,497,103.78,99.98,107.73,0.0371,0.0225,通过
普通处方,0.4,0.3,150,498,107.75,103.44,112.24,0.0747,0.0247,通过
普通处方,0.4,0.3,150,499,103.12,99.11,107.29,0.0307,0.024,通过
普通处方,0.4,0.3,150,500,107.98,103.73,112.41,0.0768,0.0243,通过
劣质处方,0.6,0.45,12,1,114.6,81.98,160.2,0.1362,0.1865,失败
劣质处方,0.6,0.45,12,2,119.48,100.39,142.2,0.178,0.0969,失败
劣质处方,0.6,0.45,12,3,111.51,93.84,132.5,0.1089,0.0961,失败
劣质处方,0.6,0.45,12,4,136.03,98.65,187.58,0.3077,0.1789,失败
劣质处方,0.6,0.45,12,5,120.71,104.15,139.89,0.1882,0.0821,失败
劣质处方,0.6,0.45,12,6,106.47,90.81,124.83,0.0627,0.0886,通过
劣质处方,0.6,0.45,12,7,84.1,74.98,94.33,-0.1732,0.0639,失败
劣质处方,0.6,0.45,12,8,134.92,109.2,166.7,0.2995,0.1178,失败
劣质处方,0.6,0.45,12,9,104.79,75.26,145.9,0.0468,0.1843,失败
劣质处方,0.6,0.45,12,10,93.48,78.61,111.16,-0.0675,0.0965,失败
劣质处方,0.6,0.45,12,11,91.09,74.3,111.66,-0.0934,0.1134,失败
劣质处方,0.6,0.45,12,12,108.79,82.91,142.75,0.0843,0.1513,失败
劣质处方,0.6,0.45,12,13,95.63,72.33,126.44,-0.0447,0.1555,失败
劣质处方,0.6,0.45,12,14,103.27,77.04,138.44,0.0322,0.1632,失败
劣质处方,0.6,0.45,12,15,109.35,81.35,146.97,0.0893,0.1647,失败
劣质处方,0.6,0.45,12,16,120.9,96.45,151.54,0.1898,0.1258,失败
劣质处方,0.6,0.45,12,17,80.09,68.19,94.08,-0.222,0.0896,失败
劣质处方,0.6,0.45,12,18,93.05,76.91,112.59,-0.072,0.1061,失败
劣质处方,0.6,0.45,12,19,119.67,96.95,147.72,0.1796,0.1172,失败
劣质处方,0.6,0.45,12,20,131.46,100.73,171.57,0.2735,0.1483,失败
劣质处方,0.6,0.45,12,21,95.92,82.47,111.57,-0.0416,0.0842,通过
劣质处方,0.6,0.45,12,22,119.25,99.51,142.91,0.1761,0.1008,失败
劣质处方,0.6,0.45,12,23,103.6,83.35,128.76,0.0353,0.1211,失败
劣质处方,0.6,0.45,12,24,132.52,99.77,176.02,0.2816,0.1581,失败
劣质处方,0.6,0.45,12,25,142.9,117.31,174.07,0.357,0.1099,失败
劣质处方,0.6,0.45,12,26,121.39,98.14,150.13,0.1938,0.1184,失败
劣质处方,0.6,0.45,12,27,112.25,90.16,139.76,0.1156,0.122,失败
劣质处方,0.6,0.45,12,28,116.43,92.91,145.9,0.1521,0.1257,失败
劣质处方,0.6,0.45,12,29,109.36,92.19,129.73,0.0895,0.0951,失败
劣质处方,0.6,0.45,12,30,88.28,70.22,110.98,-0.1247,0.1274,失败
劣质处方,0.6,0.45,12,31,136.53,115.22,161.78,0.3114,0.0945,失败
劣质处方,0.6,0.45,12,32,90.09,71.91,112.87,-0.1043,0.1255,失败
劣质处方,0.6,0.45,12,33,120.91,93.31,156.66,0.1898,0.1443,失败
劣质处方,0.6,0.45,12,34,94.74,71.8,125.01,-0.054,0.1544,失败
劣质处方,0.6,0.45,12,35,88.29,71.2,109.5,-0.1245,0.1198,失败
劣质处方,0.6,0.45,12,36,115.24,96.22,138.02,0.1419,0.1004,失败
劣质处方,0.6,0.45,12,37,95.52,73.94,123.4,-0.0458,0.1426,失败
劣质处方,0.6,0.45,12,38,95.78,79.45,115.48,-0.0431,0.1041,失败
劣质处方,0.6,0.45,12,39,93.9,74.35,118.59,-0.0629,0.13,失败
劣质处方,0.6,0.45,12,40,100.81,81.93,124.03,0.008,0.1154,通过
劣质处方,0.6,0.45,12,41,95.57,67.58,135.17,-0.0453,0.193,失败
劣质处方,0.6,0.45,12,42,105.35,86.5,128.3,0.0521,0.1098,失败
劣质处方,0.6,0.45,12,43,111.43,95.58,129.9,0.1082,0.0854,失败
劣质处方,0.6,0.45,12,44,98.51,79.88,121.49,-0.015,0.1168,失败
劣质处方,0.6,0.45,12,45,112.34,87.6,144.08,0.1164,0.1385,失败
劣质处方,0.6,0.45,12,46,121.46,93.65,157.55,0.1944,0.1448,失败
劣质处方,0.6,0.45,12,47,131.08,104.34,164.66,0.2706,0.127,失败
劣质处方,0.6,0.45,12,48,105.94,85.67,131.0,0.0577,0.1182,失败
劣质处方,0.6,0.45,12,49,96.44,81.98,113.46,-0.0362,0.0905,通过
劣质处方,0.6,0.45,12,50,125.55,101.24,155.71,0.2276,0.1199,失败
劣质处方,0.6,0.45,12,51,127.27,96.23,168.33,0.2412,0.1557,失败
劣质处方,0.6,0.45,12,52,106.55,88.61,128.12,0.0634,0.1026,失败
劣质处方,0.6,0.45,12,53,104.62,80.14,136.56,0.0451,0.1484,失败
劣质处方,0.6,0.45,12,54,111.79,83.98,148.79,0.1114,0.1592,失败
劣质处方,0.6,0.45,12,55,123.61,91.21,167.53,0.212,0.1693,失败
劣质处方,0.6,0.45,12,56,91.02,74.5,111.19,-0.0941,0.1115,失败
劣质处方,0.6,0.45,12,57,114.48,97.9,133.87,0.1353,0.0871,失败
劣质处方,0.6,0.45,12,58,98.59,83.96,115.77,-0.0142,0.0894,通过
劣质处方,0.6,0.45,12,59,128.19,98.34,167.1,0.2484,0.1476,失败
劣质处方,0.6,0.45,12,60,99.26,78.35,125.76,-0.0074,0.1317,失败
劣质处方,0.6,0.45,12,61,126.15,101.54,156.73,0.2323,0.1209,失败
劣质处方,0.6,0.45,12,62,112.29,89.17,141.4,0.1159,0.1284,失败
劣质处方,0.6,0.45,12,63,120.68,101.81,143.04,0.1879,0.0947,失败
劣质处方,0.6,0.45,12,64,127.79,102.78,158.89,0.2453,0.1213,失败
劣质处方,0.6,0.45,12,65,107.46,87.9,131.37,0.072,0.1119,失败
劣质处方,0.6,0.45,12,66,90.24,69.42,117.32,-0.1026,0.1461,失败
劣质处方,0.6,0.45,12,67,92.53,76.38,112.08,-0.0777,0.1068,失败
劣质处方,0.6,0.45,12,68,120.26,98.09,147.45,0.1845,0.1135,失败
劣质处方,0.6,0.45,12,69,124.69,100.01,155.45,0.2206,0.1228,失败
劣质处方,0.6,0.45,12,70,82.6,65.13,104.76,-0.1911,0.1323,失败
劣质处方,0.6,0.45,12,71,124.73,104.08,149.49,0.221,0.1008,失败
劣质处方,0.6,0.45,12,72,112.31,92.6,136.21,0.1161,0.1075,失败
劣质处方,0.6,0.45,12,73,92.49,73.54,116.32,-0.078,0.1276,失败
劣质处方,0.6,0.45,12,74,107.83,87.66,132.63,0.0754,0.1153,失败
劣质处方,0.6,0.45,12,75,89.86,75.38,107.11,-0.107,0.0978,失败
劣质处方,0.6,0.45,12,76,111.28,88.4,140.08,0.1069,0.1282,失败
劣质处方,0.6,0.45,12,77,102.49,89.43,117.45,0.0246,0.0759,通过
劣质处方,0.6,0.45,12,78,79.81,56.33,113.1,-0.2255,0.1941,失败
劣质处方,0.6,0.45,12,79,95.59,79.51,114.92,-0.0451,0.1026,失败
劣质处方,0.6,0.45,12,80,119.82,97.59,147.12,0.1808,0.1143,失败
劣质处方,0.6,0.45,12,81,107.56,86.42,133.88,0.0729,0.1219,失败
劣质处方,0.6,0.45,12,82,115.98,92.4,145.58,0.1483,0.1266,失败
劣质处方,0.6,0.45,12,83,92.92,76.34,113.1,-0.0735,0.1095,失败
劣质处方,0.6,0.45,12,84,118.64,98.82,142.44,0.1709,0.1018,失败
劣质处方,0.6,0.45,12,85,114.56,97.76,134.25,0.1359,0.0883,失败
劣质处方,0.6,0.45,12,86,115.16,85.51,155.1,0.1412,0.1658,失败
劣质处方,0.6,0.45,12,87,99.58,86.03,115.28,-0.0042,0.0815,通过
劣质处方,0.6,0.45,12,88,110.59,92.4,132.35,0.1006,0.1001,失败
劣质处方,0.6,0.45,12,89,111.31,88.55,139.92,0.1072,0.1274,失败
劣质处方,0.6,0.45,12,90,119.93,93.22,154.3,0.1818,0.1403,失败
劣质处方,0.6,0.45,12,91,120.61,101.52,143.3,0.1874,0.096,失败
劣质处方,0.6,0.45,12,92,92.28,70.51,120.79,-0.0803,0.1499,失败
劣质处方,0.6,0.45,12,93,124.92,101.52,153.73,0.2225,0.1155,失败
劣质处方,0.6,0.45,12,94,106.81,83.55,136.53,0.0658,0.1367,失败
劣质处方,0.6,0.45,12,95,98.24,81.39,118.58,-0.0178,0.1048,通过
劣质处方,0.6,0.45,12,96,107.56,87.27,132.56,0.0728,0.1164,失败
劣质处方,0.6,0.45,12,97,128.66,92.65,178.65,0.252,0.1828,失败
劣质处方,0.6,0.45,12,98,104.97,87.57,125.83,0.0485,0.1009,失败
劣质处方,0.6,0.45,12,99,125.78,90.03,175.71,0.2293,0.1862,失败
劣质处方,0.6,0.45,12,100,125.14,103.87,150.77,0.2243,0.1037,失败
劣质处方,0.6,0.45,12,101,96.05,79.52,116.01,-0.0403,0.1052,失败
劣质处方,0.6,0.45,12,102,103.05,81.73,129.93,0.0301,0.129,失败
劣质处方,0.6,0.45,12,103,110.24,89.53,135.74,0.0975,0.1158,失败
劣质处方,0.6,0.45,12,104,97.45,79.0,120.21,-0.0258,0.1169,失败
劣质处方,0.6,0.45,12,105,116.43,93.0,145.76,0.1521,0.1251,失败
劣质处方,0.6,0.45,12,106,90.58,64.91,126.39,-0.099,0.1855,失败
劣质处方,0.6,0.45,12,107,97.52,78.21,121.6,-0.0251,0.1229,失败
劣质处方,0.6,0.45,12,108,110.14,91.11,133.14,0.0966,0.1056,失败
劣质处方,0.6,0.45,12,109,115.47,89.35,149.23,0.1439,0.1428,失败
劣质处方,0.6,0.45,12,110,127.2,100.97,160.24,0.2406,0.1286,失败
劣质处方,0.6,0.45,12,111,115.19,100.85,131.58,0.1415,0.0741,失败
劣质处方,0.6,0.45,12,112,103.86,91.08,118.43,0.0379,0.0731,通过
劣质处方,0.6,0.45,12,113,99.04,81.47,120.4,-0.0096,0.1087,通过
劣质处方,0.6,0.45,12,114,131.43,109.01,158.47,0.2733,0.1041,失败
劣质处方,0.6,0.45,12,115,126.06,99.54,159.65,0.2316,0.1315,失败
劣质处方,0.6,0.45,12,116,110.98,91.4,134.76,0.1042,0.1081,失败
劣质处方,0.6,0.45,12,117,94.33,73.68,120.77,-0.0584,0.1376,失败
劣质处方,0.6,0.45,12,118,114.01,89.07,145.93,0.1311,0.1375,失败
劣质处方,0.6,0.45,12,119,128.74,103.21,160.58,0.2526,0.1231,失败
劣质处方,0.6,0.45,12,120,128.57,101.43,162.97,0.2513,0.132,失败
劣质处方,0.6,0.45,12,121,133.37,99.14,179.41,0.288,0.1651,失败
劣质处方,0.6,0.45,12,122,93.56,83.04,105.41,-0.0666,0.0664,通过
劣质处方,0.6,0.45,12,123,98.91,80.4,121.69,-0.011,0.1154,通过
劣质处方,0.6,0.45,12,124,99.02,84.28,116.34,-0.0098,0.0898,通过
劣质处方,0.6,0.45,12,125,110.13,86.4,140.37,0.0965,0.1351,失败
劣质处方,0.6,0.45,12,126,126.46,105.4,151.73,0.2348,0.1014,失败
劣质处方,0.6,0.45,12,127,98.06,78.6,122.33,-0.0196,0.1231,失败
劣质处方,0.6,0.45,12,128,108.2,88.03,132.99,0.0788,0.1149,失败
劣质处方,0.6,0.45,12,129,105.43,89.92,123.61,0.0528,0.0886,通过
劣质处方,0.6,0.45,12,130,114.95,91.43,144.51,0.1393,0.1275,失败
劣质处方,0.6,0.45,12,131,129.17,106.75,156.3,0.256,0.1062,失败
劣质处方,0.6,0.45,12,132,122.57,98.39,152.68,0.2035,0.1223,失败
劣质处方,0.6,0.45,12,133,154.28,129.09,184.38,0.4336,0.0993,失败
劣质处方,0.6,0.45,12,134,124.42,97.94,158.07,0.2185,0.1333,失败
劣质处方,0.6,0.45,12,135,95.85,78.14,117.56,-0.0424,0.1137,失败
劣质处方,0.6,0.45,12,136,100.3,84.86,118.55,0.003,0.0931,通过
劣质处方,0.6,0.45,12,137,112.78,88.19,144.23,0.1202,0.137,失败
劣质处方,0.6,0.45,12,138,114.93,94.16,140.29,0.1391,0.111,失败
劣质处方,0.6,0.45,12,139,156.42,123.47,198.16,0.4474,0.1317,失败
劣质处方,0.6,0.45,12,140,115.69,96.73,138.35,0.1457,0.0996,失败
劣质处方,0.6,0.45,12,141,108.87,88.64,133.72,0.085,0.1145,失败
劣质处方,0.6,0.45,12,142,111.02,89.74,137.34,0.1045,0.1185,失败
劣质处方,0.6,0.45,12,143,119.14,97.41,145.71,0.1751,0.1121,失败
劣质处方,0.6,0.45,12,144,107.35,87.14,132.24,0.0709,0.1161,失败
劣质处方,0.6,0.45,12,145,123.51,102.83,148.36,0.2112,0.1021,失败
劣质处方,0.6,0.45,12,146,130.77,105.5,162.1,0.2683,0.1196,失败
劣质处方,0.6,0.45,12,147,115.97,101.0,133.17,0.1482,0.077,失败
劣质处方,0.6,0.45,12,148,109.52,88.46,135.59,0.0909,0.1189,失败
劣质处方,0.6,0.45,12,149,118.2,93.0,150.23,0.1672,0.1335,失败
劣质处方,0.6,0.45,12,150,108.38,87.49,134.27,0.0805,0.1192,失败
劣质处方,0.6,0.45,12,151,127.01,102.29,157.7,0.2391,0.1205,失败
劣质处方,0.6,0.45,12,152,104.62,85.09,128.63,0.0452,0.115,失败
劣质处方,0.6,0.45,12,153,117.56,93.38,148.0,0.1618,0.1282,失败
劣质处方,0.6,0.45,12,154,102.56,80.74,130.28,0.0253,0.1332,失败
劣质处方,0.6,0.45,12,155,110.81,90.96,135.0,0.1027,0.1099,失败
劣质处方,0.6,0.45,12,156,127.24,108.35,149.42,0.2409,0.0895,失败
劣质处方,0.6,0.45,12,157,119.54,94.27,151.59,0.1785,0.1322,失败
劣质处方,0.6,0.45,12,158,112.85,93.14,136.73,0.1209,0.1069,失败
劣质处方,0.6,0.45,12,159,81.55,62.1,107.08,-0.204,0.1517,失败
劣质处方,0.6,0.45,12,160,128.93,108.55,153.14,0.2541,0.0958,失败
劣质处方,0.6,0.45,12,161,99.48,82.29,120.27,-0.0052,0.1057,通过
劣质处方,0.6,0.45,12,162,103.35,79.01,135.19,0.0329,0.1495,失败
劣质处方,0.6,0.45,12,163,99.37,77.64,127.18,-0.0063,0.1374,失败
劣质处方,0.6,0.45,12,164,132.43,106.5,164.67,0.2809,0.1213,失败
劣质处方,0.6,0.45,12,165,122.95,103.85,145.58,0.2066,0.0941,失败
劣质处方,0.6,0.45,12,166,112.95,90.36,141.19,0.1218,0.1243,失败
劣质处方,0.6,0.45,12,167,96.24,81.16,114.13,-0.0383,0.0949,通过
劣质处方,0.6,0.45,12,168,118.12,96.99,143.86,0.1666,0.1098,失败
劣质处方,0.6,0.45,12,169,130.53,104.29,163.37,0.2664,0.125,失败
劣质处方,0.6,0.45,12,170,114.54,95.81,136.92,0.1357,0.0994,失败
劣质处方,0.6,0.45,12,171,104.94,82.12,134.1,0.0482,0.1365,失败
劣质处方,0.6,0.45,12,172,96.35,77.38,119.98,-0.0371,0.1221,失败
劣质处方,0.6,0.45,12,173,94.45,69.83,127.75,-0.0571,0.1682,失败
劣质处方,0.6,0.45,12,174,119.59,99.52,143.72,0.1789,0.1023,失败
劣质处方,0.6,0.45,12,175,129.15,101.61,164.16,0.2558,0.1336,失败
劣质处方,0.6,0.45,12,176,115.14,96.24,137.75,0.1409,0.0999,失败
劣质处方,0.6,0.45,12,177,102.93,82.56,128.33,0.0289,0.1228,失败
劣质处方,0.6,0.45,12,178,143.31,121.43,169.12,0.3598,0.0922,失败
劣质处方,0.6,0.45,12,179,109.45,87.38,137.09,0.0903,0.1254,失败
劣质处方,0.6,0.45,12,180,100.58,85.97,117.66,0.0057,0.0874,通过
劣质处方,0.6,0.45,12,181,101.75,77.2,134.11,0.0173,0.1538,失败
劣质处方,0.6,0.45,12,182,123.01,100.34,150.8,0.2071,0.1134,失败
劣质处方,0.6,0.45,12,183,109.94,88.88,135.97,0.0947,0.1184,失败
劣质处方,0.6,0.45,12,184,99.36,78.6,125.6,-0.0064,0.1305,失败
劣质处方,0.6,0.45,12,185,96.77,72.84,128.57,-0.0328,0.1582,失败
劣质处方,0.6,0.45,12,186,106.12,84.47,133.33,0.0594,0.1271,失败
劣质处方,0.6,0.45,12,187,142.37,115.19,175.97,0.3533,0.118,失败
劣质处方,0.6,0.45,12,188,112.02,89.34,140.45,0.1135,0.1259,失败
劣质处方,0.6,0.45,12,189,91.74,78.71,106.93,-0.0862,0.0853,失败
劣质处方,0.6,0.45,12,190,89.29,70.19,113.58,-0.1133,0.134,失败
劣质处方,0.6,0.45,12,191,112.91,90.09,141.51,0.1214,0.1257,失败
劣质处方,0.6,0.45,12,192,104.85,83.75,131.28,0.0474,0.1252,失败
劣质处方,0.6,0.45,12,193,87.83,67.71,113.93,-0.1297,0.1448,失败
劣质处方,0.6,0.45,12,194,109.53,88.69,135.26,0.091,0.1175,失败
劣质处方,0.6,0.45,12,195,111.74,96.51,129.36,0.111,0.0816,失败
劣质处方,0.6,0.45,12,196,98.66,73.96,131.61,-0.0135,0.1604,失败
劣质处方,0.6,0.45,12,197,107.07,80.13,143.07,0.0683,0.1614,失败
劣质处方,0.6,0.45,12,198,111.43,96.88,128.15,0.1082,0.0779,失败
劣质处方,0.6,0.45,12,199,97.38,79.54,119.21,-0.0266,0.1127,失败
劣质处方,0.6,0.45,12,200,91.16,73.74,112.69,-0.0926,0.1181,失败
劣质处方,0.6,0.45,12,201,116.34,95.58,141.61,0.1514,0.1094,失败
劣质处方,0.6,0.45,12,202,99.99,83.25,120.08,-0.0001,0.102,通过
劣质处方,0.6,0.45,12,203,106.74,89.55,127.24,0.0653,0.0978,失败
劣质处方,0.6,0.45,12,204,131.85,114.47,151.86,0.2765,0.0787,失败
劣质处方,0.6,0.45,12,205,115.11,92.19,143.74,0.1408,0.1236,失败
劣质处方,0.6,0.45,12,206,87.7,65.64,117.18,-0.1312,0.1614,失败
劣质处方,0.6,0.45,12,207,106.1,90.23,124.77,0.0593,0.0902,通过
劣质处方,0.6,0.45,12,208,117.68,88.4,156.64,0.1628,0.1593,失败
劣质处方,0.6,0.45,12,209,106.32,85.47,132.26,0.0613,0.1216,失败
劣质处方,0.6,0.45,12,210,74.34,57.53,96.06,-0.2966,0.1427,失败
劣质处方,0.6,0.45,12,211,107.21,87.22,131.77,0.0696,0.1149,失败
劣质处方,0.6,0.45,12,212,129.74,104.39,161.24,0.2604,0.121,失败
劣质处方,0.6,0.45,12,213,135.02,108.66,167.77,0.3002,0.1209,失败
劣质处方,0.6,0.45,12,214,95.9,75.06,122.54,-0.0418,0.1364,失败
劣质处方,0.6,0.45,12,215,113.27,90.62,141.58,0.1246,0.1242,失败
劣质处方,0.6,0.45,12,216,118.23,95.09,147.0,0.1675,0.1213,失败
劣质处方,0.6,0.45,12,217,133.24,107.28,165.48,0.287,0.1207,失败
劣质处方,0.6,0.45,12,218,114.62,87.84,149.57,0.1365,0.1482,失败
劣质处方,0.6,0.45,12,219,90.36,73.02,111.82,-0.1013,0.1186,失败
劣质处方,0.6,0.45,12,220,99.8,86.19,115.55,-0.002,0.0816,通过
劣质处方,0.6,0.45,12,221,136.31,110.79,167.7,0.3097,0.1154,失败
劣质处方,0.6,0.45,12,222,104.54,79.86,136.85,0.0444,0.15,失败
劣质处方,0.6,0.45,12,223,84.27,61.6,115.29,-0.1711,0.1745,失败
劣质处方,0.6,0.45,12,224,130.17,105.33,160.87,0.2637,0.1179,失败
劣质处方,0.6,0.45,12,225,90.86,77.11,107.07,-0.0958,0.0914,失败
劣质处方,0.6,0.45,12,226,98.91,82.09,119.17,-0.011,0.1038,通过
劣质处方,0.6,0.45,12,227,99.99,89.97,111.12,-0.0001,0.0588,通过
劣质处方,0.6,0.45,12,228,103.92,82.58,130.78,0.0385,0.128,失败
劣质处方,0.6,0.45,12,229,107.72,81.05,143.18,0.0744,0.1584,失败
劣质处方,0.6,0.45,12,230,101.92,81.09,128.09,0.019,0.1273,失败
劣质处方,0.6,0.45,12,231,114.34,88.86,147.11,0.134,0.1404,失败
劣质处方,0.6,0.45,12,232,99.57,79.84,124.18,-0.0043,0.123,失败
劣质处方,0.6,0.45,12,233,117.29,91.16,150.9,0.1595,0.1403,失败
劣质处方,0.6,0.45,12,234,123.11,93.99,161.25,0.2079,0.1503,失败
劣质处方,0.6,0.45,12,235,79.28,63.68,98.69,-0.2322,0.122,失败
劣质处方,0.6,0.45,12,236,115.99,94.52,142.36,0.1484,0.114,失败
劣质处方,0.6,0.45,12,237,110.49,90.57,134.78,0.0997,0.1107,失败
劣质处方,0.6,0.45,12,238,109.61,90.2,133.19,0.0917,0.1085,失败
劣质处方,0.6,0.45,12,239,115.43,94.55,140.92,0.1435,0.1111,失败
劣质处方,0.6,0.45,12,240,133.88,112.86,158.81,0.2918,0.0951,失败
劣质处方,0.6,0.45,12,241,117.76,87.37,158.71,0.1634,0.1662,失败
劣质处方,0.6,0.45,12,242,117.92,96.29,144.41,0.1649,0.1128,失败
劣质处方,0.6,0.45,12,243,101.96,80.76,128.73,0.0194,0.1298,失败
劣质处方,0.6,0.45,12,244,107.18,84.11,136.58,0.0694,0.135,失败
劣质处方,0.6,0.45,12,245,91.42,71.13,117.5,-0.0897,0.1398,失败
劣质处方,0.6,0.45,12,246,117.37,85.76,160.63,0.1601,0.1747,失败
劣质处方,0.6,0.45,12,247,101.43,85.89,119.76,0.0142,0.0925,通过
劣质处方,0.6,0.45,12,248,99.03,84.84,115.6,-0.0098,0.0861,通过
劣质处方,0.6,0.45,12,249,136.15,113.55,163.26,0.3086,0.1011,失败
劣质处方,0.6,0.45,12,250,90.23,70.48,115.5,-0.1029,0.1375,失败
劣质处方,0.6,0.45,12,251,101.3,82.83,123.89,0.0129,0.1121,通过
劣质处方,0.6,0.45,12,252,103.35,77.63,137.58,0.033,0.1593,失败
劣质处方,0.6,0.45,12,253,135.4,109.68,167.16,0.3031,0.1173,失败
劣质处方,0.6,0.45,12,254,107.67,78.05,148.52,0.0739,0.1791,失败
劣质处方,0.6,0.45,12,255,123.98,105.47,145.73,0.2149,0.09,失败
劣质处方,0.6,0.45,12,256,133.6,110.83,161.06,0.2897,0.1041,失败
劣质处方,0.6,0.45,12,257,139.05,111.29,173.75,0.3297,0.124,失败
劣质处方,0.6,0.45,12,258,109.91,95.81,126.08,0.0945,0.0764,失败
劣质处方,0.6,0.45,12,259,115.3,89.46,148.6,0.1424,0.1413,失败
劣质处方,0.6,0.45,12,260,119.05,96.1,147.48,0.1744,0.1192,失败
劣质处方,0.6,0.45,12,261,119.02,99.55,142.29,0.1741,0.0994,失败
劣质处方,0.6,0.45,12,262,92.64,77.65,110.51,-0.0765,0.0983,失败
劣质处方,0.6,0.45,12,263,89.39,72.07,110.87,-0.1122,0.1199,失败
劣质处方,0.6,0.45,12,264,97.67,74.99,127.21,-0.0235,0.1471,失败
劣质处方,0.6,0.45,12,265,98.0,83.63,114.85,-0.0202,0.0883,通过
劣质处方,0.6,0.45,12,266,139.62,116.7,167.04,0.3337,0.0998,失败
劣质处方,0.6,0.45,12,267,117.73,96.26,144.0,0.1633,0.1121,失败
劣质处方,0.6,0.45,12,268,79.94,67.21,95.07,-0.2239,0.0965,失败
劣质处方,0.6,0.45,12,269,105.15,84.23,131.26,0.0502,0.1235,失败
劣质处方,0.6,0.45,12,270,113.26,92.23,139.09,0.1245,0.1144,失败
劣质处方,0.6,0.45,12,271,103.45,82.78,129.29,0.0339,0.1242,失败
劣质处方,0.6,0.45,12,272,120.5,97.87,148.38,0.1865,0.1159,失败
劣质处方,0.6,0.45,12,273,97.35,76.21,124.37,-0.0268,0.1364,失败
劣质处方,0.6,0.45,12,274,96.8,83.7,111.94,-0.0326,0.0809,通过
劣质处方,0.6,0.45,12,275,109.52,92.44,129.76,0.091,0.0944,失败
劣质处方,0.6,0.45,12,276,90.93,66.9,123.58,-0.0951,0.1709,失败
劣质处方,0.6,0.45,12,277,117.59,95.47,144.83,0.162,0.116,失败
劣质处方,0.6,0.45,12,278,144.9,119.78,175.28,0.3708,0.106,失败
劣质处方,0.6,0.45,12,279,110.87,93.67,131.24,0.1032,0.0939,失败
劣质处方,0.6,0.45,12,280,120.79,90.91,160.49,0.1889,0.1582,失败
劣质处方,0.6,0.45,12,281,117.23,99.68,137.87,0.159,0.0903,失败
劣质处方,0.6,0.45,12,282,129.78,100.22,168.06,0.2607,0.1439,失败
劣质处方,0.6,0.45,12,283,102.73,81.96,128.77,0.0269,0.1258,失败
劣质处方,0.6,0.45,12,284,106.9,79.98,142.87,0.0667,0.1615,失败
劣质处方,0.6,0.45,12,285,120.45,96.48,150.36,0.186,0.1235,失败
劣质处方,0.6,0.45,12,286,95.89,81.89,112.28,-0.042,0.0879,通过
劣质处方,0.6,0.45,12,287,112.14,91.75,137.06,0.1146,0.1117,失败
劣质处方,0.6,0.45,12,288,115.21,90.94,145.95,0.1416,0.1317,失败
劣质处方,0.6,0.45,12,289,128.8,109.22,151.9,0.2531,0.0919,失败
劣质处方,0.6,0.45,12,290,121.26,98.05,149.97,0.1928,0.1183,失败
劣质处方,0.6,0.45,12,291,107.45,85.68,134.75,0.0718,0.1261,失败
劣质处方,0.6,0.45,12,292,116.01,98.79,136.23,0.1485,0.0895,失败
劣质处方,0.6,0.45,12,293,112.92,93.09,136.98,0.1215,0.1075,失败
劣质处方,0.6,0.45,12,294,104.87,86.46,127.19,0.0475,0.1075,失败
劣质处方,0.6,0.45,12,295,101.51,80.08,128.66,0.015,0.132,失败
劣质处方,0.6,0.45,12,296,109.85,91.17,132.36,0.094,0.1038,失败
劣质处方,0.6,0.45,12,297,108.61,86.62,136.17,0.0826,0.1259,失败
劣质处方,0.6,0.45,12,298,103.98,74.6,144.94,0.039,0.1849,失败
劣质处方,0.6,0.45,12,299,109.48,90.19,132.89,0.0906,0.1079,失败
劣质处方,0.6,0.45,12,300,119.31,92.03,154.68,0.1766,0.1446,失败
劣质处方,0.6,0.45,12,301,105.73,80.53,138.83,0.0558,0.1516,失败
劣质处方,0.6,0.45,12,302,115.33,96.32,138.09,0.1426,0.1003,失败
劣质处方,0.6,0.45,12,303,114.45,95.68,136.91,0.135,0.0998,失败
劣质处方,0.6,0.45,12,304,100.17,84.77,118.36,0.0017,0.0929,通过
劣质处方,0.6,0.45,12,305,105.92,90.03,124.63,0.0575,0.0905,通过
劣质处方,0.6,0.45,12,306,104.87,83.77,131.29,0.0476,0.1251,失败
劣质处方,0.6,0.45,12,307,118.71,98.19,143.52,0.1715,0.1057,失败
劣质处方,0.6,0.45,12,308,117.91,94.61,146.95,0.1647,0.1226,失败
劣质处方,0.6,0.45,12,309,100.91,78.52,129.67,0.009,0.1397,失败
劣质处方,0.6,0.45,12,310,111.6,81.65,152.54,0.1097,0.174,失败
劣质处方,0.6,0.45,12,311,105.97,89.62,125.3,0.058,0.0933,失败
劣质处方,0.6,0.45,12,312,116.3,89.8,150.62,0.151,0.144,失败
劣质处方,0.6,0.45,12,313,100.37,81.08,124.24,0.0037,0.1188,通过
劣质处方,0.6,0.45,12,314,131.87,105.59,164.68,0.2766,0.1237,失败
劣质处方,0.6,0.45,12,315,112.31,94.16,133.97,0.1161,0.0982,失败
劣质处方,0.6,0.45,12,316,110.33,88.78,137.11,0.0983,0.121,失败
劣质处方,0.6,0.45,12,317,105.8,92.49,121.03,0.0564,0.0749,通过
劣质处方,0.6,0.45,12,318,104.5,85.67,127.49,0.0441,0.1107,失败
劣质处方,0.6,0.45,12,319,103.34,87.13,122.56,0.0329,0.095,通过
劣质处方,0.6,0.45,12,320,100.07,84.46,118.55,0.0007,0.0944,通过
劣质处方,0.6,0.45,12,321,116.2,89.75,150.46,0.1502,0.1439,失败
劣质处方,0.6,0.45,12,322,120.11,99.32,145.26,0.1833,0.1058,失败
劣质处方,0.6,0.45,12,323,102.08,81.91,127.22,0.0206,0.1226,失败
劣质处方,0.6,0.45,12,324,116.54,92.18,147.35,0.1531,0.1306,失败
劣质处方,0.6,0.45,12,325,89.59,70.7,113.53,-0.1099,0.1319,失败
劣质处方,0.6,0.45,12,326,107.24,88.03,130.63,0.0699,0.1099,失败
劣质处方,0.6,0.45,12,327,111.43,92.13,134.77,0.1082,0.1059,失败
劣质处方,0.6,0.45,12,328,107.29,89.18,129.08,0.0704,0.103,失败
劣质处方,0.6,0.45,12,329,112.91,91.29,139.65,0.1214,0.1184,失败
劣质处方,0.6,0.45,12,330,90.09,74.83,108.46,-0.1044,0.1033,失败
劣质处方,0.6,0.45,12,331,96.65,78.58,118.87,-0.0341,0.1152,失败
劣质处方,0.6,0.45,12,332,119.21,93.12,152.61,0.1757,0.1375,失败
劣质处方,0.6,0.45,12,333,116.99,96.28,142.15,0.1569,0.1085,失败
劣质处方,0.6,0.45,12,334,111.39,86.73,143.05,0.1078,0.1393,失败
劣质处方,0.6,0.45,12,335,69.94,55.67,87.88,-0.3575,0.1271,失败
劣质处方,0.6,0.45,12,336,103.85,75.93,142.05,0.0378,0.1744,失败
劣质处方,0.6,0.45,12,337,122.8,91.46,164.88,0.2054,0.1641,失败
劣质处方,0.6,0.45,12,338,130.41,108.58,156.63,0.2655,0.102,失败
劣质处方,0.6,0.45,12,339,95.53,76.33,119.56,-0.0458,0.1249,失败
劣质处方,0.6,0.45,12,340,105.4,86.46,128.48,0.0526,0.1103,失败
劣质处方,0.6,0.45,12,341,111.92,91.81,136.43,0.1126,0.1103,失败
劣质处方,0.6,0.45,12,342,107.34,84.11,137.0,0.0709,0.1358,失败
劣质处方,0.6,0.45,12,343,93.41,79.3,110.02,-0.0682,0.0911,失败
劣质处方,0.6,0.45,12,344,100.93,79.21,128.6,0.0093,0.1349,失败
劣质处方,0.6,0.45,12,345,104.75,79.77,137.56,0.0464,0.1517,失败
劣质处方,0.6,0.45,12,346,89.11,72.51,109.52,-0.1153,0.1148,失败
劣质处方,0.6,0.45,12,347,116.67,84.02,162.0,0.1541,0.1828,失败
劣质处方,0.6,0.45,12,348,102.21,83.36,125.31,0.0218,0.1135,失败
劣质处方,0.6,0.45,12,349,107.63,87.61,132.22,0.0735,0.1146,失败
劣质处方,0.6,0.45,12,350,97.6,77.22,123.35,-0.0243,0.1304,失败
劣质处方,0.6,0.45,12,351,113.83,91.45,141.68,0.1295,0.1219,失败
劣质处方,0.6,0.45,12,352,117.61,99.48,139.03,0.1622,0.0932,失败
劣质处方,0.6,0.45,12,353,97.48,77.79,122.16,-0.0255,0.1257,失败
劣质处方,0.6,0.45,12,354,110.75,85.99,142.64,0.1021,0.1409,失败
劣质处方,0.6,0.45,12,355,125.59,92.77,170.0,0.2278,0.1686,失败
劣质处方,0.6,0.45,12,356,98.51,80.8,120.11,-0.015,0.1104,通过
劣质处方,0.6,0.45,12,357,123.7,97.86,156.36,0.2127,0.1305,失败
劣质处方,0.6,0.45,12,358,111.73,86.28,144.68,0.1109,0.1439,失败
劣质处方,0.6,0.45,12,359,115.41,92.03,144.74,0.1434,0.1261,失败
劣质处方,0.6,0.45,12,360,109.69,94.89,126.81,0.0925,0.0807,失败
劣质处方,0.6,0.45,12,361,114.21,84.98,153.49,0.1329,0.1646,失败
劣质处方,0.6,0.45,12,362,114.47,93.43,140.23,0.1351,0.1131,失败
劣质处方,0.6,0.45,12,363,91.69,75.98,110.66,-0.0867,0.1047,失败
劣质处方,0.6,0.45,12,364,127.16,98.61,163.96,0.2403,0.1416,失败
劣质处方,0.6,0.45,12,365,98.43,80.65,120.14,-0.0158,0.111,通过
劣质处方,0.6,0.45,12,366,114.5,90.5,144.86,0.1354,0.131,失败
劣质处方,0.6,0.45,12,367,122.71,102.49,146.93,0.2047,0.1003,失败
劣质处方,0.6,0.45,12,368,103.89,79.81,135.23,0.0382,0.1468,失败
劣质处方,0.6,0.45,12,369,105.7,79.9,139.82,0.0554,0.1558,失败
劣质处方,0.6,0.45,12,370,111.22,85.14,145.29,0.1063,0.1488,失败
劣质处方,0.6,0.45,12,371,134.15,105.53,170.53,0.2938,0.1336,失败
劣质处方,0.6,0.45,12,372,84.47,71.02,100.46,-0.1688,0.0965,失败
劣质处方,0.6,0.45,12,373,123.72,91.58,167.14,0.2129,0.1675,失败
劣质处方,0.6,0.45,12,374,95.25,72.9,124.46,-0.0486,0.1489,失败
劣质处方,0.6,0.45,12,375,131.13,106.76,161.06,0.271,0.1145,失败
劣质处方,0.6,0.45,12,376,118.9,104.57,135.18,0.1731,0.0715,失败
劣质处方,0.6,0.45,12,377,100.58,77.57,130.4,0.0057,0.1446,失败
劣质处方,0.6,0.45,12,378,99.77,79.5,125.2,-0.0023,0.1264,失败
劣质处方,0.6,0.45,12,379,117.6,97.77,141.45,0.1621,0.1028,失败
劣质处方,0.6,0.45,12,380,86.02,70.6,104.8,-0.1506,0.11,失败
劣质处方,0.6,0.45,12,381,112.37,85.01,148.51,0.1166,0.1553,失败
劣质处方,0.6,0.45,12,382,90.84,73.18,112.76,-0.0961,0.1204,失败
劣质处方,0.6,0.45,12,383,119.57,95.46,149.78,0.1788,0.1254,失败
劣质处方,0.6,0.45,12,384,108.31,91.29,128.5,0.0798,0.0952,失败
劣质处方,0.6,0.45,12,385,131.56,105.65,163.82,0.2743,0.1221,失败
劣质处方,0.6,0.45,12,386,94.88,77.65,115.93,-0.0526,0.1116,失败
劣质处方,0.6,0.45,12,387,109.94,88.4,136.72,0.0947,0.1214,失败
劣质处方,0.6,0.45,12,388,85.58,71.49,102.45,-0.1557,0.1002,失败
劣质处方,0.6,0.45,12,389,114.95,91.12,145.02,0.1393,0.1294,失败
劣质处方,0.6,0.45,12,390,113.85,98.14,132.07,0.1297,0.0827,失败
劣质处方,0.6,0.45,12,391,88.43,74.05,105.6,-0.123,0.0988,失败
劣质处方,0.6,0.45,12,392,113.46,92.65,138.94,0.1263,0.1128,失败
劣质处方,0.6,0.45,12,393,106.74,80.01,142.41,0.0652,0.1605,失败
劣质处方,0.6,0.45,12,394,105.95,87.97,127.59,0.0578,0.1035,失败
劣质处方,0.6,0.45,12,395,107.19,85.78,133.94,0.0694,0.124,失败
劣质处方,0.6,0.45,12,396,111.9,87.12,143.74,0.1125,0.1394,失败
劣质处方,0.6,0.45,12,397,99.95,82.25,121.46,-0.0005,0.1085,通过
劣质处方,0.6,0.45,12,398,112.2,83.5,150.77,0.1151,0.1645,失败
劣质处方,0.6,0.45,12,399,105.08,90.28,122.3,0.0495,0.0845,通过
劣质处方,0.6,0.45,12,400,143.93,116.05,178.52,0.3642,0.1199,失败
劣质处方,0.6,0.45,12,401,139.88,104.46,187.31,0.3356,0.1626,失败
劣质处方,0.6,0.45,12,402,80.74,62.64,104.08,-0.2139,0.1414,失败
劣质处方,0.6,0.45,12,403,108.27,90.13,130.05,0.0794,0.1021,失败
劣质处方,0.6,0.45,12,404,104.34,86.76,125.47,0.0425,0.1027,失败
劣质处方,0.6,0.45,12,405,104.55,82.15,133.04,0.0445,0.1342,失败
劣质处方,0.6,0.45,12,406,94.78,76.29,117.76,-0.0536,0.1209,失败
劣质处方,0.6,0.45,12,407,111.63,89.69,138.95,0.11,0.1219,失败
劣质处方,0.6,0.45,12,408,125.93,101.54,156.18,0.2306,0.1199,失败
劣质处方,0.6,0.45,12,409,109.03,86.25,137.84,0.0865,0.1305,失败
劣质处方,0.6,0.45,12,410,99.72,82.56,120.44,-0.0028,0.1051,通过
劣质处方,0.6,0.45,12,411,103.51,82.96,129.16,0.0345,0.1233,失败
劣质处方,0.6,0.45,12,412,125.75,96.58,163.73,0.2291,0.147,失败
劣质处方,0.6,0.45,12,413,104.48,89.15,122.44,0.0438,0.0883,通过
劣质处方,0.6,0.45,12,414,95.74,75.76,120.99,-0.0436,0.1303,失败
劣质处方,0.6,0.45,12,415,123.05,91.57,165.37,0.2075,0.1646,失败
劣质处方,0.6,0.45,12,416,115.92,94.54,142.14,0.1477,0.1135,失败
劣质处方,0.6,0.45,12,417,105.11,86.0,128.48,0.0499,0.1118,失败
劣质处方,0.6,0.45,12,418,147.18,120.05,180.43,0.3865,0.1134,失败
劣质处方,0.6,0.45,12,419,115.06,89.95,147.17,0.1403,0.1371,失败
劣质处方,0.6,0.45,12,420,89.52,71.78,111.65,-0.1107,0.123,失败
劣质处方,0.6,0.45,12,421,114.13,96.79,134.57,0.1321,0.0917,失败
劣质处方,0.6,0.45,12,422,115.86,99.62,134.74,0.1472,0.0841,失败
劣质处方,0.6,0.45,12,423,99.54,85.54,115.84,-0.0046,0.0844,通过
劣质处方,0.6,0.45,12,424,124.5,99.57,155.67,0.2191,0.1244,失败
劣质处方,0.6,0.45,12,425,97.59,81.5,116.87,-0.0244,0.1004,通过
劣质处方,0.6,0.45,12,426,96.29,74.31,124.77,-0.0378,0.1443,失败
劣质处方,0.6,0.45,12,427,111.56,92.26,134.89,0.1094,0.1058,失败
劣质处方,0.6,0.45,12,428,131.84,106.25,163.59,0.2764,0.1202,失败
劣质处方,0.6,0.45,12,429,121.49,93.47,157.9,0.1946,0.146,失败
劣质处方,0.6,0.45,12,430,107.83,88.67,131.13,0.0754,0.1089,失败
劣质处方,0.6,0.45,12,431,111.25,94.8,130.55,0.1066,0.0891,失败
劣质处方,0.6,0.45,12,432,79.48,63.47,99.52,-0.2297,0.1252,失败
劣质处方,0.6,0.45,12,433,131.16,99.86,172.29,0.2713,0.1518,失败
劣质处方,0.6,0.45,12,434,96.61,76.31,122.31,-0.0345,0.1314,失败
劣质处方,0.6,0.45,12,435,125.77,100.27,157.77,0.2293,0.1262,失败
劣质处方,0.6,0.45,12,436,112.86,93.0,136.98,0.121,0.1078,失败
劣质处方,0.6,0.45,12,437,101.68,83.56,123.74,0.0167,0.1093,通过
劣质处方,0.6,0.45,12,438,98.42,80.58,120.2,-0.0159,0.1113,通过
劣质处方,0.6,0.45,12,439,108.79,85.36,138.65,0.0843,0.135,失败
劣质处方,0.6,0.45,12,440,121.95,101.52,146.48,0.1984,0.1021,失败
劣质处方,0.6,0.45,12,441,127.05,98.9,163.2,0.2394,0.1395,失败
劣质处方,0.6,0.45,12,442,76.09,62.27,92.98,-0.2732,0.1116,失败
劣质处方,0.6,0.45,12,443,101.26,86.63,118.36,0.0125,0.0869,通过
劣质处方,0.6,0.45,12,444,129.71,100.96,166.64,0.2601,0.1395,失败
劣质处方,0.6,0.45,12,445,111.8,89.3,139.96,0.1115,0.1251,失败
劣质处方,0.6,0.45,12,446,97.9,75.92,126.23,-0.0213,0.1415,失败
劣质处方,0.6,0.45,12,447,100.38,84.74,118.89,0.0037,0.0943,通过
劣质处方,0.6,0.45,12,448,120.79,99.59,146.51,0.1889,0.1075,失败
劣质处方,0.6,0.45,12,449,112.51,88.74,142.64,0.1178,0.1322,失败
劣质处方,0.6,0.45,12,450,109.63,82.85,145.06,0.0919,0.1559,失败
劣质处方,0.6,0.45,12,451,114.04,87.96,147.85,0.1314,0.1446,失败
劣质处方,0.6,0.45,12,452,98.09,82.29,116.92,-0.0193,0.0978,通过
劣质处方,0.6,0.45,12,453,111.79,94.74,131.92,0.1115,0.0922,失败
劣质处方,0.6,0.45,12,454,112.31,93.26,135.25,0.1161,0.1035,失败
劣质处方,0.6,0.45,12,455,153.5,128.17,183.84,0.4285,0.1004,失败
劣质处方,0.6,0.45,12,456,139.57,116.01,167.91,0.3334,0.1029,失败
劣质处方,0.6,0.45,12,457,129.63,113.67,147.83,0.2595,0.0732,失败
劣质处方,0.6,0.45,12,458,128.9,98.25,169.11,0.2539,0.1512,失败
劣质处方,0.6,0.45,12,459,110.59,86.98,140.61,0.1007,0.1337,失败
劣质处方,0.6,0.45,12,460,106.34,83.88,134.81,0.0614,0.1321,失败
劣质处方,0.6,0.45,12,461,118.55,103.94,135.22,0.1702,0.0732,失败
劣质处方,0.6,0.45,12,462,154.91,126.18,190.19,0.4377,0.1142,失败
劣质处方,0.6,0.45,12,463,96.76,81.22,115.27,-0.0329,0.0975,通过
劣质处方,0.6,0.45,12,464,128.36,104.4,157.82,0.2497,0.1151,失败
劣质处方,0.6,0.45,12,465,105.63,83.09,134.3,0.0548,0.1337,失败
劣质处方,0.6,0.45,12,466,120.37,93.07,155.67,0.1854,0.1432,失败
劣质处方,0.6,0.45,12,467,102.75,86.62,121.87,0.0271,0.0951,通过
劣质处方,0.6,0.45,12,468,106.91,79.36,144.04,0.0669,0.166,失败
劣质处方,0.6,0.45,12,469,98.18,82.54,116.78,-0.0184,0.0966,通过
劣质处方,0.6,0.45,12,470,119.41,98.44,144.85,0.1774,0.1075,失败
劣质处方,0.6,0.45,12,471,108.53,84.72,139.02,0.0819,0.1379,失败
劣质处方,0.6,0.45,12,472,91.19,66.76,124.54,-0.0923,0.1736,失败
劣质处方,0.6,0.45,12,473,79.71,67.27,94.46,-0.2268,0.0945,失败
劣质处方,0.6,0.45,12,474,90.44,75.15,108.84,-0.1005,0.1031,失败
劣质处方,0.6,0.45,12,475,111.87,90.38,138.47,0.1122,0.1188,失败
劣质处方,0.6,0.45,12,476,104.68,81.3,134.78,0.0457,0.1407,失败
劣质处方,0.6,0.45,12,477,130.45,97.56,174.43,0.2658,0.1618,失败
劣质处方,0.6,0.45,12,478,124.57,99.84,155.42,0.2197,0.1232,失败
劣质处方,0.6,0.45,12,479,117.73,93.16,148.78,0.1632,0.1304,失败
劣质处方,0.6,0.45,12,480,110.66,87.49,139.95,0.1013,0.1308,失败
劣质处方,0.6,0.45,12,481,130.9,110.95,154.45,0.2693,0.0921,失败
劣质处方,0.6,0.45,12,482,105.79,79.73,140.37,0.0563,0.1575,失败
劣质处方,0.6,0.45,12,483,75.02,58.69,95.9,-0.2874,0.1367,失败
劣质处方,0.6,0.45,12,484,117.3,93.57,147.05,0.1596,0.1259,失败
劣质处方,0.6,0.45,12,485,103.93,85.63,126.14,0.0385,0.1078,失败
劣质处方,0.6,0.45,12,486,130.87,107.33,159.57,0.269,0.1104,失败
劣质处方,0.6,0.45,12,487,117.76,94.12,147.34,0.1635,0.1248,失败
劣质处方,0.6,0.45,12,488,92.59,70.88,120.95,-0.077,0.1488,失败
劣质处方,0.6,0.45,12,489,97.07,74.17,127.02,-0.0298,0.1498,失败
劣质处方,0.6,0.45,12,490,112.74,93.82,135.48,0.1199,0.1023,失败
劣质处方,0.6,0.45,12,491,94.26,73.77,120.45,-0.0591,0.1365,失败
劣质处方,0.6,0.45,12,492,107.37,90.91,126.81,0.0711,0.0927,失败
劣质处方,0.6,0.45,12,493,116.64,93.57,145.39,0.1539,0.1227,失败
劣质处方,0.6,0.45,12,494,82.88,63.53,108.12,-0.1878,0.1481,失败
劣质处方,0.6,0.45,12,495,98.74,82.18,118.63,-0.0127,0.1022,通过
劣质处方,0.6,0.45,12,496,112.04,87.08,144.15,0.1137,0.1403,失败
劣质处方,0.6,0.45,12,497,129.86,109.42,154.11,0.2613,0.0954,失败
劣质处方,0.6,0.45,12,498,101.95,85.83,121.11,0.0193,0.0959,通过
劣质处方,0.6,0.45,12,499,97.45,78.14,121.53,-0.0258,0.123,失败
劣质处方,0.6,0.45,12,500,90.25,71.78,113.47,-0.1026,0.1275,失败
劣质处方,0.6,0.45,18,1,115.4,89.62,148.6,0.1432,0.1454,失败
劣质处方,0.6,0.45,18,2,110.23,90.8,133.82,0.0974,0.1115,失败
劣质处方,0.6,0.45,18,3,109.66,90.95,132.22,0.0922,0.1075,失败
劣质处方,0.6,0.45,18,4,106.25,87.46,129.08,0.0606,0.1119,失败
劣质处方,0.6,0.45,18,5,100.69,83.6,121.28,0.0069,0.1069,通过
劣质处方,0.6,0.45,18,6,93.06,77.37,111.92,-0.072,0.1061,失败
劣质处方,0.6,0.45,18,7,114.84,101.25,130.26,0.1384,0.0724,失败
劣质处方,0.6,0.45,18,8,120.96,99.48,147.08,0.1903,0.1124,失败
劣质处方,0.6,0.45,18,9,112.89,96.7,131.8,0.1213,0.089,失败
劣质处方,0.6,0.45,18,10,112.19,96.69,130.18,0.1151,0.0855,失败
劣质处方,0.6,0.45,18,11,91.81,73.06,115.37,-0.0855,0.1313,失败
劣质处方,0.6,0.45,18,12,108.12,94.12,124.22,0.0781,0.0797,通过
劣质处方,0.6,0.45,18,13,109.88,95.59,126.31,0.0942,0.0801,失败
劣质处方,0.6,0.45,18,14,108.92,90.45,131.15,0.0854,0.1068,失败
劣质处方,0.6,0.45,18,15,121.89,101.05,147.04,0.198,0.1078,失败
劣质处方,0.6,0.45,18,16,100.83,82.55,123.16,0.0083,0.115,通过
劣质处方,0.6,0.45,18,17,115.48,100.88,132.2,0.144,0.0777,失败
劣质处方,0.6,0.45,18,18,113.02,100.23,127.45,0.1224,0.0691,失败
劣质处方,0.6,0.45,18,19,108.51,89.28,131.89,0.0817,0.1122,失败
劣质处方,0.6,0.45,18,20,127.79,107.48,151.95,0.2452,0.0995,失败
劣质处方,0.6,0.45,18,21,127.41,105.67,153.62,0.2422,0.1075,失败
劣质处方,0.6,0.45,18,22,95.49,79.87,114.16,-0.0462,0.1027,失败
劣质处方,0.6,0.45,18,23,94.64,79.15,113.15,-0.0551,0.1027,失败
劣质处方,0.6,0.45,18,24,116.25,97.88,138.06,0.1505,0.0989,失败
劣质处方,0.6,0.45,18,25,108.35,90.19,130.16,0.0802,0.1054,失败
劣质处方,0.6,0.45,18,26,91.93,82.47,102.47,-0.0842,0.0624,通过
劣质处方,0.6,0.45,18,27,118.16,99.71,140.02,0.1668,0.0976,失败
劣质处方,0.6,0.45,18,28,113.96,93.49,138.9,0.1307,0.1138,失败
劣质处方,0.6,0.45,18,29,119.2,96.47,147.27,0.1756,0.1216,失败
劣质处方,0.6,0.45,18,30,100.09,87.46,114.55,0.0009,0.0776,通过
劣质处方,0.6,0.45,18,31,104.89,93.22,118.02,0.0477,0.0678,通过
劣质处方,0.6,0.45,18,32,113.26,93.0,137.94,0.1245,0.1133,失败
劣质处方,0.6,0.45,18,33,114.23,92.06,141.74,0.1331,0.124,失败
劣质处方,0.6,0.45,18,34,105.93,89.38,125.54,0.0576,0.0976,失败
劣质处方,0.6,0.45,18,35,107.12,87.09,131.75,0.0688,0.119,失败
劣质处方,0.6,0.45,18,36,107.18,91.6,125.41,0.0694,0.0903,失败
劣质处方,0.6,0.45,18,37,95.57,77.23,118.26,-0.0453,0.1225,失败
劣质处方,0.6,0.45,18,38,114.74,96.18,136.88,0.1375,0.1014,失败
劣质处方,0.6,0.45,18,39,114.92,95.35,138.5,0.1391,0.1073,失败
劣质处方,0.6,0.45,18,40,115.7,91.91,145.65,0.1459,0.1323,失败
劣质处方,0.6,0.45,18,41,128.71,104.74,158.16,0.2524,0.1185,失败
劣质处方,0.6,0.45,18,42,111.13,85.75,144.02,0.1055,0.149,失败
劣质处方,0.6,0.45,18,43,97.15,82.93,113.81,-0.0289,0.091,通过
劣质处方,0.6,0.45,18,44,117.88,98.73,140.75,0.1645,0.1019,失败
劣质处方,0.6,0.45,18,45,103.33,86.41,123.56,0.0327,0.1028,通过
劣质处方,0.6,0.45,18,46,113.83,94.31,137.4,0.1296,0.1082,失败
劣质处方,0.6,0.45,18,47,95.16,82.92,109.19,-0.0497,0.0791,通过
劣质处方,0.6,0.45,18,48,107.98,91.23,127.81,0.0768,0.0969,失败
劣质处方,0.6,0.45,18,49,110.64,90.95,134.59,0.1011,0.1126,失败
劣质处方,0.6,0.45,18,50,104.91,91.89,119.79,0.048,0.0762,通过
劣质处方,0.6,0.45,18,51,96.97,78.55,119.72,-0.0307,0.1211,失败
劣质处方,0.6,0.45,18,52,109.31,95.03,125.74,0.089,0.0805,失败
劣质处方,0.6,0.45,18,53,96.7,79.09,118.24,-0.0335,0.1156,失败
劣质处方,0.6,0.45,18,54,112.57,89.51,141.56,0.1184,0.1317,失败
劣质处方,0.6,0.45,18,55,118.97,100.98,140.16,0.1737,0.0942,失败
劣质处方,0.6,0.45,18,56,113.85,96.31,134.58,0.1297,0.0962,失败
劣质处方,0.6,0.45,18,57,113.04,90.6,141.05,0.1226,0.1272,失败
劣质处方,0.6,0.45,18,58,138.6,110.87,173.25,0.3264,0.1283,失败
劣质处方,0.6,0.45,18,59,110.43,93.38,130.59,0.0992,0.0964,失败
劣质处方,0.6,0.45,18,60,106.5,88.5,128.16,0.063,0.1064,失败
劣质处方,0.6,0.45,18,61,89.85,74.64,108.15,-0.1071,0.1066,失败
劣质处方,0.6,0.45,18,62,102.39,89.16,117.58,0.0236,0.0795,通过
劣质处方,0.6,0.45,18,63,127.93,104.66,156.38,0.2463,0.1154,失败
劣质处方,0.6,0.45,18,64,99.61,84.87,116.91,-0.0039,0.0921,通过
劣质处方,0.6,0.45,18,65,103.17,82.52,128.98,0.0312,0.1283,失败
劣质处方,0.6,0.45,18,66,118.78,96.84,145.7,0.1721,0.1174,失败
劣质处方,0.6,0.45,18,67,106.22,91.55,123.23,0.0603,0.0854,通过
劣质处方,0.6,0.45,18,68,112.69,94.91,133.8,0.1195,0.0987,失败
劣质处方,0.6,0.45,18,69,119.47,97.67,146.13,0.1779,0.1158,失败
劣质处方,0.6,0.45,18,70,90.86,76.15,108.42,-0.0959,0.1016,失败
劣质处方,0.6,0.45,18,71,120.94,94.51,154.76,0.1901,0.1418,失败
劣质处方,0.6,0.45,18,72,130.7,105.21,162.37,0.2677,0.1247,失败
劣质处方,0.6,0.45,18,73,104.2,89.04,121.94,0.0411,0.0904,通过
劣质处方,0.6,0.45,18,74,116.47,94.62,143.38,0.1525,0.1195,失败
劣质处方,0.6,0.45,18,75,92.36,78.06,109.27,-0.0795,0.0967,失败
劣质处方,0.6,0.45,18,76,97.49,79.92,118.92,-0.0254,0.1142,失败
劣质处方,0.6,0.45,18,77,75.87,63.08,91.24,-0.2762,0.1061,失败
劣质处方,0.6,0.45,18,78,103.45,90.85,117.8,0.0339,0.0747,通过
劣质处方,0.6,0.45,18,79,106.49,91.2,124.36,0.0629,0.0891,通过
劣质处方,0.6,0.45,18,80,121.6,98.03,150.83,0.1956,0.1238,失败
劣质处方,0.6,0.45,18,81,103.01,89.86,118.09,0.0297,0.0785,通过
劣质处方,0.6,0.45,18,82,122.56,96.38,155.84,0.2034,0.1381,失败
劣质处方,0.6,0.45,18,83,117.14,103.95,132.01,0.1582,0.0687,失败
劣质处方,0.6,0.45,18,84,111.86,97.06,128.91,0.112,0.0816,失败
劣质处方,0.6,0.45,18,85,109.66,92.02,130.68,0.0922,0.1008,失败
劣质处方,0.6,0.45,18,86,113.26,95.81,133.88,0.1245,0.0962,失败
劣质处方,0.6,0.45,18,87,95.99,78.03,118.09,-0.0409,0.1191,失败
劣质处方,0.6,0.45,18,88,119.79,99.78,143.82,0.1806,0.1051,失败
劣质处方,0.6,0.45,18,89,92.7,76.37,112.54,-0.0758,0.1114,失败
劣质处方,0.6,0.45,18,90,117.51,98.07,140.81,0.1614,0.104,失败
劣质处方,0.6,0.45,18,91,115.16,91.75,144.54,0.1412,0.1306,失败
劣质处方,0.6,0.45,18,92,111.7,94.42,132.15,0.1107,0.0966,失败
劣质处方,0.6,0.45,18,93,102.15,87.43,119.36,0.0213,0.0895,通过
劣质处方,0.6,0.45,18,94,93.09,79.83,108.56,-0.0716,0.0883,失败
劣质处方,0.6,0.45,18,95,109.71,93.96,128.11,0.0927,0.0891,失败
劣质处方,0.6,0.45,18,96,106.65,91.98,123.66,0.0644,0.0851,通过
劣质处方,0.6,0.45,18,97,100.52,83.07,121.65,0.0052,0.1096,通过
劣质处方,0.6,0.45,18,98,130.07,111.64,151.53,0.2629,0.0878,失败
劣质处方,0.6,0.45,18,99,88.01,76.89,100.73,-0.1278,0.0776,失败
劣质处方,0.6,0.45,18,100,110.34,91.57,132.94,0.0984,0.1071,失败
劣质处方,0.6,0.45,18,101,117.53,91.59,150.82,0.1615,0.1434,失败
劣质处方,0.6,0.45,18,102,133.56,115.22,154.83,0.2894,0.0849,失败
劣质处方,0.6,0.45,18,103,120.42,105.65,137.26,0.1858,0.0752,失败
劣质处方,0.6,0.45,18,104,98.98,83.35,117.53,-0.0103,0.0988,通过
劣质处方,0.6,0.45,18,105,144.81,125.56,167.02,0.3703,0.082,失败
劣质处方,0.6,0.45,18,106,96.7,84.81,110.26,-0.0336,0.0754,通过
劣质处方,0.6,0.45,18,107,106.19,91.68,123.01,0.0601,0.0845,通过
劣质处方,0.6,0.45,18,108,114.79,95.89,137.4,0.1379,0.1034,失败
劣质处方,0.6,0.45,18,109,111.4,90.71,136.8,0.1079,0.1181,失败
劣质处方,0.6,0.45,18,110,106.12,87.19,129.15,0.0594,0.1129,失败
劣质处方,0.6,0.45,18,111,96.46,79.14,117.57,-0.036,0.1138,失败
劣质处方,0.6,0.45,18,112,102.24,84.51,123.69,0.0222,0.1095,通过
劣质处方,0.6,0.45,18,113,120.45,102.27,141.85,0.186,0.094,失败
劣质处方,0.6,0.45,18,114,101.57,83.92,122.94,0.0156,0.1097,通过
劣质处方,0.6,0.45,18,115,122.41,104.21,143.79,0.2022,0.0925,失败
劣质处方,0.6,0.45,18,116,98.26,80.14,120.49,-0.0175,0.1172,通过
劣质处方,0.6,0.45,18,117,93.45,79.68,109.6,-0.0677,0.0916,失败
劣质处方,0.6,0.45,18,118,112.72,92.85,136.85,0.1198,0.1115,失败
劣质处方,0.6,0.45,18,119,124.79,104.15,149.51,0.2214,0.1039,失败
劣质处方,0.6,0.45,18,120,135.3,109.94,166.5,0.3023,0.1193,失败
劣质处方,0.6,0.45,18,121,110.41,91.24,133.61,0.099,0.1097,失败
劣质处方,0.6,0.45,18,122,101.33,83.65,122.76,0.0133,0.1103,通过
劣质处方,0.6,0.45,18,123,104.8,86.61,126.81,0.0469,0.1096,失败
劣质处方,0.6,0.45,18,124,113.78,92.55,139.87,0.1291,0.1187,失败
劣质处方,0.6,0.45,18,125,110.01,92.49,130.85,0.0954,0.0997,失败
劣质处方,0.6,0.45,18,126,113.08,97.77,130.78,0.1229,0.0836,失败
劣质处方,0.6,0.45,18,127,115.75,100.34,133.53,0.1463,0.0821,失败
劣质处方,0.6,0.45,18,128,105.21,85.72,129.13,0.0508,0.1177,失败
劣质处方,0.6,0.45,18,129,109.18,92.67,128.64,0.0878,0.0943,失败
劣质处方,0.6,0.45,18,130,96.18,83.1,111.32,-0.0389,0.0841,通过
劣质处方,0.6,0.45,18,131,102.76,86.89,121.54,0.0272,0.0965,通过
劣质处方,0.6,0.45,18,132,118.28,103.67,134.94,0.1678,0.0758,失败
劣质处方,0.6,0.45,18,133,109.82,93.51,128.97,0.0937,0.0924,失败
劣质处方,0.6,0.45,18,134,111.28,92.61,133.71,0.1069,0.1056,失败
劣质处方,0.6,0.45,18,135,116.96,100.38,136.29,0.1567,0.0879,失败
劣质处方,0.6,0.45,18,136,80.21,66.6,96.6,-0.2205,0.1069,失败
劣质处方,0.6,0.45,18,137,114.46,94.86,138.11,0.1351,0.108,失败
劣质处方,0.6,0.45,18,138,105.17,85.2,129.83,0.0504,0.1211,失败
劣质处方,0.6,0.45,18,139,96.55,75.17,124.0,-0.0351,0.1439,失败
劣质处方,0.6,0.45,18,140,95.26,81.72,111.05,-0.0485,0.0881,通过
劣质处方,0.6,0.45,18,141,108.6,86.45,136.42,0.0825,0.1311,失败
劣质处方,0.6,0.45,18,142,118.99,103.16,137.25,0.1738,0.0821,失败
劣质处方,0.6,0.45,18,143,104.78,91.38,120.14,0.0467,0.0786,通过
劣质处方,0.6,0.45,18,144,108.62,90.12,130.91,0.0827,0.1073,失败
劣质处方,0.6,0.45,18,145,136.63,114.66,162.82,0.3121,0.1008,失败
劣质处方,0.6,0.45,18,146,109.85,97.57,123.68,0.0939,0.0682,通过
劣质处方,0.6,0.45,18,147,104.69,86.29,127.02,0.0458,0.1111,失败
劣质处方,0.6,0.45,18,148,105.68,89.09,125.38,0.0553,0.0982,失败
劣质处方,0.6,0.45,18,149,100.15,89.78,111.72,0.0015,0.0628,通过
劣质处方,0.6,0.45,18,150,120.56,101.27,143.53,0.187,0.1002,失败
劣质处方,0.6,0.45,18,151,104.78,84.48,129.97,0.0467,0.1238,失败
劣质处方,0.6,0.45,18,152,126.73,106.77,150.42,0.2369,0.0985,失败
劣质处方,0.6,0.45,18,153,102.4,86.87,120.71,0.0237,0.0946,通过
劣质处方,0.6,0.45,18,154,96.77,83.6,112.03,-0.0328,0.0841,通过
劣质处方,0.6,0.45,18,155,94.28,79.25,112.16,-0.0589,0.0998,失败
劣质处方,0.6,0.45,18,156,94.55,84.72,105.53,-0.056,0.0631,通过
劣质处方,0.6,0.45,18,157,104.78,89.11,123.19,0.0466,0.0931,通过
劣质处方,0.6,0.45,18,158,121.08,103.58,141.55,0.1913,0.0898,失败
劣质处方,0.6,0.45,18,159,112.51,94.55,133.88,0.1179,0.1,失败
劣质处方,0.6,0.45,18,160,113.97,98.06,132.45,0.1307,0.0864,失败
劣质处方,0.6,0.45,18,161,105.54,89.4,124.59,0.0539,0.0954,通过
劣质处方,0.6,0.45,18,162,99.61,87.13,113.88,-0.0039,0.077,通过
劣质处方,0.6,0.45,18,163,128.24,109.69,149.93,0.2487,0.0898,失败
劣质处方,0.6,0.45,18,164,111.33,95.56,129.7,0.1073,0.0878,失败
劣质处方,0.6,0.45,18,165,113.99,93.29,139.27,0.1309,0.1151,失败
劣质处方,0.6,0.45,18,166,114.64,98.1,133.96,0.1366,0.0895,失败
劣质处方,0.6,0.45,18,167,102.93,89.38,118.55,0.0289,0.0812,通过
劣质处方,0.6,0.45,18,168,101.37,85.16,120.65,0.0136,0.1001,通过
劣质处方,0.6,0.45,18,169,85.03,75.12,96.24,-0.1622,0.0712,失败
劣质处方,0.6,0.45,18,170,118.86,100.3,140.87,0.1728,0.0976,失败
劣质处方,0.6,0.45,18,171,108.52,97.23,121.11,0.0817,0.0631,通过
劣质处方,0.6,0.45,18,172,102.78,85.47,123.59,0.0274,0.106,通过
劣质处方,0.6,0.45,18,173,97.58,83.24,114.38,-0.0245,0.0914,通过
劣质处方,0.6,0.45,18,174,96.16,83.43,110.83,-0.0391,0.0816,通过
劣质处方,0.6,0.45,18,175,86.11,77.03,96.26,-0.1495,0.064,失败
劣质处方,0.6,0.45,18,176,123.48,103.71,147.02,0.2109,0.1003,失败
劣质处方,0.6,0.45,18,177,118.52,100.96,139.13,0.1699,0.0922,失败
劣质处方,0.6,0.45,18,178,104.95,85.87,128.27,0.0483,0.1154,失败
劣质处方,0.6,0.45,18,179,101.83,83.5,124.19,0.0182,0.1141,通过
劣质处方,0.6,0.45,18,180,93.85,74.48,118.26,-0.0635,0.1329,失败
劣质处方,0.6,0.45,18,181,125.95,102.53,154.73,0.2307,0.1183,失败
劣质处方,0.6,0.45,18,182,113.81,99.07,130.74,0.1294,0.0797,失败
劣质处方,0.6,0.45,18,183,103.7,85.86,125.25,0.0364,0.1085,失败
劣质处方,0.6,0.45,18,184,107.98,93.18,125.14,0.0768,0.0848,失败
劣质处方,0.6,0.45,18,185,117.38,97.57,141.22,0.1603,0.1063,失败
劣质处方,0.6,0.45,18,186,121.93,106.89,139.1,0.1983,0.0757,失败
劣质处方,0.6,0.45,18,187,128.79,108.11,153.44,0.253,0.1006,失败
劣质处方,0.6,0.45,18,188,109.89,87.12,138.62,0.0943,0.1335,失败
劣质处方,0.6,0.45,18,189,115.99,97.26,138.33,0.1483,0.1012,失败
劣质处方,0.6,0.45,18,190,113.09,94.64,135.14,0.123,0.1024,失败
劣质处方,0.6,0.45,18,191,107.35,86.92,132.59,0.0709,0.1214,失败
劣质处方,0.6,0.45,18,192,116.28,98.19,137.71,0.1509,0.0972,失败
劣质处方,0.6,0.45,18,193,123.54,104.47,146.09,0.2114,0.0964,失败
劣质处方,0.6,0.45,18,194,108.25,91.29,128.35,0.0792,0.0979,失败
劣质处方,0.6,0.45,18,195,117.75,97.85,141.7,0.1634,0.1064,失败
劣质处方,0.6,0.45,18,196,120.53,99.52,145.98,0.1868,0.1101,失败
劣质处方,0.6,0.45,18,197,125.02,108.72,143.76,0.2233,0.0803,失败
劣质处方,0.6,0.45,18,198,102.55,86.25,121.94,0.0252,0.0995,通过
劣质处方,0.6,0.45,18,199,122.01,106.23,140.13,0.1989,0.0796,失败
劣质处方,0.6,0.45,18,200,95.79,82.27,111.53,-0.043,0.0875,通过
劣质处方,0.6,0.45,18,201,97.02,85.06,110.65,-0.0303,0.0756,通过
劣质处方,0.6,0.45,18,202,110.44,95.5,127.73,0.0993,0.0836,失败
劣质处方,0.6,0.45,18,203,127.11,109.86,147.06,0.2398,0.0838,失败
劣质处方,0.6,0.45,18,204,115.63,96.91,137.96,0.1452,0.1015,失败
劣质处方,0.6,0.45,18,205,102.49,85.09,123.45,0.0246,0.1069,通过
劣质处方,0.6,0.45,18,206,108.86,88.55,133.81,0.0848,0.1187,失败
劣质处方,0.6,0.45,18,207,101.3,82.54,124.31,0.0129,0.1177,通过
劣质处方,0.6,0.45,18,208,113.91,98.24,132.07,0.1302,0.0851,失败
劣质处方,0.6,0.45,18,209,89.6,78.46,102.32,-0.1098,0.0763,失败
劣质处方,0.6,0.45,18,210,121.01,106.93,136.94,0.1907,0.0711,失败
劣质处方,0.6,0.45,18,211,121.13,102.74,142.82,0.1917,0.0947,失败
劣质处方,0.6,0.45,18,212,111.5,96.51,128.81,0.1088,0.083,失败
劣质处方,0.6,0.45,18,213,107.37,88.71,129.96,0.0711,0.1098,失败
劣质处方,0.6,0.45,18,214,106.72,93.41,121.91,0.065,0.0765,通过
劣质处方,0.6,0.45,18,215,111.6,96.04,129.69,0.1098,0.0863,失败
劣质处方,0.6,0.45,18,216,107.0,93.19,122.85,0.0676,0.0794,通过
劣质处方,0.6,0.45,18,217,94.98,79.58,113.35,-0.0516,0.1017,失败
劣质处方,0.6,0.45,18,218,102.4,91.07,115.15,0.0237,0.0674,通过
劣质处方,0.6,0.45,18,219,127.12,108.06,149.54,0.24,0.0934,失败
劣质处方,0.6,0.45,18,220,98.15,77.68,124.03,-0.0186,0.1345,失败
劣质处方,0.6,0.45,18,221,118.3,107.35,130.36,0.168,0.0558,失败
劣质处方,0.6,0.45,18,222,109.43,91.83,130.39,0.0901,0.1008,失败
劣质处方,0.6,0.45,18,223,113.01,93.14,137.11,0.1223,0.1111,失败
劣质处方,0.6,0.45,18,224,96.87,83.51,112.38,-0.0318,0.0853,通过
劣质处方,0.6,0.45,18,225,110.46,92.7,131.62,0.0994,0.1008,失败
劣质处方,0.6,0.45,18,226,112.18,90.74,138.7,0.115,0.122,失败
劣质处方,0.6,0.45,18,227,115.04,96.96,136.49,0.1401,0.0983,失败
劣质处方,0.6,0.45,18,228,131.47,111.31,155.29,0.2736,0.0957,失败
劣质处方,0.6,0.45,18,229,102.13,84.44,123.52,0.021,0.1093,通过
劣质处方,0.6,0.45,18,230,108.86,92.67,127.87,0.0849,0.0925,失败
劣质处方,0.6,0.45,18,231,96.78,81.05,115.56,-0.0327,0.102,通过
劣质处方,0.6,0.45,18,232,85.88,71.54,103.08,-0.1523,0.105,失败
劣质处方,0.6,0.45,18,233,113.0,94.1,135.7,0.1222,0.1052,失败
劣质处方,0.6,0.45,18,234,102.06,86.86,119.91,0.0204,0.0927,通过
劣质处方,0.6,0.45,18,235,107.85,92.66,125.53,0.0755,0.0873,失败
劣质处方,0.6,0.45,18,236,106.15,86.21,130.71,0.0597,0.1196,失败
劣质处方,0.6,0.45,18,237,122.93,97.76,154.59,0.2065,0.1317,失败
劣质处方,0.6,0.45,18,238,128.25,101.33,162.32,0.2488,0.1354,失败
劣质处方,0.6,0.45,18,239,109.27,91.24,130.87,0.0887,0.1037,失败
劣质处方,0.6,0.45,18,240,99.52,82.62,119.87,-0.0048,0.107,通过
劣质处方,0.6,0.45,18,241,94.01,76.69,115.23,-0.0618,0.117,失败
劣质处方,0.6,0.45,18,242,110.5,92.96,131.35,0.0998,0.0994,失败
劣质处方,0.6,0.45,18,243,114.52,97.32,134.76,0.1356,0.0936,失败
劣质处方,0.6,0.45,18,244,127.53,104.13,156.19,0.2432,0.1165,失败
劣质处方,0.6,0.45,18,245,91.59,78.03,107.52,-0.0878,0.0922,失败
劣质处方,0.6,0.45,18,246,113.51,100.25,128.53,0.1267,0.0714,失败
劣质处方,0.6,0.45,18,247,109.41,93.14,128.51,0.0899,0.0925,失败
劣质处方,0.6,0.45,18,248,107.04,82.69,138.56,0.068,0.1484,失败
劣质处方,0.6,0.45,18,249,118.45,98.75,142.09,0.1694,0.1046,失败
劣质处方,0.6,0.45,18,250,120.94,99.93,146.38,0.1902,0.1097,失败
劣质处方,0.6,0.45,18,251,123.02,103.11,146.77,0.2072,0.1015,失败
劣质处方,0.6,0.45,18,252,118.44,99.9,140.42,0.1692,0.0979,失败
劣质处方,0.6,0.45,18,253,115.68,98.98,135.19,0.1456,0.0896,失败
劣质处方,0.6,0.45,18,254,128.58,101.46,162.95,0.2514,0.1362,失败
劣质处方,0.6,0.45,18,255,124.06,105.19,146.3,0.2156,0.0948,失败
劣质处方,0.6,0.45,18,256,116.04,97.71,137.8,0.1487,0.0988,失败
劣质处方,0.6,0.45,18,257,127.88,109.0,150.03,0.2459,0.0918,失败
劣质处方,0.6,0.45,18,258,120.72,95.34,152.86,0.1883,0.1357,失败
劣质处方,0.6,0.45,18,259,97.39,82.62,114.8,-0.0265,0.0946,通过
劣质处方,0.6,0.45,18,260,111.81,97.96,127.62,0.1117,0.076,失败
劣质处方,0.6,0.45,18,261,113.18,92.85,137.96,0.1238,0.1138,失败
劣质处方,0.6,0.45,18,262,120.23,102.06,141.64,0.1843,0.0942,失败
劣质处方,0.6,0.45,18,263,94.93,79.25,113.7,-0.0521,0.1037,失败
劣质处方,0.6,0.45,18,264,105.46,94.46,117.73,0.0531,0.0633,通过
劣质处方,0.6,0.45,18,265,100.77,84.57,120.06,0.0076,0.1007,通过
劣质处方,0.6,0.45,18,266,127.04,105.69,152.69,0.2393,0.1057,失败
劣质处方,0.6,0.45,18,267,91.27,78.99,105.46,-0.0914,0.0831,失败
劣质处方,0.6,0.45,18,268,111.62,95.01,131.13,0.11,0.0926,失败
劣质处方,0.6,0.45,18,269,137.95,123.18,154.5,0.3218,0.0651,失败
劣质处方,0.6,0.45,18,270,102.72,85.88,122.87,0.0268,0.1029,通过
劣质处方,0.6,0.45,18,271,96.54,79.93,116.6,-0.0352,0.1085,失败
劣质处方,0.6,0.45,18,272,93.4,79.9,109.17,-0.0683,0.0897,失败
劣质处方,0.6,0.45,18,273,130.41,105.0,161.97,0.2655,0.1246,失败
劣质处方,0.6,0.45,18,274,133.2,104.09,170.44,0.2867,0.1417,失败
劣质处方,0.6,0.45,18,275,136.12,107.28,172.72,0.3084,0.1369,失败
劣质处方,0.6,0.45,18,276,126.96,105.18,153.24,0.2387,0.1082,失败
劣质处方,0.6,0.45,18,277,105.52,94.02,118.42,0.0537,0.0663,通过
劣质处方,0.6,0.45,18,278,101.75,86.2,120.11,0.0174,0.0954,通过
劣质处方,0.6,0.45,18,279,106.68,88.08,129.2,0.0647,0.1101,失败
劣质处方,0.6,0.45,18,280,136.58,114.36,163.11,0.3117,0.1021,失败
劣质处方,0.6,0.45,18,281,105.14,88.84,124.43,0.0502,0.0968,通过
劣质处方,0.6,0.45,18,282,101.49,86.1,119.63,0.0148,0.0945,通过
劣质处方,0.6,0.45,18,283,105.68,90.91,122.84,0.0552,0.0865,通过
劣质处方,0.6,0.45,18,284,101.96,85.42,121.72,0.0195,0.1018,通过
劣质处方,0.6,0.45,18,285,105.19,85.21,129.87,0.0506,0.1211,失败
劣质处方,0.6,0.45,18,286,93.1,79.05,109.66,-0.0715,0.0941,失败
劣质处方,0.6,0.45,18,287,112.78,94.04,135.26,0.1203,0.1045,失败
劣质处方,0.6,0.45,18,288,102.92,85.39,124.03,0.0287,0.1073,通过
劣质处方,0.6,0.45,18,289,111.4,86.58,143.34,0.108,0.1449,失败
劣质处方,0.6,0.45,18,290,107.6,93.51,123.82,0.0733,0.0807,通过
劣质处方,0.6,0.45,18,291,102.53,84.15,124.93,0.025,0.1136,通过
劣质处方,0.6,0.45,18,292,100.23,85.62,117.32,0.0023,0.0905,通过
劣质处方,0.6,0.45,18,293,114.06,96.93,134.21,0.1315,0.0935,失败
劣质处方,0.6,0.45,18,294,89.1,74.97,105.89,-0.1154,0.0993,失败
劣质处方,0.6,0.45,18,295,117.11,99.63,137.65,0.1579,0.0929,失败
劣质处方,0.6,0.45,18,296,99.53,83.3,118.93,-0.0047,0.1024,通过
劣质处方,0.6,0.45,18,297,99.05,83.64,117.29,-0.0096,0.0972,通过
劣质处方,0.6,0.45,18,298,95.47,77.5,117.59,-0.0464,0.1198,失败
劣质处方,0.6,0.45,18,299,100.49,86.12,117.26,0.0049,0.0887,通过
劣质处方,0.6,0.45,18,300,91.6,73.78,113.73,-0.0877,0.1244,失败
劣质处方,0.6,0.45,18,301,124.84,106.46,146.4,0.2219,0.0916,失败
劣质处方,0.6,0.45,18,302,117.68,100.0,138.48,0.1628,0.0936,失败
劣质处方,0.6,0.45,18,303,92.47,78.13,109.44,-0.0783,0.0968,失败
劣质处方,0.6,0.45,18,304,91.8,79.69,105.75,-0.0856,0.0813,失败
劣质处方,0.6,0.45,18,305,111.67,94.6,131.81,0.1104,0.0953,失败
劣质处方,0.6,0.45,18,306,139.47,112.65,172.67,0.3327,0.1227,失败
劣质处方,0.6,0.45,18,307,113.2,97.48,131.46,0.124,0.086,失败
劣质处方,0.6,0.45,18,308,133.08,108.46,163.29,0.2858,0.1176,失败
劣质处方,0.6,0.45,18,309,108.66,86.6,136.34,0.083,0.1304,失败
劣质处方,0.6,0.45,18,310,103.85,91.05,118.44,0.0378,0.0756,通过
劣质处方,0.6,0.45,18,311,106.29,89.42,126.34,0.061,0.0993,失败
劣质处方,0.6,0.45,18,312,103.98,89.08,121.37,0.039,0.0889,通过
劣质处方,0.6,0.45,18,313,103.17,84.33,126.21,0.0312,0.1159,失败
劣质处方,0.6,0.45,18,314,107.31,87.1,132.22,0.0706,0.12,失败
劣质处方,0.6,0.45,18,315,104.03,88.38,122.46,0.0395,0.0937,通过
劣质处方,0.6,0.45,18,316,85.91,73.39,100.57,-0.1519,0.0905,失败
劣质处方,0.6,0.45,18,317,96.26,83.01,111.63,-0.0381,0.0851,通过
劣质处方,0.6,0.45,18,318,102.26,84.52,123.72,0.0223,0.1095,通过
劣质处方,0.6,0.45,18,319,96.83,83.46,112.34,-0.0322,0.0854,通过
劣质处方,0.6,0.45,18,320,112.97,97.35,131.09,0.1219,0.0855,失败
劣质处方,0.6,0.45,18,321,109.45,94.39,126.92,0.0903,0.0851,失败
劣质处方,0.6,0.45,18,322,119.38,103.04,138.33,0.1772,0.0847,失败
劣质处方,0.6,0.45,18,323,107.67,89.63,129.34,0.0739,0.1054,失败
劣质处方,0.6,0.45,18,324,121.8,101.36,146.35,0.1972,0.1056,失败
劣质处方,0.6,0.45,18,325,108.44,90.9,129.36,0.081,0.1014,失败
劣质处方,0.6,0.45,18,326,123.12,101.82,148.87,0.208,0.1092,失败
劣质处方,0.6,0.45,18,327,116.18,96.26,140.22,0.15,0.1081,失败
劣质处方,0.6,0.45,18,328,117.65,98.02,141.21,0.1625,0.1049,失败
劣质处方,0.6,0.45,18,329,111.21,94.8,130.45,0.1062,0.0917,失败
劣质处方,0.6,0.45,18,330,117.02,98.34,139.24,0.1571,0.1,失败
劣质处方,0.6,0.45,18,331,126.34,105.19,151.74,0.2338,0.1053,失败
劣质处方,0.6,0.45,18,332,105.8,86.64,129.2,0.0564,0.1148,失败
劣质处方,0.6,0.45,18,333,94.7,80.21,111.79,-0.0545,0.0954,通过
劣质处方,0.6,0.45,18,334,120.13,96.73,149.2,0.1834,0.1246,失败
劣质处方,0.6,0.45,18,335,111.91,90.53,138.34,0.1126,0.1219,失败
劣质处方,0.6,0.45,18,336,102.99,81.48,130.18,0.0295,0.1347,失败
劣质处方,0.6,0.45,18,337,110.38,86.49,140.88,0.0988,0.1402,失败
劣质处方,0.6,0.45,18,338,107.14,92.96,123.48,0.0689,0.0816,通过
劣质处方,0.6,0.45,18,339,104.94,91.25,120.67,0.0482,0.0803,通过
劣质处方,0.6,0.45,18,340,114.91,93.59,141.09,0.139,0.118,失败
劣质处方,0.6,0.45,18,341,110.73,95.59,128.27,0.1019,0.0845,失败
劣质处方,0.6,0.45,18,342,119.95,98.66,145.84,0.1819,0.1123,失败
劣质处方,0.6,0.45,18,343,101.22,83.48,122.73,0.0121,0.1108,通过
劣质处方,0.6,0.45,18,344,128.86,110.54,150.21,0.2535,0.0881,失败
劣质处方,0.6,0.45,18,345,107.02,93.53,122.46,0.0679,0.0775,通过
劣质处方,0.6,0.45,18,346,93.6,82.55,106.14,-0.0661,0.0722,通过
劣质处方,0.6,0.45,18,347,123.41,104.38,145.91,0.2103,0.0963,失败
劣质处方,0.6,0.45,18,348,117.0,96.75,141.48,0.157,0.1092,失败
劣质处方,0.6,0.45,18,349,95.75,78.89,116.23,-0.0434,0.1114,失败
劣质处方,0.6,0.45,18,350,119.85,104.3,137.73,0.1811,0.0799,失败
劣质处方,0.6,0.45,18,351,99.14,84.49,116.34,-0.0086,0.0919,通过
劣质处方,0.6,0.45,18,352,102.18,85.01,122.82,0.0216,0.1058,通过
劣质处方,0.6,0.45,18,353,125.27,106.04,147.99,0.2253,0.0958,失败
劣质处方,0.6,0.45,18,354,136.69,113.64,164.4,0.3125,0.1061,失败
劣质处方,0.6,0.45,18,355,109.28,93.12,128.25,0.0888,0.092,失败
劣质处方,0.6,0.45,18,356,105.92,89.04,125.99,0.0575,0.0998,失败
劣质处方,0.6,0.45,18,357,102.31,82.41,127.02,0.0229,0.1243,失败
劣质处方,0.6,0.45,18,358,102.04,85.48,121.82,0.0202,0.1018,通过
劣质处方,0.6,0.45,18,359,111.24,95.43,129.65,0.1065,0.0881,失败
劣质处方,0.6,0.45,18,360,122.86,102.47,147.3,0.2059,0.1043,失败
劣质处方,0.6,0.45,18,361,107.73,94.58,122.71,0.0745,0.0749,通过
劣质处方,0.6,0.45,18,362,119.7,100.94,141.94,0.1798,0.098,失败
劣质处方,0.6,0.45,18,363,111.32,91.72,135.11,0.1073,0.1113,失败
劣质处方,0.6,0.45,18,364,94.09,82.32,107.55,-0.0609,0.0768,通过
劣质处方,0.6,0.45,18,365,97.32,77.18,122.72,-0.0272,0.1333,失败
劣质处方,0.6,0.45,18,366,97.24,77.92,121.35,-0.028,0.1273,失败
劣质处方,0.6,0.45,18,367,111.43,98.59,125.95,0.1082,0.0704,失败
劣质处方,0.6,0.45,18,368,116.42,98.46,137.66,0.152,0.0963,失败
劣质处方,0.6,0.45,18,369,110.71,92.03,133.19,0.1017,0.1063,失败
劣质处方,0.6,0.45,18,370,126.0,101.16,156.95,0.2311,0.1262,失败
劣质处方,0.6,0.45,18,371,105.61,88.33,126.26,0.0545,0.1027,失败
劣质处方,0.6,0.45,18,372,115.05,101.92,129.86,0.1402,0.0696,失败
劣质处方,0.6,0.45,18,373,115.55,95.45,139.89,0.1446,0.1099,失败
劣质处方,0.6,0.45,18,374,111.08,90.76,135.95,0.1051,0.1161,失败
劣质处方,0.6,0.45,18,375,91.5,80.04,104.61,-0.0888,0.0769,通过
劣质处方,0.6,0.45,18,376,87.2,71.58,106.24,-0.1369,0.1135,失败
劣质处方,0.6,0.45,18,377,103.86,86.92,124.12,0.0379,0.1024,通过
劣质处方,0.6,0.45,18,378,107.16,92.05,124.74,0.0691,0.0873,通过
劣质处方,0.6,0.45,18,379,113.37,97.11,132.35,0.1255,0.089,失败
劣质处方,0.6,0.45,18,380,115.78,102.0,131.42,0.1465,0.0728,失败
劣质处方,0.6,0.45,18,381,108.0,89.89,129.77,0.077,0.1055,失败
劣质处方,0.6,0.45,18,382,119.33,104.44,136.36,0.1768,0.0767,失败
劣质处方,0.6,0.45,18,383,118.88,97.78,144.52,0.1729,0.1123,失败
劣质处方,0.6,0.45,18,384,102.72,87.83,120.13,0.0268,0.09,通过
劣质处方,0.6,0.45,18,385,92.96,77.22,111.91,-0.073,0.1066,失败
劣质处方,0.6,0.45,18,386,109.21,91.86,129.84,0.0881,0.0995,失败
劣质处方,0.6,0.45,18,387,104.27,89.74,121.14,0.0418,0.0862,通过
劣质处方,0.6,0.45,18,388,112.61,85.56,148.21,0.1187,0.1579,失败
劣质处方,0.6,0.45,18,389,113.19,96.08,133.36,0.1239,0.0942,失败
劣质处方,0.6,0.45,18,390,95.58,80.04,114.12,-0.0453,0.1019,通过
劣质处方,0.6,0.45,18,391,104.43,85.46,127.61,0.0433,0.1152,失败
劣质处方,0.6,0.45,18,392,99.52,87.93,112.64,-0.0048,0.0712,通过
劣质处方,0.6,0.45,18,393,129.2,118.22,141.19,0.2562,0.051,失败
劣质处方,0.6,0.45,18,394,121.7,104.93,141.16,0.1964,0.0852,失败
劣质处方,0.6,0.45,18,395,116.56,99.46,136.61,0.1533,0.0912,失败
劣质处方,0.6,0.45,18,396,92.5,77.11,110.95,-0.078,0.1046,失败
劣质处方,0.6,0.45,18,397,119.42,99.87,142.79,0.1775,0.1027,失败
劣质处方,0.6,0.45,18,398,142.14,122.31,165.18,0.3516,0.0864,失败
劣质处方,0.6,0.45,18,399,107.64,87.37,132.6,0.0736,0.1199,失败
劣质处方,0.6,0.45,18,400,130.68,111.69,152.9,0.2676,0.0903,失败
劣质处方,0.6,0.45,18,401,119.32,100.33,141.91,0.1766,0.0997,失败
劣质处方,0.6,0.45,18,402,110.23,92.75,130.99,0.0974,0.0992,失败
劣质处方,0.6,0.45,18,403,99.58,81.59,121.54,-0.0042,0.1146,通过
劣质处方,0.6,0.45,18,404,127.1,105.84,152.64,0.2398,0.1052,失败
劣质处方,0.6,0.45,18,405,105.24,84.35,131.3,0.0511,0.1272,失败
劣质处方,0.6,0.45,18,406,113.63,97.73,132.12,0.1278,0.0866,失败
劣质处方,0.6,0.45,18,407,132.96,112.67,156.91,0.2849,0.0952,失败
劣质处方,0.6,0.45,18,408,111.67,92.25,135.17,0.1103,0.1098,失败
劣质处方,0.6,0.45,18,409,99.43,82.11,120.41,-0.0057,0.11,通过
劣质处方,0.6,0.45,18,410,94.45,77.52,115.09,-0.0571,0.1136,失败
劣质处方,0.6,0.45,18,411,110.85,97.54,125.98,0.103,0.0735,失败
劣质处方,0.6,0.45,18,412,109.25,91.88,129.9,0.0885,0.0995,失败
劣质处方,0.6,0.45,18,413,121.87,101.35,146.54,0.1978,0.106,失败
劣质处方,0.6,0.45,18,414,97.21,80.92,116.78,-0.0283,0.1054,通过
劣质处方,0.6,0.45,18,415,112.47,99.02,127.75,0.1175,0.0732,失败
劣质处方,0.6,0.45,18,416,118.79,100.46,140.45,0.1721,0.0963,失败
劣质处方,0.6,0.45,18,417,132.2,110.49,158.17,0.2792,0.1031,失败
劣质处方,0.6,0.45,18,418,101.39,84.46,121.72,0.0138,0.1051,通过
劣质处方,0.6,0.45,18,419,127.0,110.41,146.09,0.239,0.0805,失败
劣质处方,0.6,0.45,18,420,109.07,91.29,130.31,0.0868,0.1023,失败
劣质处方,0.6,0.45,18,421,110.68,87.25,140.41,0.1015,0.1368,失败
劣质处方,0.6,0.45,18,422,95.68,81.25,112.66,-0.0442,0.0939,通过
劣质处方,0.6,0.45,18,423,111.62,96.05,129.71,0.1099,0.0864,失败
劣质处方,0.6,0.45,18,424,111.7,95.74,130.34,0.1107,0.0887,失败
劣质处方,0.6,0.45,18,425,106.91,92.33,123.79,0.0668,0.0843,通过
劣质处方,0.6,0.45,18,426,115.83,97.94,136.98,0.147,0.0964,失败
劣质处方,0.6,0.45,18,427,91.09,79.19,104.78,-0.0933,0.0805,失败
劣质处方,0.6,0.45,18,428,115.99,96.15,139.92,0.1483,0.1078,失败
劣质处方,0.6,0.45,18,429,118.27,97.18,143.93,0.1678,0.1129,失败
劣质处方,0.6,0.45,18,430,119.42,99.32,143.59,0.1775,0.1059,失败
劣质处方,0.6,0.45,18,431,119.22,98.53,144.25,0.1758,0.1096,失败
劣质处方,0.6,0.45,18,432,111.28,97.29,127.28,0.1069,0.0772,失败
劣质处方,0.6,0.45,18,433,94.97,81.29,110.96,-0.0516,0.0894,通过
劣质处方,0.6,0.45,18,434,105.04,88.6,124.52,0.0491,0.0978,通过
劣质处方,0.6,0.45,18,435,94.93,75.63,119.14,-0.0521,0.1306,失败
劣质处方,0.6,0.45,18,436,108.0,88.99,131.08,0.077,0.1113,失败
劣质处方,0.6,0.45,18,437,107.18,87.1,131.9,0.0693,0.1193,失败
劣质处方,0.6,0.45,18,438,126.82,104.15,154.43,0.2376,0.1132,失败
劣质处方,0.6,0.45,18,439,110.05,92.72,130.61,0.0957,0.0985,失败
劣质处方,0.6,0.45,18,440,105.3,87.52,126.7,0.0516,0.1063,失败
劣质处方,0.6,0.45,18,441,113.61,98.46,131.1,0.1276,0.0823,失败
劣质处方,0.6,0.45,18,442,110.92,94.33,130.43,0.1037,0.0931,失败
劣质处方,0.6,0.45,18,443,106.04,84.32,133.35,0.0586,0.1317,失败
劣质处方,0.6,0.45,18,444,87.6,76.9,99.81,-0.1323,0.075,失败
劣质处方,0.6,0.45,18,445,116.34,97.22,139.22,0.1513,0.1032,失败
劣质处方,0.6,0.45,18,446,105.33,87.04,127.46,0.0519,0.1097,失败
劣质处方,0.6,0.45,18,447,119.54,97.99,145.83,0.1785,0.1143,失败
劣质处方,0.6,0.45,18,448,105.82,87.68,127.72,0.0566,0.1081,失败
劣质处方,0.6,0.45,18,449,121.06,96.14,152.45,0.1912,0.1325,失败
劣质处方,0.6,0.45,18,450,112.18,94.59,133.03,0.1149,0.098,失败
劣质处方,0.6,0.45,18,451,110.27,88.66,137.15,0.0978,0.1254,失败
劣质处方,0.6,0.45,18,452,107.19,90.93,126.36,0.0694,0.0946,失败
劣质处方,0.6,0.45,18,453,105.25,85.38,129.75,0.0512,0.1203,失败
劣质处方,0.6,0.45,18,454,116.3,99.45,136.01,0.151,0.09,失败
劣质处方,0.6,0.45,18,455,99.95,83.77,119.25,-0.0005,0.1015,通过
劣质处方,0.6,0.45,18,456,96.4,80.26,115.78,-0.0367,0.1053,通过
劣质处方,0.6,0.45,18,457,92.36,81.09,105.19,-0.0795,0.0748,通过
劣质处方,0.6,0.45,18,458,116.96,97.54,140.26,0.1567,0.1044,失败
劣质处方,0.6,0.45,18,459,132.63,113.24,155.34,0.2824,0.0909,失败
劣质处方,0.6,0.45,18,460,111.86,94.09,132.99,0.1121,0.0995,失败
劣质处方,0.6,0.45,18,461,110.39,89.47,136.2,0.0988,0.1208,失败
劣质处方,0.6,0.45,18,462,134.45,115.26,156.84,0.2961,0.0885,失败
劣质处方,0.6,0.45,18,463,118.62,96.04,146.52,0.1708,0.1214,失败
劣质处方,0.6,0.45,18,464,104.27,93.53,116.25,0.0418,0.0625,通过
劣质处方,0.6,0.45,18,465,103.14,83.04,128.1,0.0309,0.1246,失败
劣质处方,0.6,0.45,18,466,108.36,94.14,124.74,0.0803,0.0809,通过
劣质处方,0.6,0.45,18,467,106.79,91.19,125.06,0.0657,0.0908,失败
劣质处方,0.6,0.45,18,468,92.03,73.05,115.93,-0.0831,0.1328,失败
劣质处方,0.6,0.45,18,469,105.1,92.89,118.92,0.0498,0.071,通过
劣质处方,0.6,0.45,18,470,101.56,85.98,119.97,0.0155,0.0957,通过
劣质处方,0.6,0.45,18,471,109.99,91.38,132.4,0.0952,0.1066,失败
劣质处方,0.6,0.45,18,472,102.71,84.18,125.33,0.0268,0.1144,失败
劣质处方,0.6,0.45,18,473,100.6,87.59,115.53,0.006,0.0796,通过
劣质处方,0.6,0.45,18,474,106.44,88.38,128.2,0.0625,0.1069,失败
劣质处方,0.6,0.45,18,475,119.86,102.85,139.68,0.1811,0.088,失败
劣质处方,0.6,0.45,18,476,126.57,106.52,150.4,0.2356,0.0992,失败
劣质处方,0.6,0.45,18,477,103.42,83.05,128.78,0.0336,0.1261,失败
劣质处方,0.6,0.45,18,478,114.13,98.11,132.76,0.1322,0.0869,失败
劣质处方,0.6,0.45,18,479,113.98,96.74,134.28,0.1308,0.0943,失败
劣质处方,0.6,0.45,18,480,124.34,105.54,146.49,0.2179,0.0942,失败
劣质处方,0.6,0.45,18,481,104.73,87.3,125.65,0.0462,0.1047,失败
劣质处方,0.6,0.45,18,482,108.86,94.68,125.16,0.0849,0.0802,失败
劣质处方,0.6,0.45,18,483,124.86,104.97,148.51,0.222,0.0997,失败
劣质处方,0.6,0.45,18,484,109.82,95.6,126.15,0.0936,0.0797,失败
劣质处方,0.6,0.45,18,485,114.0,95.32,136.34,0.131,0.1029,失败
劣质处方,0.6,0.45,18,486,112.37,94.56,133.52,0.1166,0.0992,失败
劣质处方,0.6,0.45,18,487,123.66,105.85,144.46,0.2124,0.0894,失败
劣质处方,0.6,0.45,18,488,110.39,96.62,126.11,0.0988,0.0765,失败
劣质处方,0.6,0.45,18,489,109.98,94.55,127.93,0.0951,0.0869,失败
劣质处方,0.6,0.45,18,490,101.86,83.3,124.55,0.0184,0.1156,通过
劣质处方,0.6,0.45,18,491,107.64,93.06,124.5,0.0736,0.0837,通过
劣质处方,0.6,0.45,18,492,109.29,93.51,127.75,0.0889,0.0897,失败
劣质处方,0.6,0.45,18,493,122.44,108.23,138.51,0.2024,0.0709,失败
劣质处方,0.6,0.45,18,494,128.62,105.95,156.15,0.2517,0.1115,失败
劣质处方,0.6,0.45,18,495,90.32,73.73,110.64,-0.1019,0.1167,失败
劣质处方,0.6,0.45,18,496,110.55,85.84,142.38,0.1003,0.1454,失败
劣质处方,0.6,0.45,18,497,129.38,112.07,149.37,0.2576,0.0826,失败
劣质处方,0.6,0.45,18,498,122.7,99.19,151.79,0.2046,0.1223,失败
劣质处方,0.6,0.45,18,499,101.26,86.74,118.22,0.0125,0.089,通过
劣质处方,0.6,0.45,18,500,116.81,94.48,144.42,0.1554,0.122,失败
劣质处方,0.6,0.45,24,1,112.1,98.07,128.14,0.1142,0.078,失败
劣质处方,0.6,0.45,24,2,106.49,94.61,119.87,0.0629,0.069,通过
劣质处方,0.6,0.45,24,3,118.37,103.27,135.68,0.1687,0.0796,失败
劣质处方,0.6,0.45,24,4,101.01,88.88,114.8,0.01,0.0747,通过
劣质处方,0.6,0.45,24,5,99.57,86.58,114.51,-0.0043,0.0816,通过
劣质处方,0.6,0.45,24,6,111.64,98.68,126.3,0.1101,0.072,失败
劣质处方,0.6,0.45,24,7,131.51,110.66,156.3,0.2739,0.1007,失败
劣质处方,0.6,0.45,24,8,117.14,101.75,134.86,0.1582,0.0822,失败
劣质处方,0.6,0.45,24,9,119.03,98.49,143.84,0.1742,0.1105,失败
劣质处方,0.6,0.45,24,10,108.88,94.61,125.31,0.0851,0.082,失败
劣质处方,0.6,0.45,24,11,100.28,88.25,113.94,0.0028,0.0745,通过
劣质处方,0.6,0.45,24,12,92.61,79.78,107.51,-0.0767,0.087,失败
劣质处方,0.6,0.45,24,13,111.31,93.37,132.71,0.1072,0.1026,失败
劣质处方,0.6,0.45,24,14,125.39,108.36,145.1,0.2263,0.0852,失败
劣质处方,0.6,0.45,24,15,107.06,90.06,127.26,0.0682,0.1009,失败
劣质处方,0.6,0.45,24,16,106.99,95.73,119.58,0.0675,0.0649,通过
劣质处方,0.6,0.45,24,17,97.76,84.18,113.53,-0.0227,0.0873,通过
劣质处方,0.6,0.45,24,18,122.33,106.06,141.1,0.2016,0.0833,失败
劣质处方,0.6,0.45,24,19,107.78,95.79,121.27,0.0749,0.0688,通过
劣质处方,0.6,0.45,24,20,111.96,96.68,129.66,0.113,0.0856,失败
劣质处方,0.6,0.45,24,21,91.95,81.74,103.44,-0.0839,0.0687,通过
劣质处方,0.6,0.45,24,22,122.41,104.96,142.76,0.2022,0.0897,失败
劣质处方,0.6,0.45,24,23,124.59,105.84,146.65,0.2198,0.0951,失败
劣质处方,0.6,0.45,24,24,118.61,97.83,143.8,0.1707,0.1124,失败
劣质处方,0.6,0.45,24,25,120.31,102.86,140.73,0.1849,0.0914,失败
劣质处方,0.6,0.45,24,26,106.74,89.41,127.43,0.0653,0.1034,失败
劣质处方,0.6,0.45,24,27,115.96,102.36,131.37,0.1481,0.0728,失败
劣质处方,0.6,0.45,24,28,106.94,95.54,119.69,0.0671,0.0657,通过
劣质处方,0.6,0.45,24,29,102.4,86.16,121.69,0.0237,0.1007,通过
劣质处方,0.6,0.45,24,30,92.47,79.53,107.51,-0.0783,0.0879,失败
劣质处方,0.6,0.45,24,31,115.63,97.45,137.2,0.1452,0.0998,失败
劣质处方,0.6,0.45,24,32,104.71,88.25,124.23,0.046,0.0998,通过
劣质处方,0.6,0.45,24,33,104.07,89.74,120.7,0.0399,0.0865,通过
劣质处方,0.6,0.45,24,34,115.13,98.97,133.92,0.1409,0.0882,失败
劣质处方,0.6,0.45,24,35,106.33,93.16,121.35,0.0614,0.0771,通过
劣质处方,0.6,0.45,24,36,119.56,100.51,142.23,0.1787,0.1013,失败
劣质处方,0.6,0.45,24,37,111.94,97.06,129.1,0.1128,0.0832,失败
劣质处方,0.6,0.45,24,38,101.7,88.64,116.7,0.0169,0.0802,通过
劣质处方,0.6,0.45,24,39,103.65,87.76,122.42,0.0359,0.0971,通过
劣质处方,0.6,0.45,24,40,98.32,84.59,114.27,-0.0169,0.0877,通过
劣质处方,0.6,0.45,24,41,105.03,91.01,121.21,0.0491,0.0836,通过
劣质处方,0.6,0.45,24,42,87.37,75.31,101.35,-0.1351,0.0867,失败
劣质处方,0.6,0.45,24,43,124.03,105.33,146.06,0.2154,0.0954,失败
劣质处方,0.6,0.45,24,44,95.32,83.05,109.41,-0.0479,0.0804,通过
劣质处方,0.6,0.45,24,45,120.49,103.29,140.55,0.1864,0.0898,失败
劣质处方,0.6,0.45,24,46,110.46,93.99,129.8,0.0994,0.0942,失败
劣质处方,0.6,0.45,24,47,110.54,99.44,122.87,0.1002,0.0617,通过
劣质处方,0.6,0.45,24,48,104.88,89.35,123.12,0.0477,0.0935,通过
劣质处方,0.6,0.45,24,49,108.78,93.02,127.2,0.0841,0.0913,失败
劣质处方,0.6,0.45,24,50,110.63,92.94,131.69,0.101,0.1017,失败
劣质处方,0.6,0.45,24,51,106.09,91.13,123.51,0.0591,0.0887,通过
劣质处方,0.6,0.45,24,52,103.8,88.0,122.44,0.0373,0.0964,通过
劣质处方,0.6,0.45,24,53,105.17,90.96,121.61,0.0504,0.0847,通过
劣质处方,0.6,0.45,24,54,99.16,86.29,113.94,-0.0085,0.0811,通过
劣质处方,0.6,0.45,24,55,99.5,85.93,115.22,-0.005,0.0856,通过
劣质处方,0.6,0.45,24,56,121.57,107.14,137.93,0.1953,0.0737,失败
劣质处方,0.6,0.45,24,57,109.8,91.08,132.38,0.0935,0.1091,失败
劣质处方,0.6,0.45,24,58,121.38,106.0,138.99,0.1938,0.079,失败
劣质处方,0.6,0.45,24,59,98.12,87.22,110.38,-0.019,0.0687,通过
劣质处方,0.6,0.45,24,60,102.65,86.41,121.94,0.0261,0.1005,通过
劣质处方,0.6,0.45,24,61,100.76,85.85,118.27,0.0076,0.0935,通过
劣质处方,0.6,0.45,24,62,107.07,95.77,119.71,0.0683,0.0651,通过
劣质处方,0.6,0.45,24,63,105.5,90.82,122.55,0.0535,0.0874,通过
劣质处方,0.6,0.45,24,64,121.56,106.29,139.01,0.1952,0.0783,失败
劣质处方,0.6,0.45,24,65,99.37,85.5,115.49,-0.0063,0.0877,通过
劣质处方,0.6,0.45,24,66,98.04,82.9,115.94,-0.0198,0.0978,通过
劣质处方,0.6,0.45,24,67,106.55,92.16,123.19,0.0634,0.0847,通过
劣质处方,0.6,0.45,24,68,114.77,97.9,134.55,0.1378,0.0928,失败
劣质处方,0.6,0.45,24,69,94.22,80.23,110.64,-0.0596,0.0937,通过
劣质处方,0.6,0.45,24,70,97.6,83.28,114.38,-0.0243,0.0926,通过
劣质处方,0.6,0.45,24,71,117.25,100.41,136.9,0.1591,0.0904,失败
劣质处方,0.6,0.45,24,72,108.05,90.05,129.65,0.0774,0.1063,失败
劣质处方,0.6,0.45,24,73,92.47,77.44,110.42,-0.0783,0.1035,失败
劣质处方,0.6,0.45,24,74,108.37,92.96,126.34,0.0804,0.0895,失败
劣质处方,0.6,0.45,24,75,100.47,82.1,122.95,0.0047,0.1178,通过
劣质处方,0.6,0.45,24,76,121.13,105.64,138.89,0.1917,0.0798,失败
劣质处方,0.6,0.45,24,77,103.92,85.72,125.99,0.0384,0.1124,失败
劣质处方,0.6,0.45,24,78,119.39,104.46,136.45,0.1772,0.078,失败
劣质处方,0.6,0.45,24,79,104.08,90.53,119.66,0.04,0.0814,通过
劣质处方,0.6,0.45,24,80,104.17,89.47,121.27,0.0408,0.0887,通过
劣质处方,0.6,0.45,24,81,96.42,87.35,106.42,-0.0365,0.0576,通过
劣质处方,0.6,0.45,24,82,115.81,98.38,136.32,0.1467,0.0951,失败
劣质处方,0.6,0.45,24,83,109.83,97.08,124.27,0.0938,0.072,通过
劣质处方,0.6,0.45,24,84,115.46,100.47,132.68,0.1438,0.0811,失败
劣质处方,0.6,0.45,24,85,100.54,86.53,116.81,0.0054,0.0875,通过
劣质处方,0.6,0.45,24,86,115.18,102.35,129.63,0.1414,0.0689,失败
劣质处方,0.6,0.45,24,87,128.38,109.09,151.09,0.2498,0.095,失败
劣质处方,0.6,0.45,24,88,113.61,99.17,130.16,0.1276,0.0793,失败
劣质处方,0.6,0.45,24,89,111.05,93.14,132.42,0.1048,0.1027,失败
劣质处方,0.6,0.45,24,90,115.3,96.36,137.98,0.1424,0.1047,失败
劣质处方,0.6,0.45,24,91,88.24,74.81,104.08,-0.1251,0.0963,失败
劣质处方,0.6,0.45,24,92,111.82,98.69,126.7,0.1118,0.0729,失败
劣质处方,0.6,0.45,24,93,118.64,104.2,135.07,0.1709,0.0757,失败
劣质处方,0.6,0.45,24,94,94.57,83.5,107.09,-0.0559,0.0726,通过
劣质处方,0.6,0.45,24,95,126.97,110.37,146.08,0.2388,0.0818,失败
劣质处方,0.6,0.45,24,96,95.84,83.12,110.5,-0.0425,0.0831,通过
劣质处方,0.6,0.45,24,97,100.71,88.37,114.79,0.0071,0.0763,通过
劣质处方,0.6,0.45,24,98,111.93,99.1,126.43,0.1127,0.071,失败
劣质处方,0.6,0.45,24,99,117.73,102.64,135.04,0.1632,0.0801,失败
劣质处方,0.6,0.45,24,100,118.6,100.28,140.27,0.1706,0.0979,失败
劣质处方,0.6,0.45,24,101,107.7,92.69,125.14,0.0742,0.0876,失败
劣质处方,0.6,0.45,24,102,108.04,90.16,129.47,0.0773,0.1056,失败
劣质处方,0.6,0.45,24,103,89.81,77.16,104.54,-0.1075,0.0886,失败
劣质处方,0.6,0.45,24,104,108.61,95.13,124.0,0.0826,0.0773,通过
劣质处方,0.6,0.45,24,105,116.02,101.41,132.75,0.1486,0.0786,失败
劣质处方,0.6,0.45,24,106,118.67,103.54,136.01,0.1712,0.0796,失败
劣质处方,0.6,0.45,24,107,116.4,97.09,139.56,0.1519,0.1059,失败
劣质处方,0.6,0.45,24,108,106.96,92.21,124.06,0.0672,0.0865,通过
劣质处方,0.6,0.45,24,109,125.76,109.0,145.08,0.2292,0.0834,失败
劣质处方,0.6,0.45,24,110,102.66,88.5,119.07,0.0262,0.0865,通过
劣质处方,0.6,0.45,24,111,117.31,96.35,142.84,0.1597,0.1149,失败
劣质处方,0.6,0.45,24,112,104.65,92.84,117.97,0.0455,0.0699,通过
劣质处方,0.6,0.45,24,113,114.62,99.37,132.22,0.1365,0.0833,失败
劣质处方,0.6,0.45,24,114,116.43,99.66,136.02,0.1521,0.0907,失败
劣质处方,0.6,0.45,24,115,110.25,94.81,128.21,0.0976,0.088,失败
劣质处方,0.6,0.45,24,116,113.5,96.04,134.13,0.1266,0.0975,失败
劣质处方,0.6,0.45,24,117,111.94,96.85,129.37,0.1128,0.0845,失败
劣质处方,0.6,0.45,24,118,98.03,86.01,111.72,-0.0199,0.0763,通过
劣质处方,0.6,0.45,24,119,108.24,95.24,123.01,0.0792,0.0746,通过
劣质处方,0.6,0.45,24,120,101.81,86.46,119.89,0.018,0.0954,通过
劣质处方,0.6,0.45,24,121,94.66,83.69,107.06,-0.0549,0.0718,通过
劣质处方,0.6,0.45,24,122,108.75,95.11,124.35,0.0839,0.0782,通过
劣质处方,0.6,0.45,24,123,111.76,94.87,131.67,0.1112,0.0956,失败
劣质处方,0.6,0.45,24,124,113.56,100.14,128.79,0.1272,0.0734,失败
劣质处方,0.6,0.45,24,125,112.64,96.24,131.84,0.1191,0.0918,失败
劣质处方,0.6,0.45,24,126,99.14,87.52,112.3,-0.0087,0.0727,通过
劣质处方,0.6,0.45,24,127,115.13,98.33,134.81,0.1409,0.0921,失败
劣质处方,0.6,0.45,24,128,104.7,88.85,123.38,0.0459,0.0958,通过
劣质处方,0.6,0.45,24,129,102.18,82.59,126.43,0.0216,0.1242,失败
劣质处方,0.6,0.45,24,130,107.18,88.8,129.38,0.0694,0.1098,失败
劣质处方,0.6,0.45,24,131,115.53,101.64,131.32,0.1444,0.0747,失败
劣质处方,0.6,0.45,24,132,117.44,99.77,138.23,0.1607,0.0951,失败
劣质处方,0.6,0.45,24,133,109.07,94.03,126.52,0.0869,0.0866,失败
劣质处方,0.6,0.45,24,134,117.18,99.92,137.42,0.1585,0.093,失败
劣质处方,0.6,0.45,24,135,122.5,106.67,140.67,0.2029,0.0807,失败
劣质处方,0.6,0.45,24,136,104.78,93.22,117.77,0.0466,0.0682,通过
劣质处方,0.6,0.45,24,137,104.87,89.57,122.79,0.0475,0.092,通过
劣质处方,0.6,0.45,24,138,99.58,88.3,112.3,-0.0042,0.0701,通过
劣质处方,0.6,0.45,24,139,115.79,102.19,131.2,0.1466,0.0729,失败
劣质处方,0.6,0.45,24,140,106.16,89.94,125.3,0.0597,0.0968,失败
劣质处方,0.6,0.45,24,141,127.56,108.7,149.69,0.2434,0.0934,失败
劣质处方,0.6,0.45,24,142,113.78,96.53,134.11,0.1291,0.0959,失败
劣质处方,0.6,0.45,24,143,106.9,94.12,121.42,0.0668,0.0743,通过
劣质处方,0.6,0.45,24,144,104.22,91.1,119.22,0.0413,0.0785,通过
劣质处方,0.6,0.45,24,145,120.36,101.62,142.54,0.1853,0.0987,失败
劣质处方,0.6,0.45,24,146,107.81,95.52,121.68,0.0752,0.0706,通过
劣质处方,0.6,0.45,24,147,117.41,102.13,134.97,0.1605,0.0813,失败
劣质处方,0.6,0.45,24,148,105.22,91.3,121.27,0.0509,0.0828,通过
劣质处方,0.6,0.45,24,149,105.2,91.37,121.13,0.0507,0.0822,通过
劣质处方,0.6,0.45,24,150,133.03,113.69,155.67,0.2854,0.0917,失败
劣质处方,0.6,0.45,24,151,108.32,95.69,122.62,0.0799,0.0723,通过
劣质处方,0.6,0.45,24,152,102.63,88.25,119.35,0.026,0.0881,通过
劣质处方,0.6,0.45,24,153,129.11,110.52,150.81,0.2555,0.0907,失败
劣质处方,0.6,0.45,24,154,110.21,97.79,124.22,0.0972,0.0698,通过
劣质处方,0.6,0.45,24,155,105.35,91.04,121.91,0.0521,0.0852,通过
劣质处方,0.6,0.45,24,156,100.69,88.95,113.97,0.0068,0.0723,通过
劣质处方,0.6,0.45,24,157,133.94,115.65,155.11,0.2922,0.0856,失败
劣质处方,0.6,0.45,24,158,118.59,103.99,135.25,0.1705,0.0767,失败
劣质处方,0.6,0.45,24,159,121.01,106.98,136.87,0.1907,0.0719,失败
劣质处方,0.6,0.45,24,160,100.4,87.48,115.23,0.004,0.0804,通过
劣质处方,0.6,0.45,24,161,107.7,95.48,121.49,0.0742,0.0703,通过
劣质处方,0.6,0.45,24,162,114.62,97.49,134.77,0.1365,0.0945,失败
劣质处方,0.6,0.45,24,163,108.46,93.03,126.45,0.0812,0.0895,失败
劣质处方,0.6,0.45,24,164,104.04,91.0,118.95,0.0396,0.0782,通过
劣质处方,0.6,0.45,24,165,106.73,89.23,127.66,0.0651,0.1045,失败
劣质处方,0.6,0.45,24,166,135.62,122.04,150.71,0.3047,0.0616,失败
劣质处方,0.6,0.45,24,167,101.1,85.54,119.49,0.011,0.0975,通过
劣质处方,0.6,0.45,24,168,119.64,101.93,140.42,0.1793,0.0935,失败
劣质处方,0.6,0.45,24,169,92.06,81.5,103.97,-0.0828,0.071,通过
劣质处方,0.6,0.45,24,170,114.98,101.73,129.95,0.1396,0.0714,失败
劣质处方,0.6,0.45,24,171,106.68,93.15,122.19,0.0647,0.0792,通过
劣质处方,0.6,0.45,24,172,117.18,101.04,135.9,0.1585,0.0865,失败
劣质处方,0.6,0.45,24,173,105.19,93.69,118.1,0.0506,0.0676,通过
劣质处方,0.6,0.45,24,174,129.13,114.38,145.78,0.2556,0.0708,失败
劣质处方,0.6,0.45,24,175,110.74,94.31,130.03,0.102,0.0937,失败
劣质处方,0.6,0.45,24,176,102.83,88.64,119.28,0.0279,0.0866,通过
劣质处方,0.6,0.45,24,177,107.66,92.42,125.41,0.0738,0.089,失败
劣质处方,0.6,0.45,24,178,103.68,91.07,118.04,0.0362,0.0757,通过
劣质处方,0.6,0.45,24,179,107.85,94.23,123.44,0.0756,0.0788,通过
劣质处方,0.6,0.45,24,180,119.92,103.98,138.3,0.1816,0.0832,失败
劣质处方,0.6,0.45,24,181,132.86,111.51,158.3,0.2841,0.1022,失败
劣质处方,0.6,0.45,24,182,112.79,98.06,129.73,0.1203,0.0816,失败
劣质处方,0.6,0.45,24,183,107.37,91.98,125.33,0.0711,0.0903,失败
劣质处方,0.6,0.45,24,184,132.01,114.95,151.59,0.2777,0.0807,失败
劣质处方,0.6,0.45,24,185,112.02,94.34,133.02,0.1135,0.1002,失败
劣质处方,0.6,0.45,24,186,115.99,99.87,134.72,0.1484,0.0873,失败
劣质处方,0.6,0.45,24,187,102.25,85.62,122.12,0.0223,0.1036,通过
劣质处方,0.6,0.45,24,188,112.95,94.91,134.41,0.1217,0.1015,失败
劣质处方,0.6,0.45,24,189,117.49,101.35,136.2,0.1612,0.0862,失败
劣质处方,0.6,0.45,24,190,119.27,105.05,135.41,0.1762,0.074,失败
劣质处方,0.6,0.45,24,191,120.1,103.59,139.24,0.1832,0.0863,失败
劣质处方,0.6,0.45,24,192,110.46,92.53,131.87,0.0995,0.1034,失败
劣质处方,0.6,0.45,24,193,121.4,107.01,137.73,0.1939,0.0736,失败
劣质处方,0.6,0.45,24,194,98.07,84.77,113.44,-0.0195,0.085,通过
劣质处方,0.6,0.45,24,195,108.0,91.86,126.98,0.077,0.0944,失败
劣质处方,0.6,0.45,24,196,130.85,115.11,148.74,0.2689,0.0748,失败
劣质处方,0.6,0.45,24,197,101.65,87.23,118.45,0.0163,0.0893,通过
劣质处方,0.6,0.45,24,198,123.01,106.17,142.52,0.2071,0.0859,失败
劣质处方,0.6,0.45,24,199,105.86,93.57,119.77,0.057,0.072,通过
劣质处方,0.6,0.45,24,200,109.82,95.13,126.78,0.0937,0.0838,失败
劣质处方,0.6,0.45,24,201,117.99,102.53,135.77,0.1654,0.0819,失败
劣质处方,0.6,0.45,24,202,88.64,75.84,103.61,-0.1206,0.091,失败
劣质处方,0.6,0.45,24,203,118.4,98.23,142.69,0.1689,0.1089,失败
劣质处方,0.6,0.45,24,204,106.85,91.97,124.13,0.0662,0.0875,通过
劣质处方,0.6,0.45,24,205,109.59,94.46,127.14,0.0916,0.0867,失败
劣质处方,0.6,0.45,24,206,119.53,102.73,139.07,0.1784,0.0884,失败
劣质处方,0.6,0.45,24,207,115.82,98.32,136.44,0.1469,0.0956,失败
劣质处方,0.6,0.45,24,208,135.23,115.24,158.69,0.3018,0.0933,失败
劣质处方,0.6,0.45,24,209,103.15,87.56,121.5,0.031,0.0956,通过
劣质处方,0.6,0.45,24,210,102.42,90.52,115.89,0.024,0.0721,通过
劣质处方,0.6,0.45,24,211,107.48,91.83,125.8,0.0722,0.0918,失败
劣质处方,0.6,0.45,24,212,97.17,84.52,111.7,-0.0287,0.0813,通过
劣质处方,0.6,0.45,24,213,101.81,84.57,122.57,0.018,0.1082,通过
劣质处方,0.6,0.45,24,214,102.61,87.64,120.13,0.0258,0.092,通过
劣质处方,0.6,0.45,24,215,95.94,82.71,111.29,-0.0414,0.0866,通过
劣质处方,0.6,0.45,24,216,109.51,94.08,127.46,0.0908,0.0886,失败
劣质处方,0.6,0.45,24,217,96.95,80.72,116.44,-0.031,0.1069,通过
劣质处方,0.6,0.45,24,218,104.62,90.05,121.54,0.0451,0.0875,通过
劣质处方,0.6,0.45,24,219,132.76,109.31,161.24,0.2834,0.1134,失败
劣质处方,0.6,0.45,24,220,125.15,111.88,139.98,0.2243,0.0654,失败
劣质处方,0.6,0.45,24,221,120.88,102.81,142.12,0.1896,0.0944,失败
劣质处方,0.6,0.45,24,222,121.64,105.66,140.03,0.1959,0.0821,失败
劣质处方,0.6,0.45,24,223,103.46,91.43,117.06,0.034,0.0721,通过
劣质处方,0.6,0.45,24,224,94.92,82.84,108.76,-0.0522,0.0794,通过
劣质处方,0.6,0.45,24,225,112.33,92.48,136.44,0.1163,0.1135,失败
劣质处方,0.6,0.45,24,226,110.57,93.45,130.84,0.1005,0.0982,失败
劣质处方,0.6,0.45,24,227,103.07,93.13,114.07,0.0303,0.0592,通过
劣质处方,0.6,0.45,24,228,110.78,96.41,127.3,0.1024,0.0811,失败
劣质处方,0.6,0.45,24,229,104.35,91.98,118.39,0.0426,0.0736,通过
劣质处方,0.6,0.45,24,230,118.55,103.49,135.81,0.1702,0.0793,失败
劣质处方,0.6,0.45,24,231,97.61,84.88,112.25,-0.0242,0.0815,通过
劣质处方,0.6,0.45,24,232,119.38,102.07,139.61,0.1771,0.0914,失败
劣质处方,0.6,0.45,24,233,109.53,91.44,131.19,0.091,0.1053,失败
劣质处方,0.6,0.45,24,234,104.02,86.59,124.96,0.0394,0.107,通过
劣质处方,0.6,0.45,24,235,99.95,87.0,114.81,-0.0005,0.0809,通过
劣质处方,0.6,0.45,24,236,107.14,88.55,129.63,0.069,0.1112,失败
劣质处方,0.6,0.45,24,237,122.82,102.68,146.91,0.2055,0.1045,失败
劣质处方,0.6,0.45,24,238,114.56,100.13,131.08,0.136,0.0786,失败
劣质处方,0.6,0.45,24,239,115.57,103.89,128.56,0.1447,0.0622,失败
劣质处方,0.6,0.45,24,240,117.39,100.69,136.87,0.1603,0.0896,失败
劣质处方,0.6,0.45,24,241,115.77,101.62,131.9,0.1464,0.0761,失败
劣质处方,0.6,0.45,24,242,101.66,88.59,116.65,0.0164,0.0803,通过
劣质处方,0.6,0.45,24,243,120.13,104.14,138.56,0.1834,0.0833,失败
劣质处方,0.6,0.45,24,244,109.42,95.63,125.2,0.09,0.0786,失败
劣质处方,0.6,0.45,24,245,102.9,85.36,124.04,0.0286,0.109,通过
劣质处方,0.6,0.45,24,246,105.76,93.78,119.27,0.056,0.0702,通过
劣质处方,0.6,0.45,24,247,115.27,99.85,133.09,0.1421,0.0838,失败
劣质处方,0.6,0.45,24,248,91.75,80.97,103.96,-0.0861,0.0729,通过
劣质处方,0.6,0.45,24,249,107.12,90.92,126.2,0.0687,0.0957,失败
劣质处方,0.6,0.45,24,250,101.72,86.09,120.18,0.017,0.0973,通过
劣质处方,0.6,0.45,24,251,102.26,82.51,126.73,0.0223,0.1252,失败
劣质处方,0.6,0.45,24,252,124.62,106.88,145.3,0.2201,0.0896,失败
劣质处方,0.6,0.45,24,253,113.1,97.88,130.69,0.1231,0.0843,失败
劣质处方,0.6,0.45,24,254,102.26,86.98,120.22,0.0224,0.0944,通过
劣质处方,0.6,0.45,24,255,112.48,95.33,132.71,0.1176,0.0965,失败
劣质处方,0.6,0.45,24,256,120.83,102.79,142.04,0.1892,0.0943,失败
劣质处方,0.6,0.45,24,257,111.28,97.75,126.69,0.1069,0.0756,失败
劣质处方,0.6,0.45,24,258,114.35,99.33,131.64,0.1341,0.0822,失败
劣质处方,0.6,0.45,24,259,114.53,94.53,138.77,0.1357,0.112,失败
劣质处方,0.6,0.45,24,260,95.82,83.79,109.56,-0.0427,0.0782,通过
劣质处方,0.6,0.45,24,261,104.03,92.96,116.42,0.0395,0.0656,通过
劣质处方,0.6,0.45,24,262,131.86,113.22,153.59,0.2766,0.089,失败
劣质处方,0.6,0.45,24,263,104.52,94.34,115.79,0.0442,0.0598,通过
劣质处方,0.6,0.45,24,264,119.08,102.76,137.98,0.1746,0.086,失败
劣质处方,0.6,0.45,24,265,101.57,87.46,117.97,0.0156,0.0873,通过
劣质处方,0.6,0.45,24,266,113.15,94.6,135.34,0.1236,0.1045,失败
劣质处方,0.6,0.45,24,267,112.85,97.5,130.61,0.1209,0.0853,失败
劣质处方,0.6,0.45,24,268,111.26,99.31,124.64,0.1067,0.0663,通过
劣质处方,0.6,0.45,24,269,111.5,96.14,129.32,0.1089,0.0865,失败
劣质处方,0.6,0.45,24,270,131.89,114.39,152.07,0.2768,0.0831,失败
劣质处方,0.6,0.45,24,271,90.05,79.1,102.51,-0.1048,0.0756,失败
劣质处方,0.6,0.45,24,272,116.24,101.2,133.52,0.1505,0.0808,失败
劣质处方,0.6,0.45,24,273,111.74,93.59,133.4,0.111,0.1034,失败
劣质处方,0.6,0.45,24,274,113.66,97.73,132.18,0.128,0.0881,失败
劣质处方,0.6,0.45,24,275,101.79,89.73,115.47,0.0178,0.0736,通过
劣质处方,0.6,0.45,24,276,114.54,100.63,130.37,0.1357,0.0755,失败
劣质处方,0.6,0.45,24,277,114.6,99.87,131.5,0.1363,0.0803,失败
劣质处方,0.6,0.45,24,278,98.25,86.31,111.85,-0.0176,0.0756,通过
劣质处方,0.6,0.45,24,279,114.41,99.21,131.94,0.1346,0.0832,失败
劣质处方,0.6,0.45,24,280,90.65,76.61,107.26,-0.0982,0.0982,失败
劣质处方,0.6,0.45,24,281,130.5,111.12,153.25,0.2662,0.0938,失败
劣质处方,0.6,0.45,24,282,101.89,90.55,114.66,0.0188,0.0689,通过
劣质处方,0.6,0.45,24,283,100.36,87.53,115.08,0.0036,0.0798,通过
劣质处方,0.6,0.45,24,284,103.86,89.91,119.98,0.0379,0.0842,通过
劣质处方,0.6,0.45,24,285,111.98,92.98,134.85,0.1131,0.1084,失败
劣质处方,0.6,0.45,24,286,116.05,99.6,135.21,0.1488,0.0892,失败
劣质处方,0.6,0.45,24,287,105.74,88.25,126.7,0.0558,0.1055,失败
劣质处方,0.6,0.45,24,288,94.25,81.16,109.46,-0.0592,0.0873,通过
劣质处方,0.6,0.45,24,289,127.54,110.97,146.59,0.2433,0.0812,失败
劣质处方,0.6,0.45,24,290,125.31,102.44,153.29,0.2257,0.1176,失败
劣质处方,0.6,0.45,24,291,115.4,101.2,131.6,0.1433,0.0766,失败
劣质处方,0.6,0.45,24,292,109.4,93.45,128.09,0.0899,0.092,失败
劣质处方,0.6,0.45,24,293,112.1,96.74,129.9,0.1142,0.086,失败
劣质处方,0.6,0.45,24,294,95.3,79.43,114.35,-0.0481,0.1063,失败
劣质处方,0.6,0.45,24,295,118.73,103.14,136.67,0.1717,0.0821,失败
劣质处方,0.6,0.45,24,296,104.51,87.08,125.44,0.0441,0.1065,失败
劣质处方,0.6,0.45,24,297,103.44,87.03,122.94,0.0338,0.1008,通过
劣质处方,0.6,0.45,24,298,111.79,95.46,130.91,0.1115,0.0921,失败
劣质处方,0.6,0.45,24,299,115.44,101.67,131.08,0.1436,0.0741,失败
劣质处方,0.6,0.45,24,300,111.16,92.97,132.91,0.1058,0.1043,失败
劣质处方,0.6,0.45,24,301,123.67,106.48,143.64,0.2125,0.0873,失败
劣质处方,0.6,0.45,24,302,113.6,100.67,128.2,0.1276,0.0705,失败
劣质处方,0.6,0.45,24,303,115.62,96.05,139.18,0.1452,0.1082,失败
劣质处方,0.6,0.45,24,304,123.19,106.98,141.87,0.2086,0.0824,失败
劣质处方,0.6,0.45,24,305,115.36,96.71,137.61,0.1429,0.1029,失败
劣质处方,0.6,0.45,24,306,136.11,116.11,159.55,0.3083,0.0927,失败
劣质处方,0.6,0.45,24,307,123.02,103.81,145.79,0.2072,0.0991,失败
劣质处方,0.6,0.45,24,308,109.12,95.22,125.04,0.0873,0.0795,失败
劣质处方,0.6,0.45,24,309,113.55,94.67,136.19,0.1271,0.1061,失败
劣质处方,0.6,0.45,24,310,93.86,76.65,114.93,-0.0634,0.1182,失败
劣质处方,0.6,0.45,24,311,107.44,87.59,131.77,0.0717,0.1191,失败
劣质处方,0.6,0.45,24,312,118.62,101.91,138.06,0.1707,0.0886,失败
劣质处方,0.6,0.45,24,313,103.83,88.42,121.92,0.0376,0.0937,通过
劣质处方,0.6,0.45,24,314,115.5,100.04,133.36,0.1441,0.0839,失败
劣质处方,0.6,0.45,24,315,104.44,90.25,120.87,0.0435,0.0852,通过
劣质处方,0.6,0.45,24,316,120.49,105.58,137.51,0.1864,0.0771,失败
劣质处方,0.6,0.45,24,317,130.51,107.98,157.75,0.2663,0.1106,失败
劣质处方,0.6,0.45,24,318,115.97,101.85,132.04,0.1481,0.0757,失败
劣质处方,0.6,0.45,24,319,123.34,106.43,142.93,0.2098,0.086,失败
劣质处方,0.6,0.45,24,320,108.66,96.56,122.27,0.083,0.0688,通过
劣质处方,0.6,0.45,24,321,122.81,106.52,141.59,0.2055,0.083,失败
劣质处方,0.6,0.45,24,322,111.94,99.14,126.4,0.1128,0.0709,失败
劣质处方,0.6,0.45,24,323,112.94,101.94,125.14,0.1217,0.0598,失败
劣质处方,0.6,0.45,24,324,107.08,89.71,127.81,0.0684,0.1033,失败
劣质处方,0.6,0.45,24,325,100.26,86.76,115.86,0.0026,0.0844,通过
劣质处方,0.6,0.45,24,326,106.37,90.28,125.34,0.0618,0.0957,失败
劣质处方,0.6,0.45,24,327,100.7,87.57,115.8,0.007,0.0815,通过
劣质处方,0.6,0.45,24,328,115.45,102.39,130.18,0.1437,0.0701,失败
劣质处方,0.6,0.45,24,329,115.0,96.34,137.28,0.1398,0.1033,失败
劣质处方,0.6,0.45,24,330,122.86,106.23,142.08,0.2058,0.0848,失败
劣质处方,0.6,0.45,24,331,104.86,92.2,119.25,0.0474,0.0751,通过
劣质处方,0.6,0.45,24,332,96.78,86.81,107.9,-0.0327,0.0635,通过
劣质处方,0.6,0.45,24,333,103.68,89.5,120.1,0.0361,0.0858,通过
劣质处方,0.6,0.45,24,334,126.14,108.81,146.24,0.2323,0.0862,失败
劣质处方,0.6,0.45,24,335,106.03,92.81,121.13,0.0585,0.0777,通过
劣质处方,0.6,0.45,24,336,118.83,102.03,138.39,0.1725,0.0889,失败
劣质处方,0.6,0.45,24,337,95.22,80.42,112.74,-0.049,0.0986,通过
劣质处方,0.6,0.45,24,338,111.19,96.64,127.92,0.106,0.0818,失败
劣质处方,0.6,0.45,24,339,117.02,102.33,133.82,0.1572,0.0783,失败
劣质处方,0.6,0.45,24,340,108.44,92.46,127.18,0.081,0.093,失败
劣质处方,0.6,0.45,24,341,116.84,103.46,131.96,0.1557,0.071,失败
劣质处方,0.6,0.45,24,342,99.28,84.38,116.81,-0.0072,0.0949,通过
劣质处方,0.6,0.45,24,343,99.95,84.21,118.63,-0.0005,0.1,通过
劣质处方,0.6,0.45,24,344,105.09,91.28,120.99,0.0497,0.0822,通过
劣质处方,0.6,0.45,24,345,103.65,89.7,119.77,0.0358,0.0843,通过
劣质处方,0.6,0.45,24,346,107.54,91.38,126.55,0.0727,0.095,失败
劣质处方,0.6,0.45,24,347,103.78,88.84,121.24,0.0371,0.0907,通过
劣质处方,0.6,0.45,24,348,111.7,95.24,131.01,0.1107,0.093,失败
劣质处方,0.6,0.45,24,349,118.28,103.78,134.8,0.1679,0.0763,失败
劣质处方,0.6,0.45,24,350,106.58,92.46,122.86,0.0638,0.0829,通过
劣质处方,0.6,0.45,24,351,112.45,96.51,131.02,0.1173,0.0892,失败
劣质处方,0.6,0.45,24,352,120.28,104.01,139.11,0.1847,0.0848,失败
劣质处方,0.6,0.45,24,353,123.47,106.18,143.58,0.2108,0.088,失败
劣质处方,0.6,0.45,24,354,96.26,83.48,110.98,-0.0382,0.0831,通过
劣质处方,0.6,0.45,24,355,103.53,88.67,120.89,0.0347,0.0904,通过
劣质处方,0.6,0.45,24,356,97.0,83.55,112.62,-0.0305,0.0871,通过
劣质处方,0.6,0.45,24,357,117.54,98.39,140.42,0.1616,0.1038,失败
劣质处方,0.6,0.45,24,358,103.39,87.22,122.56,0.0333,0.0992,通过
劣质处方,0.6,0.45,24,359,100.35,86.51,116.4,0.0035,0.0866,通过
劣质处方,0.6,0.45,24,360,110.68,95.65,128.06,0.1014,0.0851,失败
劣质处方,0.6,0.45,24,361,126.36,105.26,151.7,0.234,0.1066,失败
劣质处方,0.6,0.45,24,362,120.17,107.51,134.32,0.1838,0.065,失败
劣质处方,0.6,0.45,24,363,106.28,90.18,125.26,0.0609,0.0959,失败
劣质处方,0.6,0.45,24,364,111.98,97.9,128.1,0.1132,0.0784,失败
劣质处方,0.6,0.45,24,365,118.5,102.12,137.5,0.1697,0.0868,失败
劣质处方,0.6,0.45,24,366,88.69,77.0,102.16,-0.12,0.0825,失败
劣质处方,0.6,0.45,24,367,105.42,90.01,123.48,0.0528,0.0922,通过
劣质处方,0.6,0.45,24,368,102.58,90.58,116.17,0.0255,0.0726,通过
劣质处方,0.6,0.45,24,369,105.66,89.41,124.87,0.0551,0.0974,通过
劣质处方,0.6,0.45,24,370,103.17,89.94,118.35,0.0312,0.0801,通过
劣质处方,0.6,0.45,24,371,109.07,91.26,130.37,0.0868,0.1041,失败
劣质处方,0.6,0.45,24,372,97.37,85.15,111.34,-0.0267,0.0782,通过
劣质处方,0.6,0.45,24,373,108.98,95.12,124.87,0.086,0.0794,通过
劣质处方,0.6,0.45,24,374,107.96,94.33,123.57,0.0766,0.0788,通过
劣质处方,0.6,0.45,24,375,141.27,117.99,169.14,0.3455,0.1051,失败
劣质处方,0.6,0.45,24,376,110.18,95.86,126.65,0.097,0.0813,失败
劣质处方,0.6,0.45,24,377,111.8,96.37,129.7,0.1116,0.0867,失败
劣质处方,0.6,0.45,24,378,116.47,100.57,134.88,0.1524,0.0856,失败
劣质处方,0.6,0.45,24,379,96.44,83.5,111.38,-0.0363,0.0841,通过
劣质处方,0.6,0.45,24,380,108.68,93.52,126.3,0.0832,0.0877,失败
劣质处方,0.6,0.45,24,381,108.11,92.43,126.45,0.078,0.0914,失败
劣质处方,0.6,0.45,24,382,113.16,98.24,130.35,0.1237,0.0825,失败
劣质处方,0.6,0.45,24,383,102.5,88.15,119.18,0.0247,0.088,通过
劣质处方,0.6,0.45,24,384,116.23,100.58,134.33,0.1504,0.0844,失败
劣质处方,0.6,0.45,24,385,114.13,98.05,132.86,0.1322,0.0887,失败
劣质处方,0.6,0.45,24,386,107.82,93.24,124.67,0.0753,0.0848,通过
劣质处方,0.6,0.45,24,387,122.43,103.79,144.42,0.2024,0.0964,失败
劣质处方,0.6,0.45,24,388,107.28,93.04,123.7,0.0703,0.0831,通过
劣质处方,0.6,0.45,24,389,108.26,91.45,128.17,0.0794,0.0985,失败
劣质处方,0.6,0.45,24,390,102.54,86.44,121.63,0.0251,0.0996,通过
劣质处方,0.6,0.45,24,391,112.25,93.88,134.22,0.1156,0.1043,失败
劣质处方,0.6,0.45,24,392,109.56,94.66,126.82,0.0913,0.0853,失败
劣质处方,0.6,0.45,24,393,108.71,92.92,127.18,0.0835,0.0916,失败
劣质处方,0.6,0.45,24,394,119.83,102.86,139.6,0.1809,0.0891,失败
劣质处方,0.6,0.45,24,395,106.19,90.16,125.06,0.06,0.0955,失败
劣质处方,0.6,0.45,24,396,115.29,99.12,134.1,0.1423,0.0882,失败
劣质处方,0.6,0.45,24,397,115.66,102.18,130.91,0.1455,0.0723,失败
劣质处方,0.6,0.45,24,398,114.39,99.29,131.79,0.1344,0.0826,失败
劣质处方,0.6,0.45,24,399,100.55,89.35,113.15,0.0055,0.0689,通过
劣质处方,0.6,0.45,24,400,122.62,105.46,142.56,0.2039,0.0879,失败
劣质处方,0.6,0.45,24,401,101.44,91.82,112.07,0.0143,0.0581,通过
劣质处方,0.6,0.45,24,402,100.21,86.4,116.24,0.0021,0.0865,通过
劣质处方,0.6,0.45,24,403,109.64,98.5,122.04,0.092,0.0625,通过
劣质处方,0.6,0.45,24,404,121.89,106.21,139.89,0.1979,0.0803,失败
劣质处方,0.6,0.45,24,405,112.66,99.91,127.03,0.1192,0.07,失败
劣质处方,0.6,0.45,24,406,109.25,94.71,126.03,0.0885,0.0833,失败
劣质处方,0.6,0.45,24,407,106.37,92.54,122.27,0.0617,0.0813,通过
劣质处方,0.6,0.45,24,408,108.14,94.26,124.05,0.0782,0.0801,通过
劣质处方,0.6,0.45,24,409,88.43,77.55,100.83,-0.123,0.0766,失败
劣质处方,0.6,0.45,24,410,110.04,95.42,126.89,0.0956,0.0832,失败
劣质处方,0.6,0.45,24,411,102.63,85.32,123.44,0.0259,0.1078,通过
劣质处方,0.6,0.45,24,412,103.86,91.72,117.62,0.0379,0.0726,通过
劣质处方,0.6,0.45,24,413,96.57,82.31,113.31,-0.0349,0.0932,通过
劣质处方,0.6,0.45,24,414,115.62,99.32,134.6,0.1451,0.0887,失败
劣质处方,0.6,0.45,24,415,115.23,97.85,135.7,0.1417,0.0954,失败
劣质处方,0.6,0.45,24,416,114.69,94.05,139.87,0.1371,0.1158,失败
劣质处方,0.6,0.45,24,417,118.2,103.24,135.33,0.1672,0.079,失败
劣质处方,0.6,0.45,24,418,111.03,96.07,128.31,0.1046,0.0844,失败
劣质处方,0.6,0.45,24,419,106.63,90.11,126.17,0.0642,0.0982,失败
劣质处方,0.6,0.45,24,420,112.47,95.54,132.4,0.1175,0.0952,失败
劣质处方,0.6,0.45,24,421,97.16,84.81,111.31,-0.0288,0.0793,通过
劣质处方,0.6,0.45,24,422,107.66,92.68,125.05,0.0738,0.0874,失败
劣质处方,0.6,0.45,24,423,126.04,106.61,149.02,0.2315,0.0977,失败
劣质处方,0.6,0.45,24,424,109.42,89.59,133.63,0.09,0.1167,失败
劣质处方,0.6,0.45,24,425,116.75,101.61,134.13,0.1548,0.081,失败
劣质处方,0.6,0.45,24,426,103.53,90.31,118.7,0.0347,0.0797,通过
劣质处方,0.6,0.45,24,427,118.87,101.88,138.7,0.1729,0.09,失败
劣质处方,0.6,0.45,24,428,104.29,91.03,119.47,0.042,0.0793,通过
劣质处方,0.6,0.45,24,429,107.29,94.94,121.26,0.0704,0.0714,通过
劣质处方,0.6,0.45,24,430,105.96,91.01,123.36,0.0578,0.0887,通过
劣质处方,0.6,0.45,24,431,88.52,76.83,101.99,-0.1219,0.0826,失败
劣质处方,0.6,0.45,24,432,100.21,83.78,119.85,0.0021,0.1045,通过
劣质处方,0.6,0.45,24,433,108.75,92.74,127.52,0.0839,0.0929,失败
劣质处方,0.6,0.45,24,434,114.32,98.69,132.43,0.1339,0.0858,失败
劣质处方,0.6,0.45,24,435,110.69,96.88,126.47,0.1016,0.0778,失败
劣质处方,0.6,0.45,24,436,111.86,95.72,130.73,0.1121,0.091,失败
劣质处方,0.6,0.45,24,437,127.59,117.4,138.66,0.2436,0.0486,失败
劣质处方,0.6,0.45,24,438,95.19,84.75,106.91,-0.0493,0.0678,通过
劣质处方,0.6,0.45,24,439,128.21,107.94,152.29,0.2485,0.1004,失败
劣质处方,0.6,0.45,24,440,107.97,92.08,126.61,0.0767,0.0929,失败
劣质处方,0.6,0.45,24,441,110.42,94.41,129.13,0.0991,0.0914,失败
劣质处方,0.6,0.45,24,442,104.36,90.83,119.9,0.0427,0.081,通过
劣质处方,0.6,0.45,24,443,126.89,110.6,145.58,0.2382,0.0802,失败
劣质处方,0.6,0.45,24,444,110.56,96.16,127.13,0.1004,0.0815,失败
劣质处方,0.6,0.45,24,445,102.65,85.61,123.08,0.0262,0.1059,通过
劣质处方,0.6,0.45,24,446,97.79,83.05,115.16,-0.0223,0.0954,通过
劣质处方,0.6,0.45,24,447,106.34,90.66,124.73,0.0615,0.0931,通过
劣质处方,0.6,0.45,24,448,96.46,81.73,113.85,-0.036,0.0967,通过
劣质处方,0.6,0.45,24,449,121.0,109.83,133.31,0.1906,0.0565,失败
劣质处方,0.6,0.45,24,450,111.51,93.63,132.8,0.1089,0.102,失败
劣质处方,0.6,0.45,24,451,135.74,118.54,155.44,0.3056,0.0791,失败
劣质处方,0.6,0.45,24,452,110.9,93.57,131.43,0.1034,0.0991,失败
劣质处方,0.6,0.45,24,453,96.06,84.49,109.21,-0.0402,0.0749,通过
劣质处方,0.6,0.45,24,454,129.97,110.63,152.71,0.2622,0.094,失败
劣质处方,0.6,0.45,24,455,109.32,96.72,123.55,0.0891,0.0714,通过
劣质处方,0.6,0.45,24,456,118.95,104.59,135.27,0.1735,0.075,失败
劣质处方,0.6,0.45,24,457,122.41,108.27,138.39,0.2022,0.0716,失败
劣质处方,0.6,0.45,24,458,111.41,96.71,128.33,0.108,0.0825,失败
劣质处方,0.6,0.45,24,459,121.93,101.83,146.0,0.1983,0.1051,失败
劣质处方,0.6,0.45,24,460,125.31,114.13,137.59,0.2256,0.0546,失败
劣质处方,0.6,0.45,24,461,103.79,86.86,124.02,0.0372,0.1039,通过
劣质处方,0.6,0.45,24,462,124.98,111.05,140.67,0.223,0.069,失败
劣质处方,0.6,0.45,24,463,116.62,98.9,137.51,0.1537,0.0962,失败
劣质处方,0.6,0.45,24,464,110.74,95.66,128.21,0.1021,0.0855,失败
劣质处方,0.6,0.45,24,465,109.87,93.54,129.05,0.0941,0.0939,失败
劣质处方,0.6,0.45,24,466,104.17,89.76,120.89,0.0409,0.0869,通过
劣质处方,0.6,0.45,24,467,112.95,102.05,125.03,0.1218,0.0593,失败
劣质处方,0.6,0.45,24,468,117.71,102.22,135.54,0.163,0.0823,失败
劣质处方,0.6,0.45,24,469,122.33,102.34,146.22,0.2015,0.1041,失败
劣质处方,0.6,0.45,24,470,107.08,93.96,122.02,0.0684,0.0762,通过
劣质处方,0.6,0.45,24,471,113.58,101.2,127.47,0.1273,0.0673,失败
劣质处方,0.6,0.45,24,472,112.1,95.78,131.2,0.1142,0.0918,失败
劣质处方,0.6,0.45,24,473,121.39,106.6,138.24,0.1939,0.0758,失败
劣质处方,0.6,0.45,24,474,109.99,92.31,131.07,0.0953,0.1023,失败
劣质处方,0.6,0.45,24,475,108.21,90.23,129.78,0.0789,0.106,失败
劣质处方,0.6,0.45,24,476,134.23,113.18,159.2,0.2944,0.0995,失败
劣质处方,0.6,0.45,24,477,108.75,95.17,124.27,0.0839,0.0778,通过
劣质处方,0.6,0.45,24,478,107.99,92.38,126.23,0.0768,0.0911,失败
劣质处方,0.6,0.45,24,479,109.03,93.14,127.62,0.0864,0.0919,失败
劣质处方,0.6,0.45,24,480,93.99,80.76,109.38,-0.062,0.0885,通过
劣质处方,0.6,0.45,24,481,114.49,98.58,132.96,0.1353,0.0873,失败
劣质处方,0.6,0.45,24,482,96.38,88.43,105.04,-0.0369,0.0502,通过
劣质处方,0.6,0.45,24,483,121.19,97.8,150.18,0.1922,0.1251,失败
劣质处方,0.6,0.45,24,484,112.26,96.4,130.72,0.1156,0.0888,失败
劣质处方,0.6,0.45,24,485,105.73,88.28,126.63,0.0557,0.1052,失败
劣质处方,0.6,0.45,24,486,108.78,95.38,124.05,0.0841,0.0767,通过
劣质处方,0.6,0.45,24,487,106.55,91.95,123.48,0.0635,0.086,通过
劣质处方,0.6,0.45,24,488,111.26,94.78,130.6,0.1067,0.0935,失败
劣质处方,0.6,0.45,24,489,107.54,95.69,120.85,0.0727,0.0681,通过
劣质处方,0.6,0.45,24,490,108.17,91.97,127.23,0.0786,0.0947,失败
劣质处方,0.6,0.45,24,491,108.65,92.97,126.98,0.083,0.0909,失败
劣质处方,0.6,0.45,24,492,97.63,83.39,114.31,-0.024,0.092,通过
劣质处方,0.6,0.45,24,493,105.55,92.21,120.82,0.054,0.0788,通过
劣质处方,0.6,0.45,24,494,95.69,81.21,112.75,-0.0441,0.0957,通过
劣质处方,0.6,0.45,24,495,134.06,118.08,152.21,0.2932,0.0741,失败
劣质处方,0.6,0.45,24,496,105.2,90.42,122.41,0.0507,0.0884,通过
劣质处方,0.6,0.45,24,497,125.08,106.7,146.64,0.2238,0.0928,失败
劣质处方,0.6,0.45,24,498,112.37,98.02,128.81,0.1166,0.0797,失败
劣质处方,0.6,0.45,24,499,117.41,102.79,134.12,0.1605,0.0776,失败
劣质处方,0.6,0.45,24,500,107.88,92.38,125.98,0.0758,0.0905,失败
劣质处方,0.6,0.45,36,1,111.39,98.02,126.57,0.1078,0.0756,失败
劣质处方,0.6,0.45,36,2,119.78,106.29,134.98,0.1805,0.0707,失败
劣质处方,0.6,0.45,36,3,103.66,89.26,120.38,0.036,0.0885,通过
劣质处方,0.6,0.45,36,4,110.47,100.38,121.57,0.0996,0.0567,通过
劣质处方,0.6,0.45,36,5,113.76,100.46,128.83,0.1289,0.0736,失败
劣质处方,0.6,0.45,36,6,114.4,103.06,126.99,0.1346,0.0618,失败
劣质处方,0.6,0.45,36,7,103.91,92.04,117.31,0.0384,0.0718,通过
劣质处方,0.6,0.45,36,8,110.96,97.79,125.9,0.104,0.0748,失败
劣质处方,0.6,0.45,36,9,104.11,92.44,117.26,0.0403,0.0704,通过
劣质处方,0.6,0.45,36,10,99.25,87.86,112.1,-0.0076,0.0721,通过
劣质处方,0.6,0.45,36,11,106.27,91.76,123.09,0.0609,0.0869,通过
劣质处方,0.6,0.45,36,12,116.31,103.47,130.75,0.1511,0.0693,失败
劣质处方,0.6,0.45,36,13,99.95,89.26,111.93,-0.0005,0.067,通过
劣质处方,0.6,0.45,36,14,117.25,103.02,133.45,0.1592,0.0766,失败
劣质处方,0.6,0.45,36,15,109.39,97.96,122.14,0.0897,0.0653,通过
劣质处方,0.6,0.45,36,16,106.61,93.14,122.02,0.064,0.0799,通过
劣质处方,0.6,0.45,36,17,108.04,94.68,123.3,0.0774,0.0781,通过
劣质处方,0.6,0.45,36,18,96.58,86.72,107.57,-0.0348,0.0638,通过
劣质处方,0.6,0.45,36,19,106.83,95.71,119.25,0.0661,0.0651,通过
劣质处方,0.6,0.45,36,20,110.91,98.36,125.05,0.1035,0.071,失败
劣质处方,0.6,0.45,36,21,113.83,100.84,128.49,0.1295,0.0717,失败
劣质处方,0.6,0.45,36,22,102.18,91.38,114.27,0.0216,0.0661,通过
劣质处方,0.6,0.45,36,23,100.98,85.29,119.57,0.0098,0.1,通过
劣质处方,0.6,0.45,36,24,108.99,97.75,121.54,0.0861,0.0645,通过
劣质处方,0.6,0.45,36,25,118.84,105.32,134.1,0.1726,0.0715,失败
劣质处方,0.6,0.45,36,26,97.64,84.76,112.47,-0.0239,0.0837,通过
劣质处方,0.6,0.45,36,27,111.19,98.32,125.74,0.1061,0.0728,失败
劣质处方,0.6,0.45,36,28,106.42,95.66,118.39,0.0622,0.0631,通过
劣质处方,0.6,0.45,36,29,98.13,90.47,106.45,-0.0188,0.0481,通过
劣质处方,0.6,0.45,36,30,101.03,90.46,112.83,0.0102,0.0654,通过
劣质处方,0.6,0.45,36,31,106.96,93.9,121.84,0.0673,0.0771,通过
劣质处方,0.6,0.45,36,32,112.72,99.42,127.81,0.1198,0.0743,失败
劣质处方,0.6,0.45,36,33,114.49,100.76,130.08,0.1353,0.0756,失败
劣质处方,0.6,0.45,36,34,126.38,110.9,144.01,0.2341,0.0773,失败
劣质处方,0.6,0.45,36,35,116.19,101.59,132.89,0.1501,0.0795,失败
劣质处方,0.6,0.45,36,36,113.39,98.11,131.04,0.1256,0.0856,失败
劣质处方,0.6,0.45,36,37,98.89,85.33,114.6,-0.0112,0.0873,通过
劣质处方,0.6,0.45,36,38,111.76,97.63,127.94,0.1112,0.08,失败
劣质处方,0.6,0.45,36,39,127.39,114.5,141.74,0.2421,0.0632,失败
劣质处方,0.6,0.45,36,40,95.31,84.42,107.61,-0.048,0.0718,通过
劣质处方,0.6,0.45,36,41,102.95,91.99,115.22,0.0291,0.0666,通过
劣质处方,0.6,0.45,36,42,108.44,96.59,121.75,0.0811,0.0685,通过
劣质处方,0.6,0.45,36,43,117.78,105.19,131.87,0.1636,0.0669,失败
劣质处方,0.6,0.45,36,44,108.11,98.96,118.11,0.078,0.0524,通过
劣质处方,0.6,0.45,36,45,109.52,99.94,120.02,0.0909,0.0542,通过
劣质处方,0.6,0.45,36,46,98.67,87.17,111.68,-0.0134,0.0733,通过
劣质处方,0.6,0.45,36,47,110.39,97.22,125.36,0.0989,0.0752,失败
劣质处方,0.6,0.45,36,48,100.14,88.75,112.99,0.0014,0.0714,通过
劣质处方,0.6,0.45,36,49,111.46,98.81,125.73,0.1085,0.0713,失败
劣质处方,0.6,0.45,36,50,115.59,102.92,129.82,0.1449,0.0687,失败
劣质处方,0.6,0.45,36,51,128.65,113.39,145.97,0.2519,0.0747,失败
劣质处方,0.6,0.45,36,52,97.36,86.59,109.47,-0.0267,0.0694,通过
劣质处方,0.6,0.45,36,53,106.82,95.98,118.89,0.066,0.0634,通过
劣质处方,0.6,0.45,36,54,108.13,94.11,124.24,0.0782,0.0822,通过
劣质处方,0.6,0.45,36,55,120.5,108.78,133.49,0.1865,0.0606,失败
劣质处方,0.6,0.45,36,56,106.35,93.38,121.11,0.0615,0.0769,通过
劣质处方,0.6,0.45,36,57,98.45,88.4,109.65,-0.0156,0.0638,通过
劣质处方,0.6,0.45,36,58,116.3,102.35,132.16,0.151,0.0756,失败
劣质处方,0.6,0.45,36,59,105.51,93.27,119.36,0.0536,0.073,通过
劣质处方,0.6,0.45,36,60,109.79,97.16,124.06,0.0934,0.0723,通过
劣质处方,0.6,0.45,36,61,111.5,101.57,122.4,0.1089,0.0552,通过
劣质处方,0.6,0.45,36,62,104.86,92.93,118.33,0.0475,0.0715,通过
劣质处方,0.6,0.45,36,63,115.55,101.7,131.29,0.1446,0.0756,失败
劣质处方,0.6,0.45,36,64,106.72,96.17,118.43,0.065,0.0616,通过
劣质处方,0.6,0.45,36,65,108.93,96.82,122.56,0.0856,0.0698,通过
劣质处方,0.6,0.45,36,66,106.95,95.47,119.8,0.0672,0.0672,通过
劣质处方,0.6,0.45,36,67,95.5,84.33,108.14,-0.0461,0.0736,通过
劣质处方,0.6,0.45,36,68,117.52,105.23,131.26,0.1615,0.0654,失败
劣质处方,0.6,0.45,36,69,108.13,94.35,123.91,0.0782,0.0807,通过
劣质处方,0.6,0.45,36,70,113.59,98.66,130.79,0.1275,0.0834,失败
劣质处方,0.6,0.45,36,71,110.61,97.39,125.61,0.1008,0.0753,失败
劣质处方,0.6,0.45,36,72,107.28,93.83,122.66,0.0703,0.0793,通过
劣质处方,0.6,0.45,36,73,108.38,97.76,120.15,0.0805,0.061,通过
劣质处方,0.6,0.45,36,74,116.86,103.71,131.68,0.1558,0.0707,失败
劣质处方,0.6,0.45,36,75,93.66,79.6,110.19,-0.0655,0.0962,失败
劣质处方,0.6,0.45,36,76,103.03,89.73,118.31,0.0299,0.0818,通过
劣质处方,0.6,0.45,36,77,100.89,87.82,115.89,0.0088,0.0821,通过
劣质处方,0.6,0.45,36,78,94.28,83.26,106.76,-0.0589,0.0736,通过
劣质处方,0.6,0.45,36,79,109.67,97.13,123.83,0.0923,0.0719,通过
劣质处方,0.6,0.45,36,80,121.63,109.56,135.03,0.1958,0.0619,失败
劣质处方,0.6,0.45,36,81,107.32,96.79,119.01,0.0707,0.0612,通过
劣质处方,0.6,0.45,36,82,110.72,97.56,125.66,0.1019,0.0749,失败
劣质处方,0.6,0.45,36,83,118.11,103.26,135.1,0.1664,0.0795,失败
劣质处方,0.6,0.45,36,84,103.23,89.41,119.2,0.0318,0.0851,通过
劣质处方,0.6,0.45,36,85,101.44,90.2,114.08,0.0143,0.0695,通过
劣质处方,0.6,0.45,36,86,123.55,112.05,136.22,0.2115,0.0578,失败
劣质处方,0.6,0.45,36,87,105.32,91.34,121.43,0.0518,0.0843,通过
劣质处方,0.6,0.45,36,88,107.97,95.27,122.36,0.0767,0.074,通过
劣质处方,0.6,0.45,36,89,111.33,98.3,126.08,0.1073,0.0736,失败
劣质处方,0.6,0.45,36,90,113.69,101.19,127.73,0.1283,0.0689,失败
劣质处方,0.6,0.45,36,91,115.46,100.52,132.61,0.1437,0.082,失败
劣质处方,0.6,0.45,36,92,109.67,99.12,121.35,0.0923,0.0599,通过
劣质处方,0.6,0.45,36,93,108.74,95.69,123.56,0.0838,0.0756,通过
劣质处方,0.6,0.45,36,94,117.51,102.98,134.09,0.1613,0.0781,失败
劣质处方,0.6,0.45,36,95,111.78,99.11,126.08,0.1114,0.0712,失败
劣质处方,0.6,0.45,36,96,97.16,87.73,107.61,-0.0288,0.0604,通过
劣质处方,0.6,0.45,36,97,117.06,102.39,133.83,0.1575,0.0792,失败
劣质处方,0.6,0.45,36,98,100.14,89.64,111.87,0.0014,0.0655,通过
劣质处方,0.6,0.45,36,99,98.6,84.22,115.42,-0.0141,0.0933,通过
劣质处方,0.6,0.45,36,100,115.25,102.32,129.8,0.1419,0.0704,失败
劣质处方,0.6,0.45,36,101,107.65,97.62,118.7,0.0737,0.0579,通过
劣质处方,0.6,0.45,36,102,114.0,100.03,129.92,0.131,0.0774,失败
劣质处方,0.6,0.45,36,103,106.13,92.03,122.39,0.0595,0.0844,通过
劣质处方,0.6,0.45,36,104,101.74,89.28,115.94,0.0172,0.0773,通过
劣质处方,0.6,0.45,36,105,107.32,93.21,123.57,0.0707,0.0834,通过
劣质处方,0.6,0.45,36,106,105.43,93.93,118.34,0.0529,0.0683,通过
劣质处方,0.6,0.45,36,107,92.57,84.28,101.69,-0.0772,0.0556,通过
劣质处方,0.6,0.45,36,108,107.08,96.16,119.25,0.0685,0.0637,通过
劣质处方,0.6,0.45,36,109,104.76,91.86,119.47,0.0465,0.0778,通过
劣质处方,0.6,0.45,36,110,107.55,96.98,119.26,0.0727,0.0612,通过
劣质处方,0.6,0.45,36,111,112.77,99.44,127.9,0.1202,0.0745,失败
劣质处方,0.6,0.45,36,112,101.47,89.09,115.56,0.0145,0.077,通过
劣质处方,0.6,0.45,36,113,102.78,93.15,113.41,0.0275,0.0583,通过
劣质处方,0.6,0.45,36,114,110.19,100.21,121.16,0.097,0.0562,通过
劣质处方,0.6,0.45,36,115,104.42,92.43,117.96,0.0432,0.0722,通过
劣质处方,0.6,0.45,36,116,99.52,89.2,111.04,-0.0048,0.0648,通过
劣质处方,0.6,0.45,36,117,111.73,99.08,125.99,0.1109,0.0711,失败
劣质处方,0.6,0.45,36,118,116.44,103.86,130.54,0.1522,0.0677,失败
劣质处方,0.6,0.45,36,119,104.87,92.54,118.83,0.0475,0.074,通过
劣质处方,0.6,0.45,36,120,120.85,106.41,137.25,0.1894,0.0753,失败
劣质处方,0.6,0.45,36,121,109.69,95.01,126.64,0.0925,0.085,失败
劣质处方,0.6,0.45,36,122,126.88,111.61,144.24,0.2381,0.0759,失败
劣质处方,0.6,0.45,36,123,107.57,96.9,119.42,0.073,0.0618,通过
劣质处方,0.6,0.45,36,124,111.27,98.4,125.83,0.1068,0.0728,失败
劣质处方,0.6,0.45,36,125,105.5,92.65,120.13,0.0535,0.0769,通过
劣质处方,0.6,0.45,36,126,132.47,118.84,147.66,0.2812,0.0642,失败
劣质处方,0.6,0.45,36,127,116.36,103.48,130.85,0.1515,0.0694,失败
劣质处方,0.6,0.45,36,128,108.4,97.29,120.79,0.0807,0.064,通过
劣质处方,0.6,0.45,36,129,108.81,98.13,120.65,0.0844,0.0611,通过
劣质处方,0.6,0.45,36,130,104.69,95.09,115.26,0.0458,0.0569,通过
劣质处方,0.6,0.45,36,131,98.01,87.55,109.72,-0.0201,0.0668,通过
劣质处方,0.6,0.45,36,132,113.16,101.09,126.68,0.1237,0.0668,失败
劣质处方,0.6,0.45,36,133,107.94,93.31,124.87,0.0764,0.0862,通过
劣质处方,0.6,0.45,36,134,112.81,100.62,126.48,0.1205,0.0677,失败
劣质处方,0.6,0.45,36,135,112.75,101.04,125.82,0.12,0.0649,失败
劣质处方,0.6,0.45,36,136,102.07,90.24,115.47,0.0205,0.073,通过
劣质处方,0.6,0.45,36,137,111.47,98.22,126.51,0.1086,0.0749,失败
劣质处方,0.6,0.45,36,138,112.23,99.48,126.62,0.1154,0.0714,失败
劣质处方,0.6,0.45,36,139,106.41,93.07,121.65,0.0621,0.0792,通过
劣质处方,0.6,0.45,36,140,113.24,102.25,125.4,0.1243,0.0604,失败
劣质处方,0.6,0.45,36,141,116.65,105.88,128.52,0.154,0.0573,失败
劣质处方,0.6,0.45,36,142,100.12,87.81,114.16,0.0012,0.0777,通过
劣质处方,0.6,0.45,36,143,120.06,106.73,135.06,0.1828,0.0697,失败
劣质处方,0.6,0.45,36,144,105.45,92.7,119.96,0.0531,0.0763,通过
劣质处方,0.6,0.45,36,145,105.31,93.57,118.53,0.0518,0.07,通过
劣质处方,0.6,0.45,36,146,109.72,98.63,122.06,0.0928,0.0631,通过
劣质处方,0.6,0.45,36,147,98.99,89.84,109.08,-0.0101,0.0574,通过
劣质处方,0.6,0.45,36,148,113.32,101.75,126.21,0.1251,0.0638,失败
劣质处方,0.6,0.45,36,149,102.04,89.55,116.27,0.0202,0.0773,通过
劣质处方,0.6,0.45,36,150,104.69,91.18,120.21,0.0459,0.0818,通过
劣质处方,0.6,0.45,36,151,111.96,98.03,127.88,0.113,0.0787,失败
劣质处方,0.6,0.45,36,152,118.39,102.14,137.23,0.1688,0.0874,失败
劣质处方,0.6,0.45,36,153,112.76,100.7,126.26,0.1201,0.067,失败
劣质处方,0.6,0.45,36,154,115.25,102.5,129.59,0.142,0.0694,失败
劣质处方,0.6,0.45,36,155,126.54,111.29,143.88,0.2354,0.076,失败
劣质处方,0.6,0.45,36,156,95.44,86.41,105.4,-0.0467,0.0588,通过
劣质处方,0.6,0.45,36,157,128.48,114.7,143.91,0.2506,0.0671,失败
劣质处方,0.6,0.45,36,158,108.64,96.01,122.92,0.0829,0.0731,通过
劣质处方,0.6,0.45,36,159,115.1,102.2,129.63,0.1406,0.0704,失败
劣质处方,0.6,0.45,36,160,109.55,97.41,123.2,0.0912,0.0695,通过
劣质处方,0.6,0.45,36,161,100.09,88.58,113.09,0.0009,0.0723,通过
劣质处方,0.6,0.45,36,162,89.99,78.41,103.28,-0.1055,0.0815,失败
劣质处方,0.6,0.45,36,163,106.88,96.43,118.47,0.0666,0.0609,通过
劣质处方,0.6,0.45,36,164,121.55,108.48,136.21,0.1952,0.0674,失败
劣质处方,0.6,0.45,36,165,112.64,101.31,125.24,0.119,0.0627,失败
劣质处方,0.6,0.45,36,166,110.05,96.28,125.79,0.0958,0.0791,失败
劣质处方,0.6,0.45,36,167,119.81,107.63,133.37,0.1807,0.0635,失败
劣质处方,0.6,0.45,36,168,108.71,96.59,122.35,0.0835,0.07,通过
劣质处方,0.6,0.45,36,169,108.13,96.31,121.39,0.0781,0.0685,通过
劣质处方,0.6,0.45,36,170,105.93,95.01,118.11,0.0576,0.0644,通过
劣质处方,0.6,0.45,36,171,107.59,95.82,120.8,0.0731,0.0686,通过
劣质处方,0.6,0.45,36,172,99.83,89.4,111.46,-0.0017,0.0653,通过
劣质处方,0.6,0.45,36,173,107.92,96.83,120.29,0.0762,0.0642,通过
劣质处方,0.6,0.45,36,174,90.66,79.22,103.74,-0.0981,0.0798,失败
劣质处方,0.6,0.45,36,175,118.24,106.86,130.83,0.1675,0.0599,失败
劣质处方,0.6,0.45,36,176,100.29,87.2,115.35,0.0029,0.0828,通过
劣质处方,0.6,0.45,36,177,121.28,107.83,136.4,0.1929,0.0695,失败
劣质处方,0.6,0.45,36,178,116.3,104.21,129.8,0.151,0.065,失败
劣质处方,0.6,0.45,36,179,104.3,93.69,116.1,0.0421,0.0635,通过
劣质处方,0.6,0.45,36,180,109.73,94.92,126.85,0.0928,0.0858,失败
劣质处方,0.6,0.45,36,181,107.27,94.01,122.39,0.0702,0.0781,通过
劣质处方,0.6,0.45,36,182,93.03,82.13,105.37,-0.0723,0.0737,通过
劣质处方,0.6,0.45,36,183,116.24,103.97,129.97,0.1505,0.0661,失败
劣质处方,0.6,0.45,36,184,112.27,97.64,129.09,0.1157,0.0826,失败
劣质处方,0.6,0.45,36,185,116.27,103.03,131.22,0.1508,0.0716,失败
劣质处方,0.6,0.45,36,186,95.54,83.9,108.8,-0.0456,0.0769,通过
劣质处方,0.6,0.45,36,187,123.1,108.93,139.12,0.2078,0.0724,失败
劣质处方,0.6,0.45,36,188,100.42,91.45,110.28,0.0042,0.0554,通过
劣质处方,0.6,0.45,36,189,97.74,85.66,111.53,-0.0228,0.0781,通过
劣质处方,0.6,0.45,36,190,104.94,93.63,117.62,0.0482,0.0675,通过
劣质处方,0.6,0.45,36,191,105.98,94.08,119.39,0.0581,0.0705,通过
劣质处方,0.6,0.45,36,192,93.45,83.08,105.12,-0.0677,0.0696,通过
劣质处方,0.6,0.45,36,193,107.1,94.59,121.25,0.0686,0.0735,通过
劣质处方,0.6,0.45,36,194,100.59,89.87,112.58,0.0058,0.0667,通过
劣质处方,0.6,0.45,36,195,103.02,91.86,115.55,0.0298,0.0679,通过
劣质处方,0.6,0.45,36,196,110.43,94.45,129.11,0.0992,0.0925,失败
劣质处方,0.6,0.45,36,197,122.32,109.5,136.62,0.2014,0.0655,失败
劣质处方,0.6,0.45,36,198,108.65,95.58,123.51,0.083,0.0759,通过
劣质处方,0.6,0.45,36,199,119.8,108.31,132.51,0.1806,0.0597,失败
劣质处方,0.6,0.45,36,200,100.43,92.21,109.38,0.0043,0.0505,通过
劣质处方,0.6,0.45,36,201,104.94,93.47,117.82,0.0482,0.0685,通过
劣质处方,0.6,0.45,36,202,103.03,93.82,113.14,0.0298,0.0554,通过
劣质处方,0.6,0.45,36,203,106.89,96.19,118.77,0.0666,0.0624,通过
劣质处方,0.6,0.45,36,204,107.81,97.09,119.71,0.0752,0.062,通过
劣质处方,0.6,0.45,36,205,107.14,96.16,119.37,0.0689,0.064,通过
劣质处方,0.6,0.45,36,206,109.43,97.3,123.07,0.0901,0.0695,通过
劣质处方,0.6,0.45,36,207,97.23,88.2,107.17,-0.0281,0.0577,通过
劣质处方,0.6,0.45,36,208,115.46,103.74,128.49,0.1437,0.0633,失败
劣质处方,0.6,0.45,36,209,112.52,101.13,125.2,0.118,0.0632,失败
劣质处方,0.6,0.45,36,210,107.52,95.14,121.51,0.0725,0.0724,通过
劣质处方,0.6,0.45,36,211,109.13,99.74,119.4,0.0873,0.0532,通过
劣质处方,0.6,0.45,36,212,119.79,105.69,135.77,0.1806,0.0741,失败
劣质处方,0.6,0.45,36,213,107.69,94.6,122.61,0.0741,0.0768,通过
劣质处方,0.6,0.45,36,214,109.68,98.01,122.74,0.0924,0.0666,通过
劣质处方,0.6,0.45,36,215,116.74,102.51,132.95,0.1548,0.077,失败
劣质处方,0.6,0.45,36,216,120.06,104.96,137.33,0.1828,0.0796,失败
劣质处方,0.6,0.45,36,217,114.22,102.54,127.22,0.1329,0.0638,失败
劣质处方,0.6,0.45,36,218,97.24,85.7,110.34,-0.028,0.0748,通过
劣质处方,0.6,0.45,36,219,106.11,91.91,122.49,0.0593,0.085,通过
劣质处方,0.6,0.45,36,220,98.74,87.01,112.05,-0.0127,0.0748,通过
劣质处方,0.6,0.45,36,221,119.9,104.43,137.67,0.1815,0.0818,失败
劣质处方,0.6,0.45,36,222,121.71,110.43,134.15,0.1965,0.0576,失败
劣质处方,0.6,0.45,36,223,112.34,100.21,125.93,0.1163,0.0676,失败
劣质处方,0.6,0.45,36,224,110.97,96.68,127.38,0.1041,0.0816,失败
劣质处方,0.6,0.45,36,225,105.59,94.17,118.4,0.0544,0.0678,通过
劣质处方,0.6,0.45,36,226,95.57,83.21,109.77,-0.0453,0.082,通过
劣质处方,0.6,0.45,36,227,116.36,104.81,129.19,0.1515,0.0619,失败
劣质处方,0.6,0.45,36,228,130.02,115.55,146.3,0.2625,0.0698,失败
劣质处方,0.6,0.45,36,229,117.7,102.79,134.78,0.163,0.0802,失败
劣质处方,0.6,0.45,36,230,100.22,88.34,113.71,0.0022,0.0747,通过
劣质处方,0.6,0.45,36,231,112.33,101.77,123.98,0.1162,0.0584,通过
劣质处方,0.6,0.45,36,232,112.5,100.73,125.65,0.1178,0.0654,失败
劣质处方,0.6,0.45,36,233,100.27,88.44,113.68,0.0027,0.0743,通过
劣质处方,0.6,0.45,36,234,125.83,113.63,139.34,0.2298,0.0604,失败
劣质处方,0.6,0.45,36,235,116.48,103.04,131.66,0.1525,0.0725,失败
劣质处方,0.6,0.45,36,236,117.54,102.67,134.57,0.1616,0.0801,失败
劣质处方,0.6,0.45,36,237,113.93,101.49,127.9,0.1304,0.0684,失败
劣质处方,0.6,0.45,36,238,113.03,101.69,125.63,0.1225,0.0626,失败
劣质处方,0.6,0.45,36,239,119.56,104.69,136.56,0.1787,0.0787,失败
劣质处方,0.6,0.45,36,240,103.41,92.9,115.12,0.0336,0.0635,通过
劣质处方,0.6,0.45,36,241,103.27,90.65,117.65,0.0322,0.0771,通过
劣质处方,0.6,0.45,36,242,96.63,86.44,108.03,-0.0342,0.066,通过
劣质处方,0.6,0.45,36,243,107.9,94.95,122.61,0.076,0.0757,通过
劣质处方,0.6,0.45,36,244,100.78,86.94,116.83,0.0078,0.0875,通过
劣质处方,0.6,0.45,36,245,107.98,95.3,122.35,0.0768,0.0739,通过
劣质处方,0.6,0.45,36,246,108.67,94.98,124.33,0.0831,0.0797,通过
劣质处方,0.6,0.45,36,247,131.99,118.23,147.34,0.2775,0.0652,失败
劣质处方,0.6,0.45,36,248,111.25,97.1,127.46,0.1066,0.0805,失败
劣质处方,0.6,0.45,36,249,108.28,95.19,123.18,0.0796,0.0763,通过
劣质处方,0.6,0.45,36,250,106.62,92.71,122.62,0.0641,0.0827,通过
劣质处方,0.6,0.45,36,251,116.82,103.46,131.91,0.1555,0.0719,失败
劣质处方,0.6,0.45,36,252,121.88,109.52,135.64,0.1979,0.0633,失败
劣质处方,0.6,0.45,36,253,99.21,89.57,109.9,-0.0079,0.0605,通过
劣质处方,0.6,0.45,36,254,110.8,97.92,125.38,0.1026,0.0732,失败
劣质处方,0.6,0.45,36,255,112.63,100.72,125.95,0.1189,0.0662,失败
劣质处方,0.6,0.45,36,256,114.13,102.07,127.61,0.1322,0.0661,失败
劣质处方,0.6,0.45,36,257,111.21,95.48,129.53,0.1063,0.0902,失败
劣质处方,0.6,0.45,36,258,120.32,108.46,133.48,0.185,0.0614,失败
劣质处方,0.6,0.45,36,259,115.37,103.14,129.05,0.143,0.0663,失败
劣质处方,0.6,0.45,36,260,114.09,100.53,129.47,0.1318,0.0749,失败
劣质处方,0.6,0.45,36,261,112.48,101.08,125.17,0.1176,0.0633,失败
劣质处方,0.6,0.45,36,262,104.43,91.96,118.59,0.0433,0.0753,通过
劣质处方,0.6,0.45,36,263,113.69,98.79,130.82,0.1283,0.0831,失败
劣质处方,0.6,0.45,36,264,112.04,100.74,124.61,0.1137,0.0629,通过
劣质处方,0.6,0.45,36,265,106.51,92.45,122.7,0.0631,0.0838,通过
劣质处方,0.6,0.45,36,266,115.94,103.3,130.12,0.1479,0.0683,失败
劣质处方,0.6,0.45,36,267,126.24,110.39,144.37,0.233,0.0794,失败
劣质处方,0.6,0.45,36,268,123.88,108.68,141.21,0.2142,0.0775,失败
劣质处方,0.6,0.45,36,269,87.72,80.39,95.73,-0.131,0.0517,通过
劣质处方,0.6,0.45,36,270,118.83,106.06,133.14,0.1726,0.0673,失败
劣质处方,0.6,0.45,36,271,111.38,95.28,130.19,0.1078,0.0924,失败
劣质处方,0.6,0.45,36,272,93.69,84.56,103.8,-0.0652,0.0607,通过
劣质处方,0.6,0.45,36,273,107.02,94.6,121.06,0.0678,0.073,通过
劣质处方,0.6,0.45,36,274,118.25,99.72,140.23,0.1676,0.1009,失败
劣质处方,0.6,0.45,36,275,97.07,86.78,108.57,-0.0298,0.0663,通过
劣质处方,0.6,0.45,36,276,97.13,83.56,112.89,-0.0292,0.089,通过
劣质处方,0.6,0.45,36,277,120.1,105.92,136.18,0.1832,0.0744,失败
劣质处方,0.6,0.45,36,278,118.41,104.2,134.55,0.169,0.0756,失败
劣质处方,0.6,0.45,36,279,107.69,96.22,120.53,0.0741,0.0667,通过
劣质处方,0.6,0.45,36,280,108.33,96.49,121.61,0.08,0.0685,通过
劣质处方,0.6,0.45,36,281,104.54,91.14,119.9,0.0444,0.0812,通过
劣质处方,0.6,0.45,36,282,99.25,86.16,114.32,-0.0076,0.0837,通过
劣质处方,0.6,0.45,36,283,108.96,97.16,122.19,0.0858,0.0678,通过
劣质处方,0.6,0.45,36,284,117.12,99.57,137.77,0.158,0.0961,失败
劣质处方,0.6,0.45,36,285,113.56,99.2,130.0,0.1271,0.08,失败
劣质处方,0.6,0.45,36,286,112.23,99.66,126.38,0.1154,0.0703,失败
劣质处方,0.6,0.45,36,287,104.79,93.3,117.69,0.0467,0.0687,通过
劣质处方,0.6,0.45,36,288,104.92,92.62,118.86,0.048,0.0738,通过
劣质处方,0.6,0.45,36,289,114.68,102.03,128.89,0.1369,0.0692,失败
劣质处方,0.6,0.45,36,290,109.17,94.78,125.74,0.0877,0.0837,失败
劣质处方,0.6,0.45,36,291,105.57,91.46,121.86,0.0542,0.0849,通过
劣质处方,0.6,0.45,36,292,119.22,105.36,134.9,0.1758,0.0731,失败
劣质处方,0.6,0.45,36,293,126.99,114.27,141.14,0.239,0.0625,失败
劣质处方,0.6,0.45,36,294,102.08,92.5,112.66,0.0206,0.0583,通过
劣质处方,0.6,0.45,36,295,120.85,108.79,134.26,0.1894,0.0623,失败
劣质处方,0.6,0.45,36,296,117.44,105.62,130.58,0.1607,0.0628,失败
劣质处方,0.6,0.45,36,297,105.72,94.58,118.18,0.0556,0.0659,通过
劣质处方,0.6,0.45,36,298,109.84,97.18,124.14,0.0938,0.0725,通过
劣质处方,0.6,0.45,36,299,112.73,100.31,126.69,0.1199,0.0691,失败
劣质处方,0.6,0.45,36,300,122.06,108.15,137.76,0.1993,0.0716,失败
劣质处方,0.6,0.45,36,301,110.4,99.38,122.64,0.0989,0.0622,通过
劣质处方,0.6,0.45,36,302,108.65,96.92,121.8,0.083,0.0676,通过
劣质处方,0.6,0.45,36,303,112.14,100.19,125.51,0.1146,0.0667,失败
劣质处方,0.6,0.45,36,304,100.22,87.39,114.94,0.0022,0.0811,通过
劣质处方,0.6,0.45,36,305,95.5,84.57,107.84,-0.046,0.0719,通过
劣质处方,0.6,0.45,36,306,99.18,89.6,109.79,-0.0082,0.0601,通过
劣质处方,0.6,0.45,36,307,105.52,92.13,120.85,0.0537,0.0803,通过
劣质处方,0.6,0.45,36,308,111.85,97.64,128.14,0.112,0.0804,失败
劣质处方,0.6,0.45,36,309,116.38,106.53,127.14,0.1517,0.0523,失败
劣质处方,0.6,0.45,36,310,113.89,101.64,127.62,0.1301,0.0674,失败
劣质处方,0.6,0.45,36,311,98.11,85.85,112.12,-0.0191,0.079,通过
劣质处方,0.6,0.45,36,312,103.18,91.08,116.9,0.0313,0.0739,通过
劣质处方,0.6,0.45,36,313,98.63,85.85,113.32,-0.0138,0.0822,通过
劣质处方,0.6,0.45,36,314,118.68,106.17,132.67,0.1713,0.0659,失败
劣质处方,0.6,0.45,36,315,112.37,100.8,125.26,0.1166,0.0643,失败
劣质处方,0.6,0.45,36,316,119.72,106.34,134.78,0.18,0.0701,失败
劣质处方,0.6,0.45,36,317,107.2,94.49,121.62,0.0695,0.0747,通过
劣质处方,0.6,0.45,36,318,111.96,99.44,126.05,0.1129,0.0702,失败
劣质处方,0.6,0.45,36,319,108.69,97.86,120.71,0.0833,0.0621,通过
劣质处方,0.6,0.45,36,320,106.26,96.58,116.92,0.0608,0.0566,通过
劣质处方,0.6,0.45,36,321,110.83,97.85,125.53,0.1028,0.0737,失败
劣质处方,0.6,0.45,36,322,98.63,88.71,109.65,-0.0138,0.0627,通过
劣质处方,0.6,0.45,36,323,107.73,95.15,121.97,0.0745,0.0735,通过
劣质处方,0.6,0.45,36,324,116.61,107.56,126.42,0.1537,0.0478,失败
劣质处方,0.6,0.45,36,325,107.15,95.27,120.51,0.069,0.0696,通过
劣质处方,0.6,0.45,36,326,105.12,94.03,117.51,0.0499,0.066,通过
劣质处方,0.6,0.45,36,327,114.4,101.31,129.18,0.1345,0.0719,失败
劣质处方,0.6,0.45,36,328,106.04,96.34,116.71,0.0586,0.0568,通过
劣质处方,0.6,0.45,36,329,112.27,98.94,127.41,0.1158,0.0748,失败
劣质处方,0.6,0.45,36,330,106.82,93.63,121.87,0.066,0.078,通过
劣质处方,0.6,0.45,36,331,101.52,87.23,118.15,0.0151,0.0898,通过
劣质处方,0.6,0.45,36,332,95.59,83.26,109.75,-0.0451,0.0817,通过
劣质处方,0.6,0.45,36,333,118.99,107.14,132.16,0.1739,0.0621,失败
劣质处方,0.6,0.45,36,334,111.75,99.61,125.38,0.1111,0.0681,失败
劣质处方,0.6,0.45,36,335,105.83,92.7,120.81,0.0566,0.0784,通过
劣质处方,0.6,0.45,36,336,111.27,97.56,126.91,0.1068,0.0778,失败
劣质处方,0.6,0.45,36,337,115.42,103.4,128.85,0.1434,0.0651,失败
劣质处方,0.6,0.45,36,338,93.74,85.74,102.48,-0.0646,0.0528,通过
劣质处方,0.6,0.45,36,339,101.38,88.49,116.14,0.0137,0.0804,通过
劣质处方,0.6,0.45,36,340,112.82,99.94,127.37,0.1206,0.0718,失败
劣质处方,0.6,0.45,36,341,111.73,98.84,126.3,0.1109,0.0725,失败
劣质处方,0.6,0.45,36,342,123.57,110.15,138.62,0.2116,0.068,失败
劣质处方,0.6,0.45,36,343,112.28,100.88,124.98,0.1159,0.0634,通过
劣质处方,0.6,0.45,36,344,129.96,120.02,140.73,0.2621,0.0471,失败
劣质处方,0.6,0.45,36,345,99.67,86.26,115.17,-0.0033,0.0855,通过
劣质处方,0.6,0.45,36,346,115.99,103.31,130.23,0.1484,0.0685,失败
劣质处方,0.6,0.45,36,347,101.85,90.43,114.7,0.0183,0.0703,通过
劣质处方,0.6,0.45,36,348,100.2,87.06,115.32,0.002,0.0832,通过
劣质处方,0.6,0.45,36,349,123.2,109.22,138.97,0.2086,0.0713,失败
劣质处方,0.6,0.45,36,350,100.81,89.65,113.36,0.0081,0.0694,通过
劣质处方,0.6,0.45,36,351,105.88,93.75,119.58,0.0571,0.072,通过
劣质处方,0.6,0.45,36,352,112.96,100.67,126.75,0.1219,0.0682,失败
劣质处方,0.6,0.45,36,353,109.68,98.77,121.8,0.0924,0.062,通过
劣质处方,0.6,0.45,36,354,111.61,98.78,126.12,0.1099,0.0723,失败
劣质处方,0.6,0.45,36,355,98.85,89.76,108.86,-0.0116,0.0571,通过
劣质处方,0.6,0.45,36,356,115.34,100.22,132.74,0.1427,0.0831,失败
劣质处方,0.6,0.45,36,357,97.39,84.81,111.84,-0.0264,0.0819,通过
劣质处方,0.6,0.45,36,358,99.7,89.62,110.93,-0.003,0.0631,通过
劣质处方,0.6,0.45,36,359,114.15,102.38,127.29,0.1324,0.0645,失败
劣质处方,0.6,0.45,36,360,104.9,92.39,119.1,0.0478,0.0751,通过
劣质处方,0.6,0.45,36,361,106.11,92.92,121.17,0.0593,0.0785,通过
劣质处方,0.6,0.45,36,362,106.33,96.27,117.44,0.0614,0.0588,通过
劣质处方,0.6,0.45,36,363,107.47,96.07,120.22,0.072,0.0664,通过
劣质处方,0.6,0.45,36,364,102.72,91.33,115.54,0.0269,0.0696,通过
劣质处方,0.6,0.45,36,365,103.27,88.56,120.43,0.0322,0.091,通过
劣质处方,0.6,0.45,36,366,111.24,98.89,125.13,0.1065,0.0696,失败
劣质处方,0.6,0.45,36,367,96.71,86.44,108.21,-0.0334,0.0665,通过
劣质处方,0.6,0.45,36,368,112.24,100.55,125.29,0.1155,0.0651,失败
劣质处方,0.6,0.45,36,369,113.41,98.61,130.44,0.1259,0.0828,失败
劣质处方,0.6,0.45,36,370,109.23,97.81,121.98,0.0883,0.0654,通过
劣质处方,0.6,0.45,36,371,116.06,102.93,130.87,0.149,0.0711,失败
劣质处方,0.6,0.45,36,372,114.85,102.62,128.54,0.1385,0.0667,失败
劣质处方,0.6,0.45,36,373,105.25,95.24,116.3,0.0511,0.0591,通过
劣质处方,0.6,0.45,36,374,114.52,97.45,134.57,0.1355,0.0955,失败
劣质处方,0.6,0.45,36,375,119.82,106.23,135.15,0.1808,0.0712,失败
劣质处方,0.6,0.45,36,376,105.6,91.53,121.83,0.0545,0.0846,通过
劣质处方,0.6,0.45,36,377,113.68,99.66,129.67,0.1282,0.0779,失败
劣质处方,0.6,0.45,36,378,120.78,109.89,132.74,0.1888,0.0559,失败
劣质处方,0.6,0.45,36,379,107.43,94.5,122.13,0.0717,0.0759,通过
劣质处方,0.6,0.45,36,380,124.87,110.99,140.49,0.2221,0.0698,失败
劣质处方,0.6,0.45,36,381,110.86,98.35,124.96,0.1031,0.0709,通过
劣质处方,0.6,0.45,36,382,111.2,99.33,124.48,0.1061,0.0668,通过
劣质处方,0.6,0.45,36,383,113.31,103.77,123.73,0.125,0.0521,通过
劣质处方,0.6,0.45,36,384,109.05,98.08,121.26,0.0867,0.0628,通过
劣质处方,0.6,0.45,36,385,112.3,97.69,129.09,0.116,0.0825,失败
劣质处方,0.6,0.45,36,386,104.05,91.94,117.76,0.0397,0.0732,通过
劣质处方,0.6,0.45,36,387,108.75,93.96,125.87,0.0839,0.0865,失败
劣质处方,0.6,0.45,36,388,98.79,88.71,110.02,-0.0121,0.0637,通过
劣质处方,0.6,0.45,36,389,106.82,93.28,122.33,0.066,0.0802,通过
劣质处方,0.6,0.45,36,390,104.0,90.67,119.29,0.0392,0.0812,通过
劣质处方,0.6,0.45,36,391,110.12,96.01,126.3,0.0964,0.0812,失败
劣质处方,0.6,0.45,36,392,111.4,98.43,126.07,0.1079,0.0732,失败
劣质处方,0.6,0.45,36,393,117.55,105.6,130.85,0.1617,0.0634,失败
劣质处方,0.6,0.45,36,394,116.31,101.54,133.23,0.1511,0.0804,失败
劣质处方,0.6,0.45,36,395,115.01,101.13,130.79,0.1398,0.0761,失败
劣质处方,0.6,0.45,36,396,120.69,108.77,133.93,0.1881,0.0616,失败
劣质处方,0.6,0.45,36,397,108.64,97.45,121.1,0.0828,0.0643,通过
劣质处方,0.6,0.45,36,398,124.22,109.5,140.93,0.2169,0.0747,失败
劣质处方,0.6,0.45,36,399,120.2,108.52,133.15,0.184,0.0605,失败
劣质处方,0.6,0.45,36,400,118.82,103.83,135.97,0.1724,0.0798,失败
劣质处方,0.6,0.45,36,401,132.88,118.83,148.59,0.2842,0.0661,失败
劣质处方,0.6,0.45,36,402,119.82,106.95,134.25,0.1808,0.0673,失败
劣质处方,0.6,0.45,36,403,94.59,84.62,105.72,-0.0557,0.0659,通过
劣质处方,0.6,0.45,36,404,124.65,110.68,140.39,0.2204,0.0703,失败
劣质处方,0.6,0.45,36,405,107.57,96.38,120.05,0.073,0.065,通过
劣质处方,0.6,0.45,36,406,109.63,98.18,122.43,0.092,0.0653,通过
劣质处方,0.6,0.45,36,407,96.28,85.44,108.51,-0.0379,0.0707,通过
劣质处方,0.6,0.45,36,408,106.15,94.67,119.03,0.0597,0.0678,通过
劣质处方,0.6,0.45,36,409,116.1,102.78,131.14,0.1493,0.0721,失败
劣质处方,0.6,0.45,36,410,100.14,87.72,114.31,0.0014,0.0784,通过
劣质处方,0.6,0.45,36,411,111.48,97.71,127.19,0.1087,0.078,失败
劣质处方,0.6,0.45,36,412,122.67,109.81,137.02,0.2043,0.0655,失败
劣质处方,0.6,0.45,36,413,125.43,110.47,142.43,0.2266,0.0752,失败
劣质处方,0.6,0.45,36,414,125.31,113.27,138.62,0.2256,0.0598,失败
劣质处方,0.6,0.45,36,415,114.73,102.86,127.96,0.1374,0.0646,失败
劣质处方,0.6,0.45,36,416,111.06,98.68,125.0,0.1049,0.07,失败
劣质处方,0.6,0.45,36,417,101.62,88.14,117.15,0.0161,0.0842,通过
劣质处方,0.6,0.45,36,418,119.37,105.03,135.67,0.1771,0.0757,失败
劣质处方,0.6,0.45,36,419,106.5,91.8,123.56,0.063,0.0879,通过
劣质处方,0.6,0.45,36,420,112.17,99.58,126.35,0.1148,0.0704,失败
劣质处方,0.6,0.45,36,421,102.36,91.22,114.86,0.0233,0.0682,通过
劣质处方,0.6,0.45,36,422,120.6,106.65,136.38,0.1873,0.0728,失败
劣质处方,0.6,0.45,36,423,101.29,90.28,113.64,0.0128,0.0681,通过
劣质处方,0.6,0.45,36,424,113.18,99.96,128.16,0.1238,0.0736,失败
劣质处方,0.6,0.45,36,425,111.34,101.05,122.67,0.1074,0.0574,通过
劣质处方,0.6,0.45,36,426,113.05,99.34,128.64,0.1226,0.0765,失败
劣质处方,0.6,0.45,36,427,99.53,87.66,113.0,-0.0047,0.0752,通过
劣质处方,0.6,0.45,36,428,123.69,112.04,136.55,0.2126,0.0585,失败
劣质处方,0.6,0.45,36,429,107.77,96.1,120.86,0.0748,0.0678,通过
劣质处方,0.6,0.45,36,430,113.19,99.39,128.92,0.1239,0.077,失败
劣质处方,0.6,0.45,36,431,98.86,84.58,115.55,-0.0115,0.0923,通过
劣质处方,0.6,0.45,36,432,106.36,95.35,118.66,0.0617,0.0647,通过
劣质处方,0.6,0.45,36,433,102.86,90.28,117.18,0.0282,0.0772,通过
劣质处方,0.6,0.45,36,434,108.02,96.74,120.63,0.0772,0.0653,通过
劣质处方,0.6,0.45,36,435,108.3,97.72,120.03,0.0797,0.0609,通过
劣质处方,0.6,0.45,36,436,102.02,91.22,114.1,0.02,0.0662,通过
劣质处方,0.6,0.45,36,437,101.71,90.08,114.85,0.017,0.0719,通过
劣质处方,0.6,0.45,36,438,100.6,88.67,114.13,0.0059,0.0747,通过
劣质处方,0.6,0.45,36,439,104.16,92.33,117.52,0.0408,0.0714,通过
劣质处方,0.6,0.45,36,440,124.5,106.92,144.96,0.2191,0.0901,失败
劣质处方,0.6,0.45,36,441,110.49,98.42,124.05,0.0998,0.0685,通过
劣质处方,0.6,0.45,36,442,102.34,90.53,115.71,0.0232,0.0726,通过
劣质处方,0.6,0.45,36,443,107.26,95.07,121.0,0.0701,0.0714,通过
劣质处方,0.6,0.45,36,444,107.51,92.58,124.86,0.0724,0.0885,通过
劣质处方,0.6,0.45,36,445,112.23,101.41,124.2,0.1154,0.06,通过
劣质处方,0.6,0.45,36,446,112.16,97.53,128.99,0.1148,0.0827,失败
劣质处方,0.6,0.45,36,447,107.01,93.23,122.83,0.0678,0.0816,通过
劣质处方,0.6,0.45,36,448,98.0,86.02,111.64,-0.0202,0.0771,通过
劣质处方,0.6,0.45,36,449,105.88,92.78,120.83,0.0571,0.0782,通过
劣质处方,0.6,0.45,36,450,105.35,92.6,119.86,0.0521,0.0763,通过
劣质处方,0.6,0.45,36,451,111.32,98.92,125.28,0.1073,0.0699,失败
劣质处方,0.6,0.45,36,452,107.36,96.93,118.91,0.071,0.0605,通过
劣质处方,0.6,0.45,36,453,106.66,96.5,117.9,0.0645,0.0593,通过
劣质处方,0.6,0.45,36,454,102.7,92.8,113.66,0.0267,0.06,通过
劣质处方,0.6,0.45,36,455,106.95,95.41,119.88,0.0672,0.0675,通过
劣质处方,0.6,0.45,36,456,110.93,99.14,124.12,0.1037,0.0665,通过
劣质处方,0.6,0.45,36,457,110.98,99.94,123.24,0.1042,0.062,通过
劣质处方,0.6,0.45,36,458,119.88,105.0,136.88,0.1813,0.0785,失败
劣质处方,0.6,0.45,36,459,112.62,101.89,124.48,0.1188,0.0593,通过
劣质处方,0.6,0.45,36,460,91.33,80.39,103.76,-0.0907,0.0755,通过
劣质处方,0.6,0.45,36,461,110.92,100.8,122.06,0.1036,0.0566,通过
劣质处方,0.6,0.45,36,462,112.26,101.87,123.71,0.1157,0.0575,通过
劣质处方,0.6,0.45,36,463,110.46,97.21,125.51,0.0995,0.0756,失败
劣质处方,0.6,0.45,36,464,104.93,93.14,118.21,0.0481,0.0705,通过
劣质处方,0.6,0.45,36,465,113.45,99.97,128.76,0.1262,0.0749,失败
劣质处方,0.6,0.45,36,466,110.83,98.79,124.33,0.1028,0.068,通过
劣质处方,0.6,0.45,36,467,105.38,97.25,114.2,0.0524,0.0476,通过
劣质处方,0.6,0.45,36,468,105.21,90.71,122.03,0.0508,0.0878,通过
劣质处方,0.6,0.45,36,469,94.53,84.18,106.16,-0.0562,0.0687,通过
劣质处方,0.6,0.45,36,470,105.39,93.9,118.28,0.0525,0.0683,通过
劣质处方,0.6,0.45,36,471,121.99,105.48,141.07,0.1987,0.086,失败
劣质处方,0.6,0.45,36,472,96.52,84.38,110.41,-0.0354,0.0795,通过
劣质处方,0.6,0.45,36,473,120.76,108.07,134.95,0.1887,0.0657,失败
劣质处方,0.6,0.45,36,474,110.57,100.62,121.5,0.1004,0.0558,通过
劣质处方,0.6,0.45,36,475,114.24,100.11,130.37,0.1331,0.0782,失败
劣质处方,0.6,0.45,36,476,109.67,96.25,124.96,0.0923,0.0773,通过
劣质处方,0.6,0.45,36,477,106.68,92.8,122.65,0.0647,0.0825,通过
劣质处方,0.6,0.45,36,478,112.05,100.64,124.75,0.1137,0.0636,通过
劣质处方,0.6,0.45,36,479,98.82,86.24,113.23,-0.0119,0.0806,通过
劣质处方,0.6,0.45,36,480,97.88,87.68,109.26,-0.0214,0.0651,通过
劣质处方,0.6,0.45,36,481,123.38,108.14,140.77,0.2101,0.078,失败
劣质处方,0.6,0.45,36,482,96.39,82.83,112.16,-0.0368,0.0897,通过
劣质处方,0.6,0.45,36,483,120.04,106.4,135.43,0.1827,0.0714,失败
劣质处方,0.6,0.45,36,484,125.14,112.91,138.71,0.2243,0.0609,失败
劣质处方,0.6,0.45,36,485,109.43,94.86,126.23,0.0901,0.0845,失败
劣质处方,0.6,0.45,36,486,114.41,99.59,131.42,0.1346,0.0821,失败
劣质处方,0.6,0.45,36,487,118.02,104.68,133.06,0.1657,0.071,失败
劣质处方,0.6,0.45,36,488,98.36,87.4,110.69,-0.0165,0.0699,通过
劣质处方,0.6,0.45,36,489,106.24,94.87,118.97,0.0605,0.067,通过
劣质处方,0.6,0.45,36,490,104.64,92.32,118.6,0.0453,0.0741,通过
劣质处方,0.6,0.45,36,491,119.41,105.39,135.28,0.1774,0.0739,失败
劣质处方,0.6,0.45,36,492,100.15,89.03,112.66,0.0015,0.0696,通过
劣质处方,0.6,0.45,36,493,109.13,98.21,121.27,0.0874,0.0624,通过
劣质处方,0.6,0.45,36,494,106.89,93.08,122.74,0.0666,0.0819,通过
劣质处方,0.6,0.45,36,495,106.38,93.36,121.2,0.0618,0.0772,通过
劣质处方,0.6,0.45,36,496,108.53,94.24,124.98,0.0818,0.0835,通过
劣质处方,0.6,0.45,36,497,111.45,97.13,127.89,0.1084,0.0814,失败
劣质处方,0.6,0.45,36,498,105.35,93.48,118.71,0.0521,0.0707,通过
劣质处方,0.6,0.45,36,499,111.17,100.24,123.29,0.1059,0.0613,通过
劣质处方,0.6,0.45,36,500,109.25,94.49,126.32,0.0885,0.0859,失败
劣质处方,0.6,0.45,48,1,98.77,88.91,109.73,-0.0123,0.0627,通过
劣质处方,0.6,0.45,48,2,107.17,97.16,118.22,0.0693,0.0585,通过
劣质处方,0.6,0.45,48,3,109.44,97.97,122.25,0.0902,0.066,通过
劣质处方,0.6,0.45,48,4,99.25,89.66,109.87,-0.0075,0.0606,通过
劣质处方,0.6,0.45,48,5,102.64,94.03,112.05,0.0261,0.0523,通过
劣质处方,0.6,0.45,48,6,116.28,105.12,128.63,0.1508,0.0601,失败
劣质处方,0.6,0.45,48,7,122.64,111.46,134.94,0.2041,0.057,失败
劣质处方,0.6,0.45,48,8,104.37,94.05,115.82,0.0428,0.062,通过
劣质处方,0.6,0.45,48,9,129.69,115.49,145.63,0.26,0.0691,失败
劣质处方,0.6,0.45,48,10,113.56,102.74,125.51,0.1271,0.0597,失败
劣质处方,0.6,0.45,48,11,120.51,107.73,134.81,0.1865,0.0668,失败
劣质处方,0.6,0.45,48,12,114.58,102.18,128.49,0.1361,0.0683,失败
劣质处方,0.6,0.45,48,13,109.74,98.68,122.04,0.093,0.0633,通过
劣质处方,0.6,0.45,48,14,113.43,99.52,129.3,0.126,0.078,失败
劣质处方,0.6,0.45,48,15,102.5,91.91,114.31,0.0247,0.065,通过
劣质处方,0.6,0.45,48,16,112.13,101.17,124.28,0.1145,0.0613,通过
劣质处方,0.6,0.45,48,17,115.03,104.1,127.11,0.14,0.0595,失败
劣质处方,0.6,0.45,48,18,103.97,93.4,115.72,0.0389,0.0639,通过
劣质处方,0.6,0.45,48,19,107.45,96.81,119.26,0.0718,0.0621,通过
劣质处方,0.6,0.45,48,20,109.27,98.46,121.27,0.0887,0.0621,通过
劣质处方,0.6,0.45,48,21,101.75,92.33,112.13,0.0174,0.0579,通过
劣质处方,0.6,0.45,48,22,106.88,96.07,118.9,0.0665,0.0636,通过
劣质处方,0.6,0.45,48,23,108.04,96.68,120.73,0.0773,0.0662,通过
劣质处方,0.6,0.45,48,24,106.46,95.31,118.91,0.0626,0.0659,通过
劣质处方,0.6,0.45,48,25,107.41,96.09,120.06,0.0715,0.0664,通过
劣质处方,0.6,0.45,48,26,115.67,104.28,128.29,0.1455,0.0617,失败
劣质处方,0.6,0.45,48,27,112.23,100.0,125.97,0.1154,0.0688,失败
劣质处方,0.6,0.45,48,28,122.63,109.65,137.15,0.204,0.0667,失败
劣质处方,0.6,0.45,48,29,112.54,100.88,125.54,0.1181,0.0652,失败
劣质处方,0.6,0.45,48,30,116.59,106.13,128.09,0.1535,0.056,失败
劣质处方,0.6,0.45,48,31,101.91,92.2,112.64,0.0189,0.0597,通过
劣质处方,0.6,0.45,48,32,109.4,98.16,121.93,0.0899,0.0646,通过
劣质处方,0.6,0.45,48,33,114.66,106.67,123.24,0.1368,0.043,通过
劣质处方,0.6,0.45,48,34,113.98,100.88,128.78,0.1308,0.0728,失败
劣质处方,0.6,0.45,48,35,92.22,83.04,102.41,-0.081,0.0625,通过
劣质处方,0.6,0.45,48,36,105.19,95.52,115.83,0.0506,0.0574,通过
劣质处方,0.6,0.45,48,37,110.62,99.21,123.34,0.1009,0.0649,通过
劣质处方,0.6,0.45,48,38,111.16,99.47,124.22,0.1058,0.0662,通过
劣质处方,0.6,0.45,48,39,108.38,96.81,121.32,0.0804,0.0672,通过
劣质处方,0.6,0.45,48,40,104.69,94.51,115.96,0.0458,0.061,通过
劣质处方,0.6,0.45,48,41,107.54,97.98,118.03,0.0727,0.0555,通过
劣质处方,0.6,0.45,48,42,105.24,94.13,117.65,0.051,0.0665,通过
劣质处方,0.6,0.45,48,43,114.72,101.83,129.23,0.1373,0.071,失败
劣质处方,0.6,0.45,48,44,98.52,89.07,108.98,-0.0149,0.0601,通过
劣质处方,0.6,0.45,48,45,101.96,92.6,112.27,0.0194,0.0574,通过
劣质处方,0.6,0.45,48,46,116.11,104.75,128.7,0.1494,0.0613,失败
劣质处方,0.6,0.45,48,47,108.93,99.87,118.8,0.0855,0.0517,通过
劣质处方,0.6,0.45,48,48,107.62,97.83,118.38,0.0734,0.0568,通过
劣质处方,0.6,0.45,48,49,105.69,95.06,117.51,0.0554,0.0632,通过
劣质处方,0.6,0.45,48,50,117.11,106.13,129.23,0.158,0.0587,失败
劣质处方,0.6,0.45,48,51,103.45,94.3,113.49,0.0339,0.0552,通过
劣质处方,0.6,0.45,48,52,116.41,106.39,127.37,0.1519,0.0536,失败
劣质处方,0.6,0.45,48,53,100.77,89.82,113.05,0.0077,0.0685,通过
劣质处方,0.6,0.45,48,54,102.35,91.72,114.2,0.0232,0.0653,通过
劣质处方,0.6,0.45,48,55,113.94,102.49,126.66,0.1305,0.0631,失败
劣质处方,0.6,0.45,48,56,111.47,101.55,122.35,0.1086,0.0555,通过
劣质处方,0.6,0.45,48,57,111.14,101.07,122.21,0.1056,0.0566,通过
劣质处方,0.6,0.45,48,58,111.97,98.44,127.36,0.1131,0.0768,失败
劣质处方,0.6,0.45,48,59,114.06,103.6,125.58,0.1316,0.0573,失败
劣质处方,0.6,0.45,48,60,108.96,96.79,122.67,0.0858,0.0706,通过
劣质处方,0.6,0.45,48,61,112.92,101.82,125.23,0.1215,0.0617,失败
劣质处方,0.6,0.45,48,62,104.55,92.07,118.72,0.0445,0.0757,通过
劣质处方,0.6,0.45,48,63,107.0,97.54,117.37,0.0676,0.0551,通过
劣质处方,0.6,0.45,48,64,113.09,102.27,125.06,0.123,0.0599,失败
劣质处方,0.6,0.45,48,65,116.01,105.58,127.46,0.1485,0.0561,失败
劣质处方,0.6,0.45,48,66,103.16,92.38,115.21,0.0311,0.0658,通过
劣质处方,0.6,0.45,48,67,109.99,101.07,119.69,0.0952,0.0504,通过
劣质处方,0.6,0.45,48,68,105.62,96.57,115.52,0.0547,0.0534,通过
劣质处方,0.6,0.45,48,69,106.27,95.5,118.25,0.0608,0.0637,通过
劣质处方,0.6,0.45,48,70,112.62,101.26,125.26,0.1188,0.0634,失败
劣质处方,0.6,0.45,48,71,109.72,99.18,121.38,0.0928,0.0602,通过
劣质处方,0.6,0.45,48,72,106.99,95.57,119.77,0.0676,0.0672,通过
劣质处方,0.6,0.45,48,73,110.66,98.56,124.24,0.1013,0.069,通过
劣质处方,0.6,0.45,48,74,106.2,95.02,118.68,0.0601,0.0663,通过
劣质处方,0.6,0.45,48,75,104.44,92.69,117.68,0.0435,0.0711,通过
劣质处方,0.6,0.45,48,76,118.41,107.72,130.16,0.169,0.0564,失败
劣质处方,0.6,0.45,48,77,104.91,93.18,118.11,0.0479,0.0706,通过
劣质处方,0.6,0.45,48,78,99.79,88.72,112.23,-0.0021,0.0701,通过
劣质处方,0.6,0.45,48,79,109.59,99.75,120.4,0.0916,0.0561,通过
劣质处方,0.6,0.45,48,80,115.2,101.97,130.16,0.1415,0.0727,失败
劣质处方,0.6,0.45,48,81,91.71,84.16,99.94,-0.0865,0.0512,通过
劣质处方,0.6,0.45,48,82,105.18,96.87,114.2,0.0505,0.049,通过
劣质处方,0.6,0.45,48,83,97.59,89.19,106.77,-0.0244,0.0536,通过
劣质处方,0.6,0.45,48,84,105.89,94.09,119.17,0.0572,0.0704,通过
劣质处方,0.6,0.45,48,85,105.25,94.32,117.45,0.0512,0.0654,通过
劣质处方,0.6,0.45,48,86,125.02,111.12,140.66,0.2233,0.0702,失败
劣质处方,0.6,0.45,48,87,103.19,93.1,114.38,0.0314,0.0613,通过
劣质处方,0.6,0.45,48,88,98.17,88.21,109.25,-0.0185,0.0637,通过
劣质处方,0.6,0.45,48,89,113.89,105.26,123.23,0.1301,0.0469,通过
劣质处方,0.6,0.45,48,90,123.06,111.32,136.05,0.2075,0.0598,失败
劣质处方,0.6,0.45,48,91,104.36,93.95,115.91,0.0426,0.0626,通过
劣质处方,0.6,0.45,48,92,115.63,104.44,128.03,0.1452,0.0607,失败
劣质处方,0.6,0.45,48,93,110.96,100.0,123.14,0.104,0.062,通过
劣质处方,0.6,0.45,48,94,119.4,105.9,134.62,0.1773,0.0715,失败
劣质处方,0.6,0.45,48,95,107.36,96.31,119.67,0.071,0.0647,通过
劣质处方,0.6,0.45,48,96,113.63,102.62,125.81,0.1278,0.0607,失败
劣质处方,0.6,0.45,48,97,115.36,103.61,128.45,0.1429,0.0641,失败
劣质处方,0.6,0.45,48,98,103.46,95.23,112.41,0.0341,0.0494,通过
劣质处方,0.6,0.45,48,99,110.58,101.5,120.46,0.1005,0.051,通过
劣质处方,0.6,0.45,48,100,109.01,99.02,120.0,0.0863,0.0573,通过
劣质处方,0.6,0.45,48,101,100.28,90.1,111.6,0.0028,0.0638,通过
劣质处方,0.6,0.45,48,102,102.44,92.43,113.52,0.0241,0.0612,通过
劣质处方,0.6,0.45,48,103,118.3,106.76,131.07,0.168,0.0611,失败
劣质处方,0.6,0.45,48,104,111.9,102.5,122.17,0.1125,0.0523,通过
劣质处方,0.6,0.45,48,105,107.54,96.07,120.39,0.0727,0.0672,通过
劣质处方,0.6,0.45,48,106,106.25,95.27,118.49,0.0606,0.065,通过
劣质处方,0.6,0.45,48,107,106.79,95.82,119.01,0.0657,0.0646,通过
劣质处方,0.6,0.45,48,108,119.56,108.08,132.24,0.1786,0.0601,失败
劣质处方,0.6,0.45,48,109,117.37,107.78,127.82,0.1602,0.0508,失败
劣质处方,0.6,0.45,48,110,105.93,95.57,117.41,0.0576,0.0613,通过
劣质处方,0.6,0.45,48,111,122.22,109.86,135.98,0.2007,0.0635,失败
劣质处方,0.6,0.45,48,112,105.51,94.16,118.23,0.0537,0.0678,通过
劣质处方,0.6,0.45,48,113,108.71,98.72,119.71,0.0835,0.0575,通过
劣质处方,0.6,0.45,48,114,118.14,106.65,130.87,0.1667,0.061,失败
劣质处方,0.6,0.45,48,115,102.73,91.71,115.06,0.0269,0.0676,通过
劣质处方,0.6,0.45,48,116,111.49,99.47,124.96,0.1087,0.068,通过
劣质处方,0.6,0.45,48,117,96.65,86.54,107.95,-0.0341,0.0659,通过
劣质处方,0.6,0.45,48,118,102.57,90.4,116.38,0.0254,0.0753,通过
劣质处方,0.6,0.45,48,119,113.16,100.82,127.02,0.1236,0.0688,失败
劣质处方,0.6,0.45,48,120,110.63,100.39,121.91,0.101,0.0579,通过
劣质处方,0.6,0.45,48,121,113.72,102.98,125.59,0.1286,0.0591,失败
劣质处方,0.6,0.45,48,122,110.1,97.62,124.18,0.0962,0.0717,通过
劣质处方,0.6,0.45,48,123,100.01,90.87,110.06,0.0001,0.0571,通过
劣质处方,0.6,0.45,48,124,109.04,98.91,120.22,0.0866,0.0581,通过
劣质处方,0.6,0.45,48,125,100.18,90.97,110.32,0.0018,0.0575,通过
劣质处方,0.6,0.45,48,126,108.63,97.38,121.18,0.0828,0.0652,通过
劣质处方,0.6,0.45,48,127,106.53,94.52,120.05,0.0632,0.0712,通过
劣质处方,0.6,0.45,48,128,111.97,100.25,125.07,0.1131,0.0659,失败
劣质处方,0.6,0.45,48,129,112.56,100.79,125.71,0.1183,0.0658,失败
劣质处方,0.6,0.45,48,130,121.44,109.56,134.61,0.1943,0.0613,失败
劣质处方,0.6,0.45,48,131,104.87,94.89,115.89,0.0475,0.0596,通过
劣质处方,0.6,0.45,48,132,108.83,99.4,119.15,0.0846,0.054,通过
劣质处方,0.6,0.45,48,133,108.57,98.38,119.81,0.0822,0.0587,通过
劣质处方,0.6,0.45,48,134,110.41,97.36,125.22,0.0991,0.075,失败
劣质处方,0.6,0.45,48,135,113.98,103.58,125.43,0.1309,0.057,失败
劣质处方,0.6,0.45,48,136,106.29,95.83,117.9,0.061,0.0618,通过
劣质处方,0.6,0.45,48,137,106.27,95.36,118.42,0.0608,0.0646,通过
劣质处方,0.6,0.45,48,138,110.65,97.69,125.33,0.1012,0.0743,失败
劣质处方,0.6,0.45,48,139,116.59,104.87,129.61,0.1535,0.0631,失败
劣质处方,0.6,0.45,48,140,115.87,106.03,126.62,0.1473,0.0529,失败
劣质处方,0.6,0.45,48,141,115.29,106.72,124.54,0.1423,0.046,通过
劣质处方,0.6,0.45,48,142,114.26,103.41,126.25,0.1333,0.0595,失败
劣质处方,0.6,0.45,48,143,114.2,101.62,128.33,0.1328,0.0695,失败
劣质处方,0.6,0.45,48,144,97.68,88.01,108.41,-0.0235,0.0621,通过
劣质处方,0.6,0.45,48,145,112.44,102.06,123.88,0.1173,0.0577,通过
劣质处方,0.6,0.45,48,146,120.24,109.12,132.5,0.1843,0.0579,失败
劣质处方,0.6,0.45,48,147,87.85,78.12,98.8,-0.1295,0.07,失败
劣质处方,0.6,0.45,48,148,109.72,96.51,124.73,0.0927,0.0764,通过
劣质处方,0.6,0.45,48,149,96.43,87.27,106.56,-0.0363,0.0595,通过
劣质处方,0.6,0.45,48,150,100.51,91.24,110.72,0.0051,0.0577,通过
劣质处方,0.6,0.45,48,151,101.51,91.51,112.6,0.015,0.0618,通过
劣质处方,0.6,0.45,48,152,104.1,94.31,114.91,0.0402,0.0589,通过
劣质处方,0.6,0.45,48,153,110.71,98.25,124.76,0.1018,0.0712,通过
劣质处方,0.6,0.45,48,154,110.12,99.02,122.46,0.0964,0.0633,通过
劣质处方,0.6,0.45,48,155,112.63,101.96,124.42,0.119,0.0593,通过
劣质处方,0.6,0.45,48,156,104.51,92.54,118.02,0.0441,0.0725,通过
劣质处方,0.6,0.45,48,157,95.59,86.13,106.08,-0.0451,0.0621,通过
劣质处方,0.6,0.45,48,158,111.05,100.13,123.17,0.1048,0.0617,通过
劣质处方,0.6,0.45,48,159,109.67,99.52,120.85,0.0923,0.0579,通过
劣质处方,0.6,0.45,48,160,119.4,106.35,134.05,0.1773,0.069,失败
劣质处方,0.6,0.45,48,161,113.44,101.48,126.79,0.1261,0.0663,失败
劣质处方,0.6,0.45,48,162,113.81,103.15,125.56,0.1293,0.0586,失败
劣质处方,0.6,0.45,48,163,105.71,95.06,117.55,0.0555,0.0633,通过
劣质处方,0.6,0.45,48,164,114.13,100.7,129.36,0.1322,0.0746,失败
劣质处方,0.6,0.45,48,165,105.16,95.3,116.05,0.0503,0.0587,通过
劣质处方,0.6,0.45,48,166,110.09,101.18,119.78,0.0961,0.0503,通过
劣质处方,0.6,0.45,48,167,123.79,109.89,139.45,0.2134,0.071,失败
劣质处方,0.6,0.45,48,168,124.45,112.94,137.12,0.2187,0.0578,失败
劣质处方,0.6,0.45,48,169,114.84,103.83,127.02,0.1384,0.0601,失败
劣质处方,0.6,0.45,48,170,119.86,110.36,130.18,0.1811,0.0492,失败
劣质处方,0.6,0.45,48,171,108.99,100.85,117.79,0.0861,0.0463,通过
劣质处方,0.6,0.45,48,172,118.53,107.26,130.99,0.17,0.0595,失败
劣质处方,0.6,0.45,48,173,106.54,95.0,119.47,0.0633,0.0683,通过
劣质处方,0.6,0.45,48,174,121.23,109.93,133.7,0.1925,0.0583,失败
劣质处方,0.6,0.45,48,175,103.81,94.36,114.2,0.0374,0.0569,通过
劣质处方,0.6,0.45,48,176,117.99,105.5,131.95,0.1654,0.0667,失败
劣质处方,0.6,0.45,48,177,109.99,98.14,123.29,0.0953,0.068,通过
劣质处方,0.6,0.45,48,178,111.54,99.16,125.46,0.1092,0.0701,失败
劣质处方,0.6,0.45,48,179,99.86,89.48,111.45,-0.0014,0.0654,通过
劣质处方,0.6,0.45,48,180,102.87,90.92,116.39,0.0283,0.0736,通过
劣质处方,0.6,0.45,48,181,120.56,106.93,135.93,0.187,0.0715,失败
劣质处方,0.6,0.45,48,182,122.07,110.85,134.41,0.1994,0.0574,失败
劣质处方,0.6,0.45,48,183,120.97,109.16,134.06,0.1904,0.0612,失败
劣质处方,0.6,0.45,48,184,106.82,96.79,117.88,0.066,0.0587,通过
劣质处方,0.6,0.45,48,185,108.44,97.18,121.0,0.081,0.0653,通过
劣质处方,0.6,0.45,48,186,105.51,95.48,116.59,0.0536,0.0595,通过
劣质处方,0.6,0.45,48,187,117.71,103.27,134.17,0.1631,0.078,失败
劣质处方,0.6,0.45,48,188,98.57,89.01,109.16,-0.0144,0.0608,通过
劣质处方,0.6,0.45,48,189,113.69,102.01,126.71,0.1283,0.0646,失败
劣质处方,0.6,0.45,48,190,98.42,90.4,107.14,-0.016,0.0506,通过
劣质处方,0.6,0.45,48,191,107.37,96.34,119.66,0.0711,0.0646,通过
劣质处方,0.6,0.45,48,192,103.48,93.13,114.98,0.0342,0.0628,通过
劣质处方,0.6,0.45,48,193,102.9,90.88,116.53,0.0286,0.0741,通过
劣质处方,0.6,0.45,48,194,106.38,97.94,115.55,0.0619,0.0493,通过
劣质处方,0.6,0.45,48,195,113.5,103.11,124.94,0.1266,0.0572,通过
劣质处方,0.6,0.45,48,196,107.22,96.81,118.75,0.0697,0.0609,通过
劣质处方,0.6,0.45,48,197,109.93,98.12,123.17,0.0947,0.0678,通过
劣质处方,0.6,0.45,48,198,101.24,90.14,113.7,0.0123,0.0692,通过
劣质处方,0.6,0.45,48,199,122.48,109.7,136.75,0.2028,0.0657,失败
劣质处方,0.6,0.45,48,200,118.01,105.84,131.58,0.1656,0.0649,失败
劣质处方,0.6,0.45,48,201,105.55,96.73,115.18,0.054,0.052,通过
劣质处方,0.6,0.45,48,202,122.25,112.07,133.35,0.2009,0.0518,失败
劣质处方,0.6,0.45,48,203,109.05,98.69,120.51,0.0867,0.0595,通过
劣质处方,0.6,0.45,48,204,109.18,97.52,122.23,0.0878,0.0673,通过
劣质处方,0.6,0.45,48,205,109.05,97.54,121.93,0.0867,0.0665,通过
劣质处方,0.6,0.45,48,206,116.17,106.53,126.69,0.1499,0.0516,失败
劣质处方,0.6,0.45,48,207,121.7,107.66,137.58,0.1964,0.0731,失败
劣质处方,0.6,0.45,48,208,116.42,107.75,125.78,0.152,0.0461,失败
劣质处方,0.6,0.45,48,209,117.36,107.26,128.42,0.1601,0.0537,失败
劣质处方,0.6,0.45,48,210,112.2,101.81,123.65,0.1151,0.0579,通过
劣质处方,0.6,0.45,48,211,114.64,103.93,126.46,0.1367,0.0585,失败
劣质处方,0.6,0.45,48,212,108.0,95.14,122.6,0.0769,0.0756,通过
劣质处方,0.6,0.45,48,213,105.54,94.86,117.42,0.0539,0.0636,通过
劣质处方,0.6,0.45,48,214,110.1,99.87,121.39,0.0962,0.0582,通过
劣质处方,0.6,0.45,48,215,93.81,85.51,102.92,-0.0639,0.0552,通过
劣质处方,0.6,0.45,48,216,101.31,90.29,113.66,0.013,0.0686,通过
劣质处方,0.6,0.45,48,217,102.92,93.61,113.15,0.0288,0.0565,通过
劣质处方,0.6,0.45,48,218,109.1,100.2,118.79,0.0871,0.0507,通过
劣质处方,0.6,0.45,48,219,115.81,105.98,126.54,0.1467,0.0528,失败
劣质处方,0.6,0.45,48,220,106.99,96.0,119.22,0.0675,0.0645,通过
劣质处方,0.6,0.45,48,221,100.13,89.54,111.97,0.0013,0.0666,通过
劣质处方,0.6,0.45,48,222,102.37,91.71,114.27,0.0234,0.0655,通过
劣质处方,0.6,0.45,48,223,110.53,100.84,121.15,0.1001,0.0547,通过
劣质处方,0.6,0.45,48,224,101.59,92.31,111.81,0.0158,0.0571,通过
劣质处方,0.6,0.45,48,225,115.21,103.12,128.71,0.1416,0.0661,失败
劣质处方,0.6,0.45,48,226,120.57,109.09,133.26,0.1871,0.0597,失败
劣质处方,0.6,0.45,48,227,111.81,100.01,125.02,0.1117,0.0665,失败
劣质处方,0.6,0.45,48,228,114.59,103.6,126.74,0.1362,0.0601,失败
劣质处方,0.6,0.45,48,229,107.24,95.43,120.52,0.0699,0.0696,通过
劣质处方,0.6,0.45,48,230,100.29,89.28,112.65,0.0029,0.0693,通过
劣质处方,0.6,0.45,48,231,114.86,104.34,126.43,0.1385,0.0572,失败
劣质处方,0.6,0.45,48,232,113.95,103.65,125.27,0.1306,0.0564,失败
劣质处方,0.6,0.45,48,233,117.72,103.98,133.28,0.1631,0.074,失败
劣质处方,0.6,0.45,48,234,109.32,99.74,119.83,0.0891,0.0547,通过
劣质处方,0.6,0.45,48,235,113.57,101.13,127.54,0.1273,0.0691,失败
劣质处方,0.6,0.45,48,236,105.52,94.61,117.68,0.0537,0.065,通过
劣质处方,0.6,0.45,48,237,100.49,89.71,112.56,0.0049,0.0676,通过
劣质处方,0.6,0.45,48,238,108.14,97.35,120.12,0.0782,0.0626,通过
劣质处方,0.6,0.45,48,239,115.15,104.9,126.4,0.1411,0.0555,失败
劣质处方,0.6,0.45,48,240,109.13,96.92,122.87,0.0874,0.0707,通过
劣质处方,0.6,0.45,48,241,111.58,102.74,121.18,0.1096,0.0492,通过
劣质处方,0.6,0.45,48,242,94.98,84.08,107.31,-0.0515,0.0727,通过
劣质处方,0.6,0.45,48,243,111.65,100.39,124.18,0.1102,0.0634,通过
劣质处方,0.6,0.45,48,244,120.93,109.85,133.12,0.19,0.0573,失败
劣质处方,0.6,0.45,48,245,108.29,99.42,117.96,0.0797,0.0509,通过
劣质处方,0.6,0.45,48,246,100.89,91.12,111.71,0.0089,0.0607,通过
劣质处方,0.6,0.45,48,247,110.87,101.09,121.6,0.1032,0.0551,通过
劣质处方,0.6,0.45,48,248,112.89,99.42,128.18,0.1212,0.0757,失败
劣质处方,0.6,0.45,48,249,103.66,92.77,115.83,0.036,0.0661,通过
劣质处方,0.6,0.45,48,250,109.91,99.03,121.99,0.0945,0.0621,通过
劣质处方,0.6,0.45,48,251,107.95,97.38,119.66,0.0765,0.0614,通过
劣质处方,0.6,0.45,48,252,115.82,106.02,126.53,0.1469,0.0527,失败
劣质处方,0.6,0.45,48,253,108.51,97.65,120.59,0.0817,0.0629,通过
劣质处方,0.6,0.45,48,254,113.14,104.18,122.87,0.1234,0.0492,通过
劣质处方,0.6,0.45,48,255,121.64,108.34,136.56,0.1959,0.069,失败
劣质处方,0.6,0.45,48,256,103.37,93.6,114.17,0.0332,0.0592,通过
劣质处方,0.6,0.45,48,257,112.89,102.38,124.47,0.1212,0.0582,通过
劣质处方,0.6,0.45,48,258,97.76,87.8,108.86,-0.0226,0.0641,通过
劣质处方,0.6,0.45,48,259,106.19,96.09,117.36,0.0601,0.0596,通过
劣质处方,0.6,0.45,48,260,111.0,101.09,121.87,0.1043,0.0557,通过
劣质处方,0.6,0.45,48,261,107.58,95.28,121.48,0.0731,0.0724,通过
劣质处方,0.6,0.45,48,262,106.3,94.49,119.6,0.0611,0.0702,通过
劣质处方,0.6,0.45,48,263,102.21,91.13,114.63,0.0219,0.0684,通过
劣质处方,0.6,0.45,48,264,95.89,84.89,108.32,-0.0419,0.0726,通过
劣质处方,0.6,0.45,48,265,107.17,94.57,121.45,0.0692,0.0745,通过
劣质处方,0.6,0.45,48,266,105.7,95.37,117.16,0.0555,0.0613,通过
劣质处方,0.6,0.45,48,267,101.29,91.63,111.97,0.0128,0.0597,通过
劣质处方,0.6,0.45,48,268,98.95,87.57,111.81,-0.0105,0.0728,通过
劣质处方,0.6,0.45,48,269,113.77,102.47,126.32,0.129,0.0623,失败
劣质处方,0.6,0.45,48,270,112.1,101.92,123.3,0.1142,0.0568,通过
劣质处方,0.6,0.45,48,271,109.26,99.69,119.74,0.0885,0.0546,通过
劣质处方,0.6,0.45,48,272,123.23,110.76,137.11,0.2089,0.0636,失败
劣质处方,0.6,0.45,48,273,111.85,102.15,122.47,0.112,0.0541,通过
劣质处方,0.6,0.45,48,274,99.36,87.49,112.85,-0.0064,0.0759,通过
劣质处方,0.6,0.45,48,275,110.01,99.8,121.26,0.0954,0.058,通过
劣质处方,0.6,0.45,48,276,115.05,104.48,126.7,0.1402,0.0574,失败
劣质处方,0.6,0.45,48,277,111.25,100.43,123.25,0.1066,0.061,通过
劣质处方,0.6,0.45,48,278,113.47,100.45,128.17,0.1263,0.0726,失败
劣质处方,0.6,0.45,48,279,96.27,86.33,107.35,-0.038,0.0649,通过
劣质处方,0.6,0.45,48,280,110.27,99.06,122.75,0.0978,0.0639,通过
劣质处方,0.6,0.45,48,281,109.33,98.25,121.65,0.0892,0.0637,通过
劣质处方,0.6,0.45,48,282,109.54,98.38,121.96,0.0911,0.064,通过
劣质处方,0.6,0.45,48,283,102.52,91.52,114.85,0.0249,0.0677,通过
劣质处方,0.6,0.45,48,284,105.77,93.29,119.91,0.0561,0.0748,通过
劣质处方,0.6,0.45,48,285,106.3,95.7,118.07,0.0611,0.0626,通过
劣质处方,0.6,0.45,48,286,114.42,103.38,126.64,0.1347,0.0605,失败
劣质处方,0.6,0.45,48,287,100.97,91.14,111.85,0.0096,0.061,通过
劣质处方,0.6,0.45,48,288,103.76,91.61,117.53,0.037,0.0742,通过
劣质处方,0.6,0.45,48,289,108.77,99.14,119.33,0.0841,0.0552,通过
劣质处方,0.6,0.45,48,290,98.76,88.88,109.74,-0.0125,0.0628,通过
劣质处方,0.6,0.45,48,291,103.26,90.3,118.09,0.0321,0.08,通过
劣质处方,0.6,0.45,48,292,107.27,96.58,119.15,0.0702,0.0626,通过
劣质处方,0.6,0.45,48,293,114.65,102.59,128.13,0.1367,0.0662,失败
劣质处方,0.6,0.45,48,294,95.57,85.29,107.09,-0.0453,0.0678,通过
劣质处方,0.6,0.45,48,295,108.03,96.57,120.84,0.0772,0.0668,通过
劣质处方,0.6,0.45,48,296,107.27,97.32,118.24,0.0702,0.058,通过
劣质处方,0.6,0.45,48,297,91.21,81.92,101.57,-0.092,0.0641,通过
劣质处方,0.6,0.45,48,298,97.43,86.79,109.37,-0.0261,0.0689,通过
劣质处方,0.6,0.45,48,299,103.05,93.77,113.26,0.0301,0.0563,通过
劣质处方,0.6,0.45,48,300,99.23,90.24,109.13,-0.0077,0.0566,通过
劣质处方,0.6,0.45,48,301,107.51,96.53,119.74,0.0724,0.0642,通过
劣质处方,0.6,0.45,48,302,112.23,101.51,124.08,0.1154,0.0598,通过
劣质处方,0.6,0.45,48,303,104.15,93.46,116.06,0.0407,0.0645,通过
劣质处方,0.6,0.45,48,304,112.02,102.05,122.96,0.1135,0.0555,通过
劣质处方,0.6,0.45,48,305,110.3,100.6,120.94,0.098,0.0549,通过
劣质处方,0.6,0.45,48,306,114.08,102.78,126.63,0.1317,0.0622,失败
劣质处方,0.6,0.45,48,307,118.45,107.02,131.1,0.1693,0.0605,失败
劣质处方,0.6,0.45,48,308,105.48,95.29,116.76,0.0533,0.0605,通过
劣质处方,0.6,0.45,48,309,106.3,97.28,116.17,0.0611,0.0529,通过
劣质处方,0.6,0.45,48,310,108.49,97.17,121.12,0.0815,0.0656,通过
劣质处方,0.6,0.45,48,311,112.64,101.83,124.59,0.119,0.0601,通过
劣质处方,0.6,0.45,48,312,106.83,96.73,117.99,0.0661,0.0592,通过
劣质处方,0.6,0.45,48,313,102.44,94.23,111.38,0.0241,0.0498,通过
劣质处方,0.6,0.45,48,314,110.88,99.73,123.29,0.1033,0.0632,通过
劣质处方,0.6,0.45,48,315,110.58,96.98,126.08,0.1005,0.0782,失败
劣质处方,0.6,0.45,48,316,118.96,108.11,130.9,0.1736,0.057,失败
劣质处方,0.6,0.45,48,317,97.17,87.98,107.33,-0.0287,0.0593,通过
劣质处方,0.6,0.45,48,318,116.81,104.37,130.74,0.1554,0.0671,失败
劣质处方,0.6,0.45,48,319,110.66,100.67,121.64,0.1013,0.0564,通过
劣质处方,0.6,0.45,48,320,103.3,94.41,113.02,0.0324,0.0536,通过
劣质处方,0.6,0.45,48,321,116.47,104.04,130.39,0.1525,0.0673,失败
劣质处方,0.6,0.45,48,322,107.78,97.33,119.34,0.0749,0.0608,通过
劣质处方,0.6,0.45,48,323,107.15,97.66,117.57,0.0691,0.0553,通过
劣质处方,0.6,0.45,48,324,94.24,84.36,105.28,-0.0593,0.066,通过
劣质处方,0.6,0.45,48,325,107.11,97.03,118.24,0.0687,0.0589,通过
劣质处方,0.6,0.45,48,326,100.6,91.69,110.38,0.006,0.0553,通过
劣质处方,0.6,0.45,48,327,106.47,96.49,117.48,0.0627,0.0587,通过
劣质处方,0.6,0.45,48,328,107.71,96.23,120.55,0.0742,0.0671,通过
劣质处方,0.6,0.45,48,329,102.25,92.23,113.36,0.0222,0.0615,通过
劣质处方,0.6,0.45,48,330,102.21,93.55,111.67,0.0218,0.0528,通过
劣质处方,0.6,0.45,48,331,108.7,98.99,119.37,0.0835,0.0558,通过
劣质处方,0.6,0.45,48,332,113.22,101.38,126.44,0.1241,0.0658,失败
劣质处方,0.6,0.45,48,333,101.22,91.53,111.93,0.0121,0.06,通过
劣质处方,0.6,0.45,48,334,110.02,98.77,122.55,0.0955,0.0643,通过
劣质处方,0.6,0.45,48,335,108.36,97.47,120.46,0.0803,0.0631,通过
劣质处方,0.6,0.45,48,336,111.32,99.34,124.74,0.1072,0.0678,通过
劣质处方,0.6,0.45,48,337,107.08,96.74,118.52,0.0684,0.0605,通过
劣质处方,0.6,0.45,48,338,111.9,100.77,124.26,0.1124,0.0624,通过
劣质处方,0.6,0.45,48,339,104.7,93.55,117.19,0.046,0.0671,通过
劣质处方,0.6,0.45,48,340,101.32,91.54,112.16,0.0132,0.0606,通过
劣质处方,0.6,0.45,48,341,102.76,93.1,113.43,0.0273,0.0589,通过
劣质处方,0.6,0.45,48,342,115.15,102.59,129.26,0.1411,0.0689,失败
劣质处方,0.6,0.45,48,343,110.66,99.41,123.19,0.1013,0.0639,通过
劣质处方,0.6,0.45,48,344,96.79,87.75,106.75,-0.0327,0.0584,通过
劣质处方,0.6,0.45,48,345,105.06,93.46,118.1,0.0493,0.0697,通过
劣质处方,0.6,0.45,48,346,99.88,89.45,111.52,-0.0012,0.0657,通过
劣质处方,0.6,0.45,48,347,118.51,109.32,128.48,0.1698,0.0481,失败
劣质处方,0.6,0.45,48,348,107.83,97.84,118.84,0.0754,0.0579,通过
劣质处方,0.6,0.45,48,349,114.02,103.09,126.11,0.1312,0.0601,失败
劣质处方,0.6,0.45,48,350,119.69,106.79,134.16,0.1798,0.068,失败
劣质处方,0.6,0.45,48,351,113.77,101.39,127.66,0.129,0.0687,失败
劣质处方,0.6,0.45,48,352,96.83,86.91,107.89,-0.0322,0.0644,通过
劣质处方,0.6,0.45,48,353,106.35,94.81,119.3,0.0616,0.0685,通过
劣质处方,0.6,0.45,48,354,105.59,94.09,118.5,0.0544,0.0687,通过
劣质处方,0.6,0.45,48,355,112.67,102.04,124.42,0.1193,0.0591,通过
劣质处方,0.6,0.45,48,356,110.77,101.25,121.17,0.1023,0.0535,通过
劣质处方,0.6,0.45,48,357,111.22,99.43,124.4,0.1063,0.0668,通过
劣质处方,0.6,0.45,48,358,112.17,101.21,124.31,0.1148,0.0613,通过
劣质处方,0.6,0.45,48,359,106.0,95.25,117.97,0.0583,0.0637,通过
劣质处方,0.6,0.45,48,360,98.88,88.74,110.18,-0.0113,0.0645,通过
劣质处方,0.6,0.45,48,361,103.7,92.85,115.81,0.0363,0.0658,通过
劣质处方,0.6,0.45,48,362,108.18,97.68,119.82,0.0787,0.0609,通过
劣质处方,0.6,0.45,48,363,109.96,98.26,123.05,0.095,0.067,通过
劣质处方,0.6,0.45,48,364,103.88,91.56,117.86,0.0381,0.0752,通过
劣质处方,0.6,0.45,48,365,119.01,105.77,133.91,0.1741,0.0703,失败
劣质处方,0.6,0.45,48,366,106.71,95.79,118.87,0.0649,0.0643,通过
劣质处方,0.6,0.45,48,367,106.21,95.12,118.58,0.0602,0.0657,通过
劣质处方,0.6,0.45,48,368,102.78,93.13,113.44,0.0275,0.0588,通过
劣质处方,0.6,0.45,48,369,98.97,90.36,108.4,-0.0104,0.0543,通过
劣质处方,0.6,0.45,48,370,108.62,100.07,117.9,0.0827,0.0489,通过
劣质处方,0.6,0.45,48,371,111.03,98.84,124.72,0.1046,0.0693,通过
劣质处方,0.6,0.45,48,372,116.72,104.97,129.79,0.1546,0.0633,失败
劣质处方,0.6,0.45,48,373,117.31,104.73,131.4,0.1596,0.0676,失败
劣质处方,0.6,0.45,48,374,103.53,91.67,116.94,0.0347,0.0726,通过
劣质处方,0.6,0.45,48,375,117.01,103.56,132.21,0.1571,0.0728,失败
劣质处方,0.6,0.45,48,376,109.03,98.97,120.11,0.0865,0.0577,通过
劣质处方,0.6,0.45,48,377,114.66,102.58,128.15,0.1368,0.0663,失败
劣质处方,0.6,0.45,48,378,112.24,100.29,125.6,0.1154,0.0671,失败
劣质处方,0.6,0.45,48,379,103.11,92.42,115.03,0.0306,0.0652,通过
劣质处方,0.6,0.45,48,380,111.49,99.35,125.11,0.1087,0.0687,失败
劣质处方,0.6,0.45,48,381,109.51,98.06,122.29,0.0908,0.0658,通过
劣质处方,0.6,0.45,48,382,123.37,112.01,135.89,0.21,0.0576,失败
劣质处方,0.6,0.45,48,383,103.11,93.13,114.16,0.0307,0.0607,通过
劣质处方,0.6,0.45,48,384,114.33,101.32,129.01,0.1339,0.072,失败
劣质处方,0.6,0.45,48,385,105.62,96.14,116.03,0.0546,0.056,通过
劣质处方,0.6,0.45,48,386,109.07,99.39,119.7,0.0868,0.0554,通过
劣质处方,0.6,0.45,48,387,103.0,91.93,115.41,0.0296,0.0678,通过
劣质处方,0.6,0.45,48,388,108.76,98.5,120.08,0.084,0.059,通过
劣质处方,0.6,0.45,48,389,102.92,95.01,111.5,0.0288,0.0477,通过
劣质处方,0.6,0.45,48,390,108.83,97.92,120.95,0.0846,0.0629,通过
劣质处方,0.6,0.45,48,391,118.03,105.89,131.56,0.1658,0.0647,失败
劣质处方,0.6,0.45,48,392,122.41,107.7,139.13,0.2022,0.0763,失败
劣质处方,0.6,0.45,48,393,128.68,117.55,140.87,0.2522,0.0539,失败
劣质处方,0.6,0.45,48,394,114.64,103.27,127.26,0.1366,0.0623,失败
劣质处方,0.6,0.45,48,395,117.26,103.64,132.67,0.1593,0.0736,失败
劣质处方,0.6,0.45,48,396,111.32,99.74,124.23,0.1072,0.0654,通过
劣质处方,0.6,0.45,48,397,106.67,96.34,118.11,0.0646,0.0607,通过
劣质处方,0.6,0.45,48,398,118.6,106.55,132.0,0.1706,0.0638,失败
劣质处方,0.6,0.45,48,399,103.25,92.74,114.94,0.0319,0.064,通过
劣质处方,0.6,0.45,48,400,103.87,94.68,113.95,0.038,0.0552,通过
劣质处方,0.6,0.45,48,401,105.02,95.23,115.8,0.0489,0.0583,通过
劣质处方,0.6,0.45,48,402,112.78,102.97,123.54,0.1203,0.0543,通过
劣质处方,0.6,0.45,48,403,114.87,101.82,129.6,0.1387,0.0719,失败
劣质处方,0.6,0.45,48,404,125.72,114.54,137.99,0.2289,0.0555,失败
劣质处方,0.6,0.45,48,405,107.41,95.56,120.71,0.0714,0.0696,通过
劣质处方,0.6,0.45,48,406,103.22,92.26,115.5,0.0317,0.067,通过
劣质处方,0.6,0.45,48,407,104.34,94.31,115.45,0.0425,0.0603,通过
劣质处方,0.6,0.45,48,408,119.53,107.07,133.44,0.1784,0.0656,失败
劣质处方,0.6,0.45,48,409,113.33,102.23,125.63,0.1251,0.0614,失败
劣质处方,0.6,0.45,48,410,105.95,94.91,118.27,0.0578,0.0656,通过
劣质处方,0.6,0.45,48,411,99.96,88.68,112.67,-0.0004,0.0713,通过
劣质处方,0.6,0.45,48,412,102.83,92.51,114.31,0.0279,0.0631,通过
劣质处方,0.6,0.45,48,413,112.53,102.26,123.83,0.1181,0.057,通过
劣质处方,0.6,0.45,48,414,104.65,94.73,115.62,0.0455,0.0594,通过
劣质处方,0.6,0.45,48,415,110.32,101.04,120.45,0.0982,0.0524,通过
劣质处方,0.6,0.45,48,416,112.61,102.49,123.74,0.1188,0.0562,通过
劣质处方,0.6,0.45,48,417,111.14,100.38,123.04,0.1056,0.0607,通过
劣质处方,0.6,0.45,48,418,108.22,96.84,120.93,0.079,0.0662,通过
劣质处方,0.6,0.45,48,419,114.48,103.25,126.93,0.1352,0.0615,失败
劣质处方,0.6,0.45,48,420,113.31,103.71,123.8,0.1249,0.0528,通过
劣质处方,0.6,0.45,48,421,108.57,95.9,122.92,0.0823,0.074,通过
劣质处方,0.6,0.45,48,422,111.35,99.48,124.64,0.1075,0.0672,通过
劣质处方,0.6,0.45,48,423,104.69,94.0,116.61,0.0459,0.0642,通过
劣质处方,0.6,0.45,48,424,116.09,106.97,125.97,0.1492,0.0487,失败
劣质处方,0.6,0.45,48,425,102.35,92.01,113.87,0.0233,0.0635,通过
劣质处方,0.6,0.45,48,426,98.46,88.8,109.17,-0.0155,0.0616,通过
劣质处方,0.6,0.45,48,427,112.19,99.96,125.92,0.115,0.0688,失败
劣质处方,0.6,0.45,48,428,112.34,102.66,122.93,0.1163,0.0537,通过
劣质处方,0.6,0.45,48,429,111.6,100.12,124.41,0.1098,0.0647,通过
劣质处方,0.6,0.45,48,430,111.22,97.01,127.51,0.1063,0.0815,失败
劣质处方,0.6,0.45,48,431,106.7,94.57,120.39,0.0648,0.0719,通过
劣质处方,0.6,0.45,48,432,115.27,105.13,126.38,0.1421,0.0549,失败
劣质处方,0.6,0.45,48,433,113.7,103.25,125.21,0.1284,0.0575,失败
劣质处方,0.6,0.45,48,434,113.42,103.19,124.66,0.1259,0.0563,通过
劣质处方,0.6,0.45,48,435,102.63,91.46,115.16,0.026,0.0687,通过
劣质处方,0.6,0.45,48,436,100.24,90.07,111.56,0.0024,0.0638,通过
劣质处方,0.6,0.45,48,437,112.69,102.36,124.07,0.1195,0.0573,通过
劣质处方,0.6,0.45,48,438,110.57,99.99,122.26,0.1004,0.0599,通过
劣质处方,0.6,0.45,48,439,106.31,95.72,118.07,0.0612,0.0625,通过
劣质处方,0.6,0.45,48,440,106.4,96.95,116.78,0.0621,0.0555,通过
劣质处方,0.6,0.45,48,441,122.06,109.05,136.63,0.1994,0.0672,失败
劣质处方,0.6,0.45,48,442,109.99,99.92,121.07,0.0952,0.0572,通过
劣质处方,0.6,0.45,48,443,103.67,94.24,114.04,0.0361,0.0568,通过
劣质处方,0.6,0.45,48,444,108.68,99.46,118.76,0.0832,0.0529,通过
劣质处方,0.6,0.45,48,445,110.95,100.08,122.99,0.1039,0.0614,通过
劣质处方,0.6,0.45,48,446,105.2,95.29,116.15,0.0507,0.059,通过
劣质处方,0.6,0.45,48,447,111.14,100.07,123.44,0.1056,0.0625,通过
劣质处方,0.6,0.45,48,448,94.8,85.97,104.53,-0.0534,0.0583,通过
劣质处方,0.6,0.45,48,449,109.92,99.29,121.69,0.0946,0.0606,通过
劣质处方,0.6,0.45,48,450,106.78,96.32,118.36,0.0656,0.0614,通过
劣质处方,0.6,0.45,48,451,104.52,93.2,117.2,0.0442,0.0683,通过
劣质处方,0.6,0.45,48,452,117.65,107.19,129.13,0.1625,0.0555,失败
劣质处方,0.6,0.45,48,453,107.35,95.39,120.82,0.071,0.0704,通过
劣质处方,0.6,0.45,48,454,110.24,101.51,119.73,0.0975,0.0492,通过
劣质处方,0.6,0.45,48,455,111.8,99.54,125.57,0.1116,0.0692,失败
劣质处方,0.6,0.45,48,456,108.53,100.59,117.1,0.0819,0.0453,通过
劣质处方,0.6,0.45,48,457,106.77,96.78,117.8,0.0655,0.0586,通过
劣质处方,0.6,0.45,48,458,125.97,113.19,140.19,0.2309,0.0637,失败
劣质处方,0.6,0.45,48,459,110.4,99.93,121.97,0.0989,0.0594,通过
劣质处方,0.6,0.45,48,460,117.93,105.81,131.45,0.1649,0.0647,失败
劣质处方,0.6,0.45,48,461,105.62,95.32,117.03,0.0547,0.0611,通过
劣质处方,0.6,0.45,48,462,102.59,91.52,114.99,0.0255,0.068,通过
劣质处方,0.6,0.45,48,463,105.45,94.4,117.8,0.0531,0.066,通过
劣质处方,0.6,0.45,48,464,100.89,91.27,111.53,0.0089,0.0598,通过
劣质处方,0.6,0.45,48,465,100.73,90.14,112.56,0.0072,0.0662,通过
劣质处方,0.6,0.45,48,466,98.49,88.69,109.38,-0.0152,0.0625,通过
劣质处方,0.6,0.45,48,467,122.61,108.73,138.27,0.2038,0.0716,失败
劣质处方,0.6,0.45,48,468,109.68,99.3,121.14,0.0924,0.0592,通过
劣质处方,0.6,0.45,48,469,110.15,98.27,123.48,0.0967,0.068,通过
劣质处方,0.6,0.45,48,470,102.97,93.85,112.98,0.0293,0.0553,通过
劣质处方,0.6,0.45,48,471,103.82,92.81,116.12,0.0375,0.0668,通过
劣质处方,0.6,0.45,48,472,108.34,99.61,117.84,0.0801,0.0501,通过
劣质处方,0.6,0.45,48,473,110.44,100.98,120.78,0.0993,0.0534,通过
劣质处方,0.6,0.45,48,474,105.45,95.64,116.27,0.0531,0.0582,通过
劣质处方,0.6,0.45,48,475,112.55,101.4,124.94,0.1183,0.0622,通过
劣质处方,0.6,0.45,48,476,113.56,104.91,122.93,0.1272,0.0472,通过
劣质处方,0.6,0.45,48,477,110.93,99.8,123.3,0.1037,0.063,通过
劣质处方,0.6,0.45,48,478,116.79,103.65,131.6,0.1552,0.0711,失败
劣质处方,0.6,0.45,48,479,108.06,98.18,118.93,0.0775,0.0571,通过
劣质处方,0.6,0.45,48,480,115.21,105.15,126.23,0.1416,0.0545,失败
劣质处方,0.6,0.45,48,481,116.94,104.65,130.68,0.1565,0.0662,失败
劣质处方,0.6,0.45,48,482,116.54,106.35,127.71,0.1531,0.0546,失败
劣质处方,0.6,0.45,48,483,107.18,94.84,121.12,0.0693,0.0729,通过
劣质处方,0.6,0.45,48,484,129.07,118.99,139.99,0.2551,0.0484,失败
劣质处方,0.6,0.45,48,485,112.67,100.94,125.75,0.1193,0.0655,失败
劣质处方,0.6,0.45,48,486,119.26,108.54,131.05,0.1762,0.0562,失败
劣质处方,0.6,0.45,48,487,112.06,100.1,125.44,0.1138,0.0672,失败
劣质处方,0.6,0.45,48,488,110.55,99.46,122.88,0.1003,0.063,通过
劣质处方,0.6,0.45,48,489,103.05,92.25,115.11,0.03,0.066,通过
劣质处方,0.6,0.45,48,490,109.91,97.79,123.53,0.0945,0.0696,通过
劣质处方,0.6,0.45,48,491,113.87,102.9,126.02,0.1299,0.0604,失败
劣质处方,0.6,0.45,48,492,102.67,92.88,113.49,0.0263,0.0597,通过
劣质处方,0.6,0.45,48,493,106.32,96.01,117.75,0.0613,0.0608,通过
劣质处方,0.6,0.45,48,494,113.67,103.63,124.68,0.1281,0.0551,通过
劣质处方,0.6,0.45,48,495,98.78,89.03,109.61,-0.0122,0.062,通过
劣质处方,0.6,0.45,48,496,103.72,94.26,114.14,0.0366,0.057,通过
劣质处方,0.6,0.45,48,497,108.23,97.35,120.32,0.0791,0.0631,通过
劣质处方,0.6,0.45,48,498,99.31,91.31,108.02,-0.0069,0.0501,通过
劣质处方,0.6,0.45,48,499,100.94,91.37,111.51,0.0094,0.0593,通过
劣质处方,0.6,0.45,48,500,100.66,91.51,110.72,0.0065,0.0568,通过
劣质处方,0.6,0.45,60,1,101.96,93.75,110.89,0.0194,0.0503,通过
劣质处方,0.6,0.45,60,2,111.91,104.2,120.2,0.1126,0.0428,通过
劣质处方,0.6,0.45,60,3,120.19,109.4,132.05,0.1839,0.0563,失败
劣质处方,0.6,0.45,60,4,100.72,90.81,111.72,0.0072,0.062,通过
劣质处方,0.6,0.45,60,5,111.72,102.21,122.12,0.1108,0.0532,通过
劣质处方,0.6,0.45,60,6,93.82,86.81,101.39,-0.0638,0.0465,通过
劣质处方,0.6,0.45,60,7,110.71,100.58,121.85,0.1017,0.0574,通过
劣质处方,0.6,0.45,60,8,111.47,101.84,122.01,0.1086,0.0541,通过
劣质处方,0.6,0.45,60,9,116.06,105.97,127.12,0.1489,0.0544,失败
劣质处方,0.6,0.45,60,10,119.44,108.51,131.47,0.1776,0.0574,失败
劣质处方,0.6,0.45,60,11,105.44,97.6,113.91,0.0529,0.0462,通过
劣质处方,0.6,0.45,60,12,102.67,93.54,112.68,0.0263,0.0557,通过
劣质处方,0.6,0.45,60,13,98.87,88.73,110.17,-0.0113,0.0648,通过
劣质处方,0.6,0.45,60,14,104.77,95.99,114.35,0.0466,0.0524,通过
劣质处方,0.6,0.45,60,15,110.91,101.61,121.06,0.1035,0.0524,通过
劣质处方,0.6,0.45,60,16,101.95,92.82,111.97,0.0193,0.0561,通过
劣质处方,0.6,0.45,60,17,111.9,102.95,121.63,0.1125,0.0499,通过
劣质处方,0.6,0.45,60,18,100.56,92.63,109.16,0.0056,0.0491,通过
劣质处方,0.6,0.45,60,19,109.67,99.37,121.03,0.0923,0.059,通过
劣质处方,0.6,0.45,60,20,108.52,98.03,120.13,0.0818,0.0608,通过
劣质处方,0.6,0.45,60,21,104.51,95.04,114.92,0.0441,0.0568,通过
劣质处方,0.6,0.45,60,22,114.04,104.29,124.7,0.1314,0.0535,通过
劣质处方,0.6,0.45,60,23,105.56,95.36,116.83,0.0541,0.0608,通过
劣质处方,0.6,0.45,60,24,101.4,92.37,111.31,0.0139,0.0558,通过
劣质处方,0.6,0.45,60,25,113.62,103.97,124.15,0.1276,0.0531,通过
劣质处方,0.6,0.45,60,26,105.49,95.45,116.6,0.0535,0.0599,通过
劣质处方,0.6,0.45,60,27,118.12,108.58,128.51,0.1666,0.0504,失败
劣质处方,0.6,0.45,60,28,100.89,91.07,111.76,0.0089,0.0613,通过
劣质处方,0.6,0.45,60,29,98.91,89.91,108.81,-0.011,0.0571,通过
劣质处方,0.6,0.45,60,30,105.05,95.25,115.86,0.0493,0.0586,通过
劣质处方,0.6,0.45,60,31,114.72,105.25,125.04,0.1373,0.0516,失败
劣质处方,0.6,0.45,60,32,115.37,105.2,126.53,0.143,0.0552,失败
劣质处方,0.6,0.45,60,33,105.35,96.56,114.95,0.0522,0.0522,通过
劣质处方,0.6,0.45,60,34,103.82,95.54,112.82,0.0375,0.0497,通过
劣质处方,0.6,0.45,60,35,107.1,96.33,119.07,0.0686,0.0634,通过
劣质处方,0.6,0.45,60,36,111.87,99.96,125.21,0.1122,0.0674,失败
劣质处方,0.6,0.45,60,37,102.48,94.38,111.28,0.0245,0.0493,通过
劣质处方,0.6,0.45,60,38,105.1,96.73,114.2,0.0498,0.0497,通过
劣质处方,0.6,0.45,60,39,111.2,101.17,122.21,0.1061,0.0565,通过
劣质处方,0.6,0.45,60,40,111.69,101.78,122.57,0.1106,0.0556,通过
劣质处方,0.6,0.45,60,41,111.15,103.0,119.94,0.1057,0.0456,通过
劣质处方,0.6,0.45,60,42,108.06,97.95,119.21,0.0775,0.0588,通过
劣质处方,0.6,0.45,60,43,113.74,103.17,125.39,0.1287,0.0584,失败
劣质处方,0.6,0.45,60,44,104.68,94.77,115.63,0.0458,0.0595,通过
劣质处方,0.6,0.45,60,45,97.7,89.14,107.07,-0.0233,0.0548,通过
劣质处方,0.6,0.45,60,46,104.28,92.47,117.6,0.0419,0.0719,通过
劣质处方,0.6,0.45,60,47,118.45,107.67,130.31,0.1693,0.0571,失败
劣质处方,0.6,0.45,60,48,107.06,96.77,118.43,0.0682,0.0604,通过
劣质处方,0.6,0.45,60,49,110.21,100.7,120.62,0.0972,0.054,通过
劣质处方,0.6,0.45,60,50,106.68,96.63,117.77,0.0646,0.0592,通过
劣质处方,0.6,0.45,60,51,117.7,106.2,130.44,0.163,0.0615,失败
劣质处方,0.6,0.45,60,52,107.73,97.76,118.73,0.0745,0.0582,通过
劣质处方,0.6,0.45,60,53,113.73,104.16,124.18,0.1287,0.0526,通过
劣质处方,0.6,0.45,60,54,107.24,97.29,118.21,0.0699,0.0583,通过
劣质处方,0.6,0.45,60,55,95.04,86.65,104.25,-0.0508,0.0553,通过
劣质处方,0.6,0.45,60,56,109.57,99.99,120.07,0.0914,0.0548,通过
劣质处方,0.6,0.45,60,57,109.67,101.38,118.64,0.0923,0.047,通过
劣质处方,0.6,0.45,60,58,115.0,105.16,125.75,0.1397,0.0535,失败
劣质处方,0.6,0.45,60,59,98.63,90.76,107.19,-0.0138,0.0498,通过
劣质处方,0.6,0.45,60,60,120.13,109.76,131.47,0.1834,0.054,失败
劣质处方,0.6,0.45,60,61,111.49,100.2,124.05,0.1087,0.0639,通过
劣质处方,0.6,0.45,60,62,112.38,101.24,124.74,0.1167,0.0625,通过
劣质处方,0.6,0.45,60,63,113.19,103.31,124.01,0.1239,0.0547,通过
劣质处方,0.6,0.45,60,64,105.22,96.47,114.76,0.0508,0.0519,通过
劣质处方,0.6,0.45,60,65,98.81,90.13,108.31,-0.012,0.055,通过
劣质处方,0.6,0.45,60,66,106.81,96.94,117.69,0.0659,0.058,通过
劣质处方,0.6,0.45,60,67,104.75,95.33,115.1,0.0464,0.0564,通过
劣质处方,0.6,0.45,60,68,102.26,92.74,112.75,0.0223,0.0585,通过
劣质处方,0.6,0.45,60,69,106.89,96.81,118.03,0.0666,0.0593,通过
劣质处方,0.6,0.45,60,70,114.01,102.3,127.05,0.1311,0.0648,失败
劣质处方,0.6,0.45,60,71,120.0,109.4,131.63,0.1823,0.0554,失败
劣质处方,0.6,0.45,60,72,109.8,100.44,120.03,0.0935,0.0533,通过
劣质处方,0.6,0.45,60,73,113.79,103.03,125.68,0.1292,0.0595,失败
劣质处方,0.6,0.45,60,74,110.26,100.2,121.34,0.0977,0.0573,通过
劣质处方,0.6,0.45,60,75,108.1,98.51,118.63,0.0779,0.0556,通过
劣质处方,0.6,0.45,60,76,107.82,97.53,119.19,0.0753,0.06,通过
劣质处方,0.6,0.45,60,77,103.3,93.66,113.94,0.0325,0.0586,通过
劣质处方,0.6,0.45,60,78,107.19,97.44,117.92,0.0695,0.0571,通过
劣质处方,0.6,0.45,60,79,116.76,105.29,129.49,0.155,0.0619,失败
劣质处方,0.6,0.45,60,80,112.54,103.16,122.77,0.1181,0.0521,通过
劣质处方,0.6,0.45,60,81,109.63,99.68,120.58,0.0919,0.057,通过
劣质处方,0.6,0.45,60,82,116.55,106.6,127.43,0.1531,0.0534,失败
劣质处方,0.6,0.45,60,83,108.23,99.08,118.22,0.079,0.0529,通过
劣质处方,0.6,0.45,60,84,102.5,93.18,112.76,0.0247,0.057,通过
劣质处方,0.6,0.45,60,85,113.23,101.8,125.94,0.1242,0.0637,失败
劣质处方,0.6,0.45,60,86,103.22,94.89,112.28,0.0317,0.0504,通过
劣质处方,0.6,0.45,60,87,111.26,101.42,122.07,0.1067,0.0555,通过
劣质处方,0.6,0.45,60,88,101.14,92.12,111.05,0.0114,0.0559,通过
劣质处方,0.6,0.45,60,89,105.03,94.65,116.56,0.0491,0.0623,通过
劣质处方,0.6,0.45,60,90,103.66,95.18,112.91,0.036,0.0511,通过
劣质处方,0.6,0.45,60,91,105.7,95.22,117.33,0.0554,0.0625,通过
劣质处方,0.6,0.45,60,92,105.66,97.33,114.7,0.055,0.0491,通过
劣质处方,0.6,0.45,60,93,105.75,97.86,114.28,0.0559,0.0464,通过
劣质处方,0.6,0.45,60,94,107.41,97.19,118.71,0.0715,0.0599,通过
劣质处方,0.6,0.45,60,95,104.43,94.62,115.25,0.0433,0.059,通过
劣质处方,0.6,0.45,60,96,97.58,89.32,106.61,-0.0245,0.053,通过
劣质处方,0.6,0.45,60,97,114.35,106.46,122.82,0.1341,0.0428,通过
劣质处方,0.6,0.45,60,98,109.38,99.19,120.62,0.0896,0.0585,通过
劣质处方,0.6,0.45,60,99,107.66,96.56,120.03,0.0738,0.0651,通过
劣质处方,0.6,0.45,60,100,103.4,95.07,112.47,0.0335,0.0503,通过
劣质处方,0.6,0.45,60,101,104.88,95.92,114.67,0.0476,0.0534,通过
劣质处方,0.6,0.45,60,102,112.4,103.69,121.84,0.1169,0.0483,通过
劣质处方,0.6,0.45,60,103,115.7,105.43,126.97,0.1458,0.0556,失败
劣质处方,0.6,0.45,60,104,106.21,97.07,116.21,0.0603,0.0538,通过
劣质处方,0.6,0.45,60,105,104.06,95.04,113.94,0.0398,0.0543,通过
劣质处方,0.6,0.45,60,106,115.39,105.69,125.99,0.1432,0.0526,失败
劣质处方,0.6,0.45,60,107,110.62,101.03,121.13,0.101,0.0543,通过
劣质处方,0.6,0.45,60,108,110.35,100.2,121.53,0.0985,0.0577,通过
劣质处方,0.6,0.45,60,109,110.43,101.5,120.14,0.0992,0.0505,通过
劣质处方,0.6,0.45,60,110,110.53,102.74,118.91,0.1001,0.0437,通过
劣质处方,0.6,0.45,60,111,114.51,104.56,125.4,0.1355,0.0544,失败
劣质处方,0.6,0.45,60,112,108.58,99.43,118.57,0.0823,0.0527,通过
劣质处方,0.6,0.45,60,113,120.88,109.57,133.36,0.1896,0.0588,失败
劣质处方,0.6,0.45,60,114,105.15,95.6,115.66,0.0502,0.057,通过
劣质处方,0.6,0.45,60,115,110.41,100.24,121.62,0.0991,0.0578,通过
劣质处方,0.6,0.45,60,116,108.57,98.64,119.49,0.0822,0.0574,通过
劣质处方,0.6,0.45,60,117,100.24,90.96,110.47,0.0024,0.0581,通过
劣质处方,0.6,0.45,60,118,102.88,94.17,112.41,0.0284,0.053,通过
劣质处方,0.6,0.45,60,119,109.01,100.2,118.61,0.0863,0.0505,通过
劣质处方,0.6,0.45,60,120,116.6,106.72,127.4,0.1536,0.053,失败
劣质处方,0.6,0.45,60,121,100.35,90.16,111.69,0.0035,0.0641,通过
劣质处方,0.6,0.45,60,122,103.39,94.4,113.22,0.0333,0.0544,通过
劣质处方,0.6,0.45,60,123,114.1,104.81,124.21,0.1319,0.0508,通过
劣质处方,0.6,0.45,60,124,106.55,97.56,116.36,0.0634,0.0527,通过
劣质处方,0.6,0.45,60,125,105.56,97.36,114.45,0.0541,0.0484,通过
劣质处方,0.6,0.45,60,126,114.92,104.48,126.41,0.1391,0.057,失败
劣质处方,0.6,0.45,60,127,115.71,105.75,126.62,0.146,0.0539,失败
劣质处方,0.6,0.45,60,128,116.32,104.14,129.93,0.1512,0.0662,失败
劣质处方,0.6,0.45,60,129,104.13,93.68,115.74,0.0404,0.0633,通过
劣质处方,0.6,0.45,60,130,109.87,100.93,119.62,0.0942,0.0508,通过
劣质处方,0.6,0.45,60,131,93.51,85.45,102.34,-0.0671,0.054,通过
劣质处方,0.6,0.45,60,132,119.46,106.94,133.45,0.1778,0.0663,失败
劣质处方,0.6,0.45,60,133,103.96,95.11,113.64,0.0389,0.0533,通过
劣质处方,0.6,0.45,60,134,103.37,93.32,114.51,0.0332,0.0612,通过
劣质处方,0.6,0.45,60,135,111.86,100.97,123.93,0.1121,0.0613,通过
劣质处方,0.6,0.45,60,136,115.97,106.25,126.58,0.1482,0.0524,失败
劣质处方,0.6,0.45,60,137,115.45,105.69,126.11,0.1436,0.0528,失败
劣质处方,0.6,0.45,60,138,110.02,101.53,119.21,0.0955,0.048,通过
劣质处方,0.6,0.45,60,139,115.82,103.73,129.32,0.1469,0.066,失败
劣质处方,0.6,0.45,60,140,111.72,102.17,122.16,0.1108,0.0535,通过
劣质处方,0.6,0.45,60,141,109.1,99.19,120.0,0.0871,0.057,通过
劣质处方,0.6,0.45,60,142,116.6,106.59,127.55,0.1536,0.0537,失败
劣质处方,0.6,0.45,60,143,96.18,87.84,105.31,-0.0389,0.0543,通过
劣质处方,0.6,0.45,60,144,107.43,99.22,116.32,0.0717,0.0476,通过
劣质处方,0.6,0.45,60,145,111.43,102.7,120.89,0.1082,0.0488,通过
劣质处方,0.6,0.45,60,146,103.15,93.58,113.7,0.031,0.0583,通过
劣质处方,0.6,0.45,60,147,117.25,108.41,126.8,0.1591,0.0469,失败
劣质处方,0.6,0.45,60,148,102.37,92.62,113.14,0.0234,0.0599,通过
劣质处方,0.6,0.45,60,149,110.61,101.45,120.6,0.1008,0.0517,通过
劣质处方,0.6,0.45,60,150,120.27,109.19,132.47,0.1845,0.0578,失败
劣质处方,0.6,0.45,60,151,100.06,91.42,109.53,0.0006,0.0541,通过
劣质处方,0.6,0.45,60,152,123.84,112.16,136.74,0.2138,0.0593,失败
劣质处方,0.6,0.45,60,153,108.94,99.58,119.17,0.0856,0.0537,通过
劣质处方,0.6,0.45,60,154,121.0,111.01,131.89,0.1906,0.0516,失败
劣质处方,0.6,0.45,60,155,105.04,95.94,115.01,0.0492,0.0543,通过
劣质处方,0.6,0.45,60,156,107.11,98.25,116.76,0.0686,0.0516,通过
劣质处方,0.6,0.45,60,157,107.63,98.33,117.81,0.0735,0.0541,通过
劣质处方,0.6,0.45,60,158,108.35,98.17,119.58,0.0802,0.059,通过
劣质处方,0.6,0.45,60,159,96.95,87.94,106.88,-0.031,0.0583,通过
劣质处方,0.6,0.45,60,160,103.07,94.61,112.29,0.0303,0.0513,通过
劣质处方,0.6,0.45,60,161,108.78,99.28,119.19,0.0841,0.0547,通过
劣质处方,0.6,0.45,60,162,114.39,102.0,128.28,0.1344,0.0686,失败
劣质处方,0.6,0.45,60,163,117.48,106.08,130.09,0.1611,0.061,失败
劣质处方,0.6,0.45,60,164,112.91,103.17,123.56,0.1214,0.054,通过
劣质处方,0.6,0.45,60,165,114.55,104.19,125.93,0.1358,0.0567,失败
劣质处方,0.6,0.45,60,166,100.98,91.33,111.66,0.0098,0.0601,通过
劣质处方,0.6,0.45,60,167,106.1,96.71,116.4,0.0592,0.0554,通过
劣质处方,0.6,0.45,60,168,103.96,96.2,112.34,0.0388,0.0464,通过
劣质处方,0.6,0.45,60,169,107.46,98.35,117.42,0.072,0.053,通过
劣质处方,0.6,0.45,60,170,107.49,98.32,117.53,0.0723,0.0534,通过
劣质处方,0.6,0.45,60,171,110.36,100.88,120.74,0.0986,0.0538,通过
劣质处方,0.6,0.45,60,172,107.1,97.07,118.18,0.0686,0.0589,通过
劣质处方,0.6,0.45,60,173,104.59,92.99,117.65,0.0449,0.0704,通过
劣质处方,0.6,0.45,60,174,119.08,107.98,131.33,0.1747,0.0586,失败
劣质处方,0.6,0.45,60,175,117.17,108.68,126.32,0.1584,0.045,失败
劣质处方,0.6,0.45,60,176,114.55,104.95,125.02,0.1358,0.0524,失败
劣质处方,0.6,0.45,60,177,114.38,104.65,125.01,0.1344,0.0532,失败
劣质处方,0.6,0.45,60,178,109.74,99.55,120.97,0.0929,0.0583,通过
劣质处方,0.6,0.45,60,179,104.44,96.08,113.53,0.0435,0.0499,通过
劣质处方,0.6,0.45,60,180,106.52,96.29,117.83,0.0631,0.0604,通过
劣质处方,0.6,0.45,60,181,111.61,99.8,124.81,0.1098,0.0669,通过
劣质处方,0.6,0.45,60,182,109.85,100.54,120.02,0.094,0.053,通过
劣质处方,0.6,0.45,60,183,116.61,107.29,126.75,0.1537,0.0499,失败
劣质处方,0.6,0.45,60,184,113.62,104.8,123.19,0.1277,0.0484,通过
劣质处方,0.6,0.45,60,185,104.25,96.3,112.85,0.0416,0.0475,通过
劣质处方,0.6,0.45,60,186,112.65,102.79,123.46,0.1191,0.0548,通过
劣质处方,0.6,0.45,60,187,105.82,97.44,114.92,0.0566,0.0494,通过
劣质处方,0.6,0.45,60,188,104.8,94.68,115.99,0.0468,0.0607,通过
劣质处方,0.6,0.45,60,189,121.54,110.53,133.64,0.1951,0.0568,失败
劣质处方,0.6,0.45,60,190,103.63,96.26,111.55,0.0356,0.0441,通过
劣质处方,0.6,0.45,60,191,104.33,94.83,114.78,0.0424,0.0572,通过
劣质处方,0.6,0.45,60,192,105.36,95.1,116.73,0.0522,0.0613,通过
劣质处方,0.6,0.45,60,193,115.73,103.74,129.11,0.1461,0.0655,失败
劣质处方,0.6,0.45,60,194,104.24,94.44,115.06,0.0415,0.0591,通过
劣质处方,0.6,0.45,60,195,97.04,87.15,108.04,-0.0301,0.0643,通过
劣质处方,0.6,0.45,60,196,107.12,98.66,116.31,0.0688,0.0492,通过
劣质处方,0.6,0.45,60,197,115.02,106.08,124.71,0.1399,0.0484,通过
劣质处方,0.6,0.45,60,198,115.13,105.49,125.65,0.1409,0.0523,失败
劣质处方,0.6,0.45,60,199,103.61,94.18,113.99,0.0355,0.0571,通过
劣质处方,0.6,0.45,60,200,98.36,88.75,109.01,-0.0165,0.0615,通过
劣质处方,0.6,0.45,60,201,108.57,97.7,120.65,0.0822,0.0631,通过
劣质处方,0.6,0.45,60,202,117.09,107.65,127.36,0.1578,0.0503,失败
劣质处方,0.6,0.45,60,203,110.59,101.84,120.1,0.1007,0.0493,通过
劣质处方,0.6,0.45,60,204,98.27,90.27,106.98,-0.0174,0.0508,通过
劣质处方,0.6,0.45,60,205,127.16,115.27,140.27,0.2403,0.0587,失败
劣质处方,0.6,0.45,60,206,114.51,104.44,125.54,0.1355,0.055,失败
劣质处方,0.6,0.45,60,207,98.95,91.09,107.49,-0.0106,0.0495,通过
劣质处方,0.6,0.45,60,208,111.58,102.25,121.77,0.1096,0.0523,通过
劣质处方,0.6,0.45,60,209,121.0,109.33,133.91,0.1906,0.0607,失败
劣质处方,0.6,0.45,60,210,116.0,105.4,127.68,0.1484,0.0574,失败
劣质处方,0.6,0.45,60,211,106.91,97.08,117.75,0.0668,0.0578,通过
劣质处方,0.6,0.45,60,212,105.76,95.92,116.62,0.056,0.0585,通过
劣质处方,0.6,0.45,60,213,111.51,102.46,121.36,0.109,0.0506,通过
劣质处方,0.6,0.45,60,214,106.79,97.97,116.4,0.0657,0.0516,通过
劣质处方,0.6,0.45,60,215,107.89,98.05,118.72,0.076,0.0572,通过
劣质处方,0.6,0.45,60,216,117.51,106.97,129.08,0.1613,0.0562,失败
劣质处方,0.6,0.45,60,217,109.87,99.23,121.66,0.0941,0.061,通过
劣质处方,0.6,0.45,60,218,113.71,103.38,125.07,0.1285,0.057,失败
劣质处方,0.6,0.45,60,219,101.72,91.9,112.59,0.0171,0.0608,通过
劣质处方,0.6,0.45,60,220,106.25,94.13,119.93,0.0606,0.0725,通过
劣质处方,0.6,0.45,60,221,109.09,99.56,119.54,0.087,0.0547,通过
劣质处方,0.6,0.45,60,222,113.74,104.06,124.32,0.1287,0.0532,通过
劣质处方,0.6,0.45,60,223,102.46,93.74,112.0,0.0243,0.0533,通过
劣质处方,0.6,0.45,60,224,102.69,94.11,112.06,0.0266,0.0522,通过
劣质处方,0.6,0.45,60,225,112.68,102.97,123.31,0.1194,0.0539,通过
劣质处方,0.6,0.45,60,226,124.86,111.88,139.34,0.222,0.0657,失败
劣质处方,0.6,0.45,60,227,109.62,100.57,119.49,0.0919,0.0516,通过
劣质处方,0.6,0.45,60,228,114.21,103.62,125.89,0.1329,0.0583,失败
劣质处方,0.6,0.45,60,229,111.63,100.71,123.74,0.11,0.0616,通过
劣质处方,0.6,0.45,60,230,109.03,97.85,121.5,0.0865,0.0648,通过
劣质处方,0.6,0.45,60,231,111.57,101.08,123.15,0.1095,0.0591,通过
劣质处方,0.6,0.45,60,232,109.4,100.65,118.92,0.0899,0.0499,通过
劣质处方,0.6,0.45,60,233,103.1,93.22,114.04,0.0306,0.0603,通过
劣质处方,0.6,0.45,60,234,111.56,102.18,121.8,0.1094,0.0526,通过
劣质处方,0.6,0.45,60,235,115.99,105.34,127.73,0.1484,0.0577,失败
劣质处方,0.6,0.45,60,236,106.81,98.12,116.27,0.0659,0.0508,通过
劣质处方,0.6,0.45,60,237,119.37,109.46,130.18,0.1771,0.0519,失败
劣质处方,0.6,0.45,60,238,112.21,100.56,125.21,0.1152,0.0656,失败
劣质处方,0.6,0.45,60,239,107.72,98.59,117.69,0.0743,0.053,通过
劣质处方,0.6,0.45,60,240,109.09,100.72,118.17,0.087,0.0478,通过
劣质处方,0.6,0.45,60,241,109.23,99.83,119.52,0.0883,0.0539,通过
劣质处方,0.6,0.45,60,242,102.55,93.58,112.38,0.0252,0.0548,通过
劣质处方,0.6,0.45,60,243,114.67,105.7,124.4,0.1369,0.0487,通过
劣质处方,0.6,0.45,60,244,113.29,102.72,124.94,0.1247,0.0586,通过
劣质处方,0.6,0.45,60,245,112.89,102.97,123.77,0.1213,0.0551,通过
劣质处方,0.6,0.45,60,246,103.99,96.04,112.58,0.0391,0.0475,通过
劣质处方,0.6,0.45,60,247,104.98,95.02,115.99,0.0486,0.0597,通过
劣质处方,0.6,0.45,60,248,110.22,101.3,119.92,0.0973,0.0505,通过
劣质处方,0.6,0.45,60,249,108.12,98.83,118.29,0.0781,0.0538,通过
劣质处方,0.6,0.45,60,250,108.0,98.53,118.37,0.0769,0.0549,通过
劣质处方,0.6,0.45,60,251,111.28,102.06,121.33,0.1069,0.0517,通过
劣质处方,0.6,0.45,60,252,107.87,99.16,117.35,0.0758,0.0504,通过
劣质处方,0.6,0.45,60,253,111.36,100.11,123.88,0.1076,0.0637,通过
劣质处方,0.6,0.45,60,254,104.43,94.77,115.07,0.0433,0.0581,通过
劣质处方,0.6,0.45,60,255,116.97,105.48,129.72,0.1568,0.0619,失败
劣质处方,0.6,0.45,60,256,103.59,94.27,113.84,0.0353,0.0565,通过
劣质处方,0.6,0.45,60,257,115.08,103.03,128.54,0.1405,0.0662,失败
劣质处方,0.6,0.45,60,258,106.53,96.27,117.89,0.0633,0.0606,通过
劣质处方,0.6,0.45,60,259,104.03,94.65,114.34,0.0395,0.0566,通过
劣质处方,0.6,0.45,60,260,109.34,99.15,120.59,0.0893,0.0586,通过
劣质处方,0.6,0.45,60,261,111.43,100.69,123.31,0.1082,0.0606,通过
劣质处方,0.6,0.45,60,262,108.07,99.18,117.75,0.0776,0.0514,通过
劣质处方,0.6,0.45,60,263,120.47,108.26,134.07,0.1863,0.064,失败
劣质处方,0.6,0.45,60,264,106.88,98.33,116.18,0.0666,0.0499,通过
劣质处方,0.6,0.45,60,265,107.39,98.21,117.42,0.0713,0.0535,通过
劣质处方,0.6,0.45,60,266,104.47,96.08,113.6,0.0437,0.0501,通过
劣质处方,0.6,0.45,60,267,109.21,100.1,119.14,0.0881,0.0521,通过
劣质处方,0.6,0.45,60,268,95.16,86.08,105.2,-0.0496,0.06,通过
劣质处方,0.6,0.45,60,269,110.37,98.97,123.08,0.0987,0.0652,通过
劣质处方,0.6,0.45,60,270,115.16,104.91,126.41,0.1412,0.0558,失败
劣质处方,0.6,0.45,60,271,107.83,99.17,117.24,0.0754,0.0501,通过
劣质处方,0.6,0.45,60,272,99.99,91.35,109.46,-0.0001,0.0541,通过
劣质处方,0.6,0.45,60,273,104.04,95.18,113.73,0.0396,0.0533,通过
劣质处方,0.6,0.45,60,274,99.36,90.0,109.69,-0.0064,0.0592,通过
劣质处方,0.6,0.45,60,275,102.67,93.93,112.22,0.0263,0.0532,通过
劣质处方,0.6,0.45,60,276,107.36,97.83,117.81,0.071,0.0556,通过
劣质处方,0.6,0.45,60,277,110.17,99.33,122.2,0.0969,0.062,通过
劣质处方,0.6,0.45,60,278,117.95,109.2,127.4,0.1651,0.0461,失败
劣质处方,0.6,0.45,60,279,98.9,91.92,106.42,-0.011,0.0438,通过
劣质处方,0.6,0.45,60,280,108.02,97.87,119.22,0.0771,0.059,通过
劣质处方,0.6,0.45,60,281,111.38,101.23,122.54,0.1078,0.0572,通过
劣质处方,0.6,0.45,60,282,108.66,97.97,120.52,0.0831,0.062,通过
劣质处方,0.6,0.45,60,283,113.29,104.14,123.24,0.1247,0.0504,通过
劣质处方,0.6,0.45,60,284,120.27,111.46,129.77,0.1845,0.0455,失败
劣质处方,0.6,0.45,60,285,113.05,103.25,123.79,0.1227,0.0543,通过
劣质处方,0.6,0.45,60,286,114.0,103.22,125.92,0.1311,0.0595,失败
劣质处方,0.6,0.45,60,287,112.85,103.47,123.08,0.1209,0.0519,通过
劣质处方,0.6,0.45,60,288,99.39,89.91,109.86,-0.0062,0.06,通过
劣质处方,0.6,0.45,60,289,111.11,101.14,122.06,0.1054,0.0562,通过
劣质处方,0.6,0.45,60,290,103.8,95.13,113.26,0.0373,0.0522,通过
劣质处方,0.6,0.45,60,291,121.94,110.97,133.99,0.1983,0.0564,失败
劣质处方,0.6,0.45,60,292,112.97,102.32,124.74,0.122,0.0593,通过
劣质处方,0.6,0.45,60,293,104.91,96.81,113.68,0.0479,0.0481,通过
劣质处方,0.6,0.45,60,294,114.31,103.83,125.84,0.1337,0.0575,失败
劣质处方,0.6,0.45,60,295,116.42,105.76,128.15,0.152,0.0575,失败
劣质处方,0.6,0.45,60,296,115.14,104.9,126.37,0.1409,0.0557,失败
劣质处方,0.6,0.45,60,297,112.13,102.28,122.92,0.1145,0.055,通过
劣质处方,0.6,0.45,60,298,114.59,103.98,126.28,0.1362,0.0581,失败
劣质处方,0.6,0.45,60,299,106.98,97.91,116.89,0.0675,0.053,通过
劣质处方,0.6,0.45,60,300,105.15,95.44,115.85,0.0502,0.058,通过
劣质处方,0.6,0.45,60,301,115.64,105.53,126.72,0.1453,0.0547,失败
劣质处方,0.6,0.45,60,302,108.6,100.15,117.76,0.0825,0.0485,通过
劣质处方,0.6,0.45,60,303,98.32,90.82,106.44,-0.0169,0.0475,通过
劣质处方,0.6,0.45,60,304,114.56,104.24,125.89,0.1359,0.0565,失败
劣质处方,0.6,0.45,60,305,108.79,98.03,120.73,0.0842,0.0623,通过
劣质处方,0.6,0.45,60,306,109.29,101.89,117.23,0.0888,0.042,通过
劣质处方,0.6,0.45,60,307,111.48,102.29,121.49,0.1087,0.0515,通过
劣质处方,0.6,0.45,60,308,115.09,104.41,126.86,0.1405,0.0583,失败
劣质处方,0.6,0.45,60,309,108.22,98.8,118.53,0.079,0.0545,通过
劣质处方,0.6,0.45,60,310,104.47,94.82,115.11,0.0438,0.058,通过
劣质处方,0.6,0.45,60,311,110.35,102.17,119.18,0.0985,0.0461,通过
劣质处方,0.6,0.45,60,312,109.47,98.5,121.67,0.0905,0.0632,通过
劣质处方,0.6,0.45,60,313,109.56,99.33,120.86,0.0913,0.0587,通过
劣质处方,0.6,0.45,60,314,111.07,102.2,120.71,0.105,0.0498,通过
劣质处方,0.6,0.45,60,315,110.08,100.62,120.43,0.096,0.0538,通过
劣质处方,0.6,0.45,60,316,114.67,105.74,124.34,0.1369,0.0485,通过
劣质处方,0.6,0.45,60,317,106.01,96.11,116.94,0.0584,0.0587,通过
劣质处方,0.6,0.45,60,318,104.0,94.93,113.94,0.0393,0.0546,通过
劣质处方,0.6,0.45,60,319,109.6,99.76,120.4,0.0916,0.0563,通过
劣质处方,0.6,0.45,60,320,108.51,98.33,119.73,0.0816,0.0589,通过
劣质处方,0.6,0.45,60,321,111.1,98.69,125.08,0.1053,0.0709,失败
劣质处方,0.6,0.45,60,322,106.86,96.2,118.71,0.0664,0.0629,通过
劣质处方,0.6,0.45,60,323,102.89,94.7,111.79,0.0285,0.0496,通过
劣质处方,0.6,0.45,60,324,113.7,104.04,124.25,0.1284,0.0531,通过
劣质处方,0.6,0.45,60,325,111.98,102.03,122.91,0.1132,0.0557,通过
劣质处方,0.6,0.45,60,326,106.66,97.67,116.48,0.0645,0.0527,通过
劣质处方,0.6,0.45,60,327,98.96,89.78,109.08,-0.0104,0.0583,通过
劣质处方,0.6,0.45,60,328,109.61,99.25,121.04,0.0917,0.0594,通过
劣质处方,0.6,0.45,60,329,111.19,102.15,121.03,0.1061,0.0508,通过
劣质处方,0.6,0.45,60,330,114.67,105.24,124.94,0.1369,0.0513,通过
劣质处方,0.6,0.45,60,331,98.62,90.36,107.64,-0.0139,0.0524,通过
劣质处方,0.6,0.45,60,332,121.52,110.96,133.09,0.1949,0.0544,失败
劣质处方,0.6,0.45,60,333,116.8,106.41,128.21,0.1553,0.0557,失败
劣质处方,0.6,0.45,60,334,98.98,90.41,108.37,-0.0102,0.0542,通过
劣质处方,0.6,0.45,60,335,106.55,96.1,118.14,0.0634,0.0618,通过
劣质处方,0.6,0.45,60,336,116.62,104.52,130.12,0.1537,0.0655,失败
劣质处方,0.6,0.45,60,337,106.08,97.74,115.13,0.059,0.049,通过
劣质处方,0.6,0.45,60,338,107.94,97.8,119.13,0.0764,0.059,通过
劣质处方,0.6,0.45,60,339,112.38,100.67,125.46,0.1167,0.0659,失败
劣质处方,0.6,0.45,60,340,111.1,100.78,122.47,0.1053,0.0583,通过
劣质处方,0.6,0.45,60,341,115.49,104.5,127.62,0.144,0.0598,失败
劣质处方,0.6,0.45,60,342,110.3,98.72,123.24,0.0981,0.0664,通过
劣质处方,0.6,0.45,60,343,114.7,105.13,125.13,0.1371,0.0521,失败
劣质处方,0.6,0.45,60,344,109.37,100.8,118.67,0.0896,0.0488,通过
劣质处方,0.6,0.45,60,345,116.21,106.62,126.66,0.1502,0.0515,失败
劣质处方,0.6,0.45,60,346,111.75,101.4,123.16,0.1111,0.0581,通过
劣质处方,0.6,0.45,60,347,112.66,102.57,123.75,0.1192,0.0562,通过
劣质处方,0.6,0.45,60,348,110.85,100.87,121.82,0.103,0.0565,通过
劣质处方,0.6,0.45,60,349,110.6,99.7,122.7,0.1008,0.0621,通过
劣质处方,0.6,0.45,60,350,104.9,96.72,113.76,0.0478,0.0486,通过
劣质处方,0.6,0.45,60,351,102.04,92.28,112.85,0.0202,0.0602,通过
劣质处方,0.6,0.45,60,352,112.91,101.52,125.58,0.1214,0.0636,失败
劣质处方,0.6,0.45,60,353,116.93,106.79,128.04,0.1564,0.0543,失败
劣质处方,0.6,0.45,60,354,112.93,102.33,124.62,0.1216,0.059,通过
劣质处方,0.6,0.45,60,355,107.98,98.35,118.55,0.0767,0.0559,通过
劣质处方,0.6,0.45,60,356,106.33,98.32,114.99,0.0614,0.0469,通过
劣质处方,0.6,0.45,60,357,108.84,99.93,118.55,0.0847,0.0511,通过
劣质处方,0.6,0.45,60,358,101.46,93.68,109.89,0.0145,0.0478,通过
劣质处方,0.6,0.45,60,359,107.08,98.14,116.83,0.0684,0.0522,通过
劣质处方,0.6,0.45,60,360,107.1,97.07,118.16,0.0686,0.0588,通过
劣质处方,0.6,0.45,60,361,97.54,88.53,107.47,-0.0249,0.058,通过
劣质处方,0.6,0.45,60,362,105.99,96.46,116.46,0.0582,0.0564,通过
劣质处方,0.6,0.45,60,363,131.18,119.86,143.57,0.2714,0.054,失败
劣质处方,0.6,0.45,60,364,109.95,99.53,121.46,0.0949,0.0596,通过
劣质处方,0.6,0.45,60,365,111.14,102.09,120.99,0.1056,0.0508,通过
劣质处方,0.6,0.45,60,366,106.28,96.81,116.69,0.0609,0.0559,通过
劣质处方,0.6,0.45,60,367,107.44,98.44,117.26,0.0717,0.0523,通过
劣质处方,0.6,0.45,60,368,109.39,99.13,120.71,0.0897,0.0589,通过
劣质处方,0.6,0.45,60,369,121.02,109.07,134.27,0.1908,0.0622,失败
劣质处方,0.6,0.45,60,370,105.69,96.53,115.71,0.0553,0.0542,通过
劣质处方,0.6,0.45,60,371,109.35,100.74,118.69,0.0894,0.0491,通过
劣质处方,0.6,0.45,60,372,107.75,97.62,118.93,0.0746,0.0591,通过
劣质处方,0.6,0.45,60,373,104.32,95.36,114.12,0.0423,0.0537,通过
劣质处方,0.6,0.45,60,374,100.38,91.82,109.72,0.0037,0.0533,通过
劣质处方,0.6,0.45,60,375,113.32,102.3,125.54,0.1251,0.0613,失败
劣质处方,0.6,0.45,60,376,109.82,98.82,122.05,0.0937,0.0632,通过
劣质处方,0.6,0.45,60,377,112.2,103.09,122.12,0.1151,0.0507,通过
劣质处方,0.6,0.45,60,378,106.77,96.53,118.08,0.0655,0.0603,通过
劣质处方,0.6,0.45,60,379,105.58,95.75,116.41,0.0543,0.0585,通过
劣质处方,0.6,0.45,60,380,118.79,109.91,128.39,0.1722,0.0465,失败
劣质处方,0.6,0.45,60,381,115.99,105.57,127.44,0.1483,0.0563,失败
劣质处方,0.6,0.45,60,382,109.17,100.15,119.0,0.0877,0.0516,通过
劣质处方,0.6,0.45,60,383,102.95,93.01,113.95,0.0291,0.0607,通过
劣质处方,0.6,0.45,60,384,114.59,104.68,125.43,0.1362,0.0541,失败
劣质处方,0.6,0.45,60,385,108.57,98.83,119.26,0.0822,0.0562,通过
劣质处方,0.6,0.45,60,386,100.9,90.38,112.65,0.009,0.0659,通过
劣质处方,0.6,0.45,60,387,109.88,99.39,121.49,0.0943,0.0601,通过
劣质处方,0.6,0.45,60,388,107.85,98.92,117.58,0.0756,0.0517,通过
劣质处方,0.6,0.45,60,389,94.99,87.68,102.9,-0.0514,0.0479,通过
劣质处方,0.6,0.45,60,390,118.14,107.29,130.08,0.1667,0.0576,失败
劣质处方,0.6,0.45,60,391,107.5,97.77,118.21,0.0723,0.0568,通过
劣质处方,0.6,0.45,60,392,118.04,108.1,128.9,0.1659,0.0527,失败
劣质处方,0.6,0.45,60,393,110.67,102.22,119.82,0.1014,0.0475,通过
劣质处方,0.6,0.45,60,394,106.43,97.05,116.71,0.0623,0.0552,通过
劣质处方,0.6,0.45,60,395,110.17,99.9,121.49,0.0968,0.0586,通过
劣质处方,0.6,0.45,60,396,116.12,106.25,126.91,0.1495,0.0532,失败
劣质处方,0.6,0.45,60,397,107.9,97.3,119.66,0.076,0.0619,通过
劣质处方,0.6,0.45,60,398,107.76,96.73,120.06,0.0748,0.0646,通过
劣质处方,0.6,0.45,60,399,111.03,100.8,122.3,0.1046,0.0578,通过
劣质处方,0.6,0.45,60,400,108.44,98.07,119.91,0.081,0.0602,通过
劣质处方,0.6,0.45,60,401,106.34,97.3,116.21,0.0614,0.0531,通过
劣质处方,0.6,0.45,60,402,117.48,108.04,127.76,0.1611,0.0502,失败
劣质处方,0.6,0.45,60,403,109.44,99.68,120.16,0.0902,0.0559,通过
劣质处方,0.6,0.45,60,404,107.53,99.93,115.71,0.0726,0.0439,通过
劣质处方,0.6,0.45,60,405,113.61,103.64,124.54,0.1276,0.055,通过
劣质处方,0.6,0.45,60,406,117.96,108.34,128.42,0.1651,0.0509,失败
劣质处方,0.6,0.45,60,407,126.96,116.18,138.75,0.2387,0.0531,失败
劣质处方,0.6,0.45,60,408,105.05,95.23,115.87,0.0492,0.0587,通过
劣质处方,0.6,0.45,60,409,112.45,102.95,122.81,0.1173,0.0528,通过
劣质处方,0.6,0.45,60,410,103.06,91.49,116.1,0.0302,0.0713,通过
劣质处方,0.6,0.45,60,411,101.1,93.51,109.31,0.011,0.0467,通过
劣质处方,0.6,0.45,60,412,101.58,93.58,110.26,0.0157,0.0491,通过
劣质处方,0.6,0.45,60,413,98.27,89.33,108.11,-0.0175,0.0571,通过
劣质处方,0.6,0.45,60,414,110.31,98.78,123.19,0.0982,0.0661,通过
劣质处方,0.6,0.45,60,415,111.38,101.09,122.71,0.1077,0.058,通过
劣质处方,0.6,0.45,60,416,101.43,93.59,109.93,0.0142,0.0481,通过
劣质处方,0.6,0.45,60,417,116.67,105.58,128.93,0.1542,0.0598,失败
劣质处方,0.6,0.45,60,418,105.09,96.27,114.72,0.0496,0.0525,通过
劣质处方,0.6,0.45,60,419,110.9,100.12,122.84,0.1034,0.0612,通过
劣质处方,0.6,0.45,60,420,105.44,96.18,115.59,0.053,0.055,通过
劣质处方,0.6,0.45,60,421,107.66,97.63,118.73,0.0738,0.0586,通过
劣质处方,0.6,0.45,60,422,108.61,99.79,118.21,0.0826,0.0507,通过
劣质处方,0.6,0.45,60,423,98.24,90.42,106.73,-0.0178,0.0496,通过
劣质处方,0.6,0.45,60,424,113.22,103.42,123.95,0.1242,0.0542,通过
劣质处方,0.6,0.45,60,425,122.54,110.91,135.39,0.2033,0.0597,失败
劣质处方,0.6,0.45,60,426,115.08,104.14,127.17,0.1405,0.0598,失败
劣质处方,0.6,0.45,60,427,106.5,98.34,115.33,0.0629,0.0477,通过
劣质处方,0.6,0.45,60,428,116.93,107.62,127.06,0.1564,0.0497,失败
劣质处方,0.6,0.45,60,429,100.19,90.78,110.59,0.0019,0.0591,通过
劣质处方,0.6,0.45,60,430,104.9,96.77,113.71,0.0478,0.0483,通过
劣质处方,0.6,0.45,60,431,98.01,88.25,108.84,-0.0201,0.0628,通过
劣质处方,0.6,0.45,60,432,106.08,96.11,117.09,0.0591,0.0591,通过
劣质处方,0.6,0.45,60,433,100.17,92.37,108.63,0.0017,0.0485,通过
劣质处方,0.6,0.45,60,434,102.07,92.94,112.11,0.0205,0.0561,通过
劣质处方,0.6,0.45,60,435,118.06,106.18,131.27,0.166,0.0635,失败
劣质处方,0.6,0.45,60,436,114.61,105.6,124.4,0.1364,0.049,通过
劣质处方,0.6,0.45,60,437,100.64,91.19,111.07,0.0064,0.059,通过
劣质处方,0.6,0.45,60,438,110.25,100.23,121.27,0.0976,0.057,通过
劣质处方,0.6,0.45,60,439,116.89,106.64,128.12,0.1561,0.0549,失败
劣质处方,0.6,0.45,60,440,113.59,101.46,127.17,0.1275,0.0676,失败
劣质处方,0.6,0.45,60,441,111.15,101.11,122.2,0.1057,0.0567,通过
劣质处方,0.6,0.45,60,442,108.9,99.61,119.05,0.0852,0.0533,通过
劣质处方,0.6,0.45,60,443,118.58,108.22,129.93,0.1704,0.0547,失败
劣质处方,0.6,0.45,60,444,111.33,101.7,121.88,0.1074,0.0542,通过
劣质处方,0.6,0.45,60,445,114.62,104.57,125.64,0.1364,0.0549,失败
劣质处方,0.6,0.45,60,446,102.85,95.1,111.22,0.0281,0.0468,通过
劣质处方,0.6,0.45,60,447,106.55,97.86,116.0,0.0634,0.0509,通过
劣质处方,0.6,0.45,60,448,109.24,99.76,119.62,0.0884,0.0543,通过
劣质处方,0.6,0.45,60,449,108.56,99.05,118.98,0.0821,0.0548,通过
劣质处方,0.6,0.45,60,450,123.53,113.55,134.39,0.2113,0.0504,失败
劣质处方,0.6,0.45,60,451,105.88,95.97,116.82,0.0572,0.0588,通过
劣质处方,0.6,0.45,60,452,104.27,93.54,116.23,0.0418,0.065,通过
劣质处方,0.6,0.45,60,453,107.49,98.19,117.66,0.0722,0.0541,通过
劣质处方,0.6,0.45,60,454,121.73,111.97,132.34,0.1966,0.05,失败
劣质处方,0.6,0.45,60,455,116.95,108.01,126.63,0.1566,0.0476,失败
劣质处方,0.6,0.45,60,456,103.7,94.7,113.56,0.0364,0.0544,通过
劣质处方,0.6,0.45,60,457,118.27,109.25,128.03,0.1678,0.0475,失败
劣质处方,0.6,0.45,60,458,107.28,98.27,117.12,0.0703,0.0525,通过
劣质处方,0.6,0.45,60,459,109.47,99.61,120.3,0.0904,0.0565,通过
劣质处方,0.6,0.45,60,460,108.56,98.62,119.5,0.0821,0.0575,通过
劣质处方,0.6,0.45,60,461,106.13,96.47,116.77,0.0595,0.0571,通过
劣质处方,0.6,0.45,60,462,113.73,104.57,123.7,0.1287,0.0503,通过
劣质处方,0.6,0.45,60,463,113.74,103.34,125.18,0.1287,0.0574,失败
劣质处方,0.6,0.45,60,464,115.98,107.26,125.42,0.1483,0.0468,失败
劣质处方,0.6,0.45,60,465,120.05,110.67,130.21,0.1827,0.0487,失败
劣质处方,0.6,0.45,60,466,108.31,98.65,118.92,0.0798,0.0559,通过
劣质处方,0.6,0.45,60,467,117.23,107.09,128.32,0.159,0.0541,失败
劣质处方,0.6,0.45,60,468,111.05,99.23,124.28,0.1048,0.0674,通过
劣质处方,0.6,0.45,60,469,108.89,99.94,118.63,0.0851,0.0513,通过
劣质处方,0.6,0.45,60,470,111.32,98.91,125.27,0.1072,0.0707,失败
劣质处方,0.6,0.45,60,471,102.19,93.58,111.61,0.0217,0.0527,通过
劣质处方,0.6,0.45,60,472,105.84,96.84,115.69,0.0568,0.0532,通过
劣质处方,0.6,0.45,60,473,105.25,96.45,114.85,0.0512,0.0522,通过
劣质处方,0.6,0.45,60,474,112.92,102.07,124.93,0.1215,0.0605,通过
劣质处方,0.6,0.45,60,475,109.58,99.87,120.24,0.0915,0.0555,通过
劣质处方,0.6,0.45,60,476,112.5,101.65,124.52,0.1178,0.0607,通过
劣质处方,0.6,0.45,60,477,120.97,110.9,131.95,0.1904,0.052,失败
劣质处方,0.6,0.45,60,478,114.94,105.48,125.25,0.1392,0.0514,失败
劣质处方,0.6,0.45,60,479,101.31,91.51,112.16,0.0131,0.0609,通过
劣质处方,0.6,0.45,60,480,118.61,107.87,130.42,0.1707,0.0568,失败
劣质处方,0.6,0.45,60,481,112.9,102.86,123.92,0.1213,0.0557,通过
劣质处方,0.6,0.45,60,482,101.0,89.83,113.55,0.0099,0.0701,通过
劣质处方,0.6,0.45,60,483,110.66,103.02,118.87,0.1013,0.0428,通过
劣质处方,0.6,0.45,60,484,104.68,95.64,114.57,0.0457,0.0541,通过
劣质处方,0.6,0.45,60,485,118.7,106.1,132.81,0.1715,0.0672,失败
劣质处方,0.6,0.45,60,486,95.95,88.33,104.23,-0.0413,0.0495,通过
劣质处方,0.6,0.45,60,487,113.87,104.0,124.67,0.1299,0.0542,通过
劣质处方,0.6,0.45,60,488,107.35,97.1,118.69,0.071,0.0601,通过
劣质处方,0.6,0.45,60,489,107.25,96.96,118.62,0.07,0.0603,通过
劣质处方,0.6,0.45,60,490,102.26,92.86,112.61,0.0223,0.0577,通过
劣质处方,0.6,0.45,60,491,108.62,98.77,119.44,0.0827,0.0568,通过
劣质处方,0.6,0.45,60,492,113.29,103.22,124.34,0.1248,0.0557,通过
劣质处方,0.6,0.45,60,493,109.89,98.97,122.01,0.0943,0.0626,通过
劣质处方,0.6,0.45,60,494,109.25,99.02,120.54,0.0885,0.0588,通过
劣质处方,0.6,0.45,60,495,107.55,98.63,117.28,0.0728,0.0518,通过
劣质处方,0.6,0.45,60,496,109.5,98.28,122.01,0.0908,0.0647,通过
劣质处方,0.6,0.45,60,497,100.14,91.09,110.08,0.0014,0.0567,通过
劣质处方,0.6,0.45,60,498,110.89,102.11,120.44,0.1034,0.0494,通过
劣质处方,0.6,0.45,60,499,101.34,92.74,110.74,0.0133,0.0531,通过
劣质处方,0.6,0.45,60,500,113.36,104.22,123.3,0.1254,0.0503,通过
劣质处方,0.6,0.45,80,1,115.68,106.58,125.55,0.1456,0.0492,失败
劣质处方,0.6,0.45,80,2,116.94,107.77,126.88,0.1565,0.049,失败
劣质处方,0.6,0.45,80,3,102.49,95.63,109.84,0.0246,0.0416,通过
劣质处方,0.6,0.45,80,4,103.98,96.58,111.96,0.0391,0.0444,通过
劣质处方,0.6,0.45,80,5,119.69,111.37,128.64,0.1798,0.0433,失败
劣质处方,0.6,0.45,80,6,113.61,104.99,122.93,0.1276,0.0474,通过
劣质处方,0.6,0.45,80,7,110.74,102.12,120.09,0.102,0.0487,通过
劣质处方,0.6,0.45,80,8,102.6,95.28,110.49,0.0257,0.0445,通过
劣质处方,0.6,0.45,80,9,110.19,102.17,118.83,0.097,0.0454,通过
劣质处方,0.6,0.45,80,10,108.14,100.36,116.52,0.0783,0.0449,通过
劣质处方,0.6,0.45,80,11,114.77,106.13,124.11,0.1377,0.047,通过
劣质处方,0.6,0.45,80,12,104.73,96.87,113.23,0.0462,0.0469,通过
劣质处方,0.6,0.45,80,13,111.29,102.43,120.92,0.107,0.0498,通过
劣质处方,0.6,0.45,80,14,107.85,100.08,116.23,0.0756,0.045,通过
劣质处方,0.6,0.45,80,15,120.52,111.6,130.15,0.1866,0.0462,失败
劣质处方,0.6,0.45,80,16,102.47,94.48,111.14,0.0244,0.0488,通过
劣质处方,0.6,0.45,80,17,112.71,103.86,122.32,0.1197,0.0491,通过
劣质处方,0.6,0.45,80,18,111.97,102.64,122.15,0.1131,0.0523,通过
劣质处方,0.6,0.45,80,19,110.14,101.5,119.51,0.0966,0.0491,通过
劣质处方,0.6,0.45,80,20,107.57,99.74,116.02,0.073,0.0454,通过
劣质处方,0.6,0.45,80,21,107.37,98.65,116.86,0.0711,0.0509,通过
劣质处方,0.6,0.45,80,22,106.37,97.96,115.5,0.0618,0.0495,通过
劣质处方,0.6,0.45,80,23,103.34,95.02,112.38,0.0328,0.0504,通过
劣质处方,0.6,0.45,80,24,106.63,98.35,115.6,0.0642,0.0486,通过
劣质处方,0.6,0.45,80,25,105.12,97.36,113.5,0.0499,0.0461,通过
劣质处方,0.6,0.45,80,26,114.76,104.9,125.55,0.1377,0.054,失败
劣质处方,0.6,0.45,80,27,109.98,101.7,118.93,0.0951,0.047,通过
劣质处方,0.6,0.45,80,28,107.96,99.59,117.05,0.0766,0.0485,通过
劣质处方,0.6,0.45,80,29,112.54,103.02,122.95,0.1182,0.0531,通过
劣质处方,0.6,0.45,80,30,113.94,105.85,122.65,0.1305,0.0442,通过
劣质处方,0.6,0.45,80,31,102.56,94.66,111.11,0.0253,0.0481,通过
劣质处方,0.6,0.45,80,32,109.47,101.7,117.84,0.0905,0.0442,通过
劣质处方,0.6,0.45,80,33,110.71,101.41,120.87,0.1018,0.0527,通过
劣质处方,0.6,0.45,80,34,116.31,108.24,124.98,0.1511,0.0432,通过
劣质处方,0.6,0.45,80,35,117.31,108.37,126.99,0.1596,0.0476,失败
劣质处方,0.6,0.45,80,36,110.87,102.25,120.22,0.1032,0.0486,通过
劣质处方,0.6,0.45,80,37,112.31,102.92,122.55,0.1161,0.0524,通过
劣质处方,0.6,0.45,80,38,105.09,96.99,113.86,0.0496,0.0482,通过
劣质处方,0.6,0.45,80,39,109.72,101.51,118.6,0.0928,0.0467,通过
劣质处方,0.6,0.45,80,40,119.47,108.61,131.42,0.1779,0.0573,失败
劣质处方,0.6,0.45,80,41,99.42,92.02,107.41,-0.0058,0.0464,通过
劣质处方,0.6,0.45,80,42,111.8,103.62,120.62,0.1115,0.0456,通过
劣质处方,0.6,0.45,80,43,104.88,96.41,114.09,0.0476,0.0506,通过
劣质处方,0.6,0.45,80,44,107.18,99.04,115.99,0.0693,0.0475,通过
劣质处方,0.6,0.45,80,45,111.62,103.51,120.37,0.11,0.0453,通过
劣质处方,0.6,0.45,80,46,107.5,98.84,116.93,0.0724,0.0505,通过
劣质处方,0.6,0.45,80,47,107.06,98.38,116.5,0.0682,0.0508,通过
劣质处方,0.6,0.45,80,48,104.69,96.79,113.25,0.0459,0.0472,通过
劣质处方,0.6,0.45,80,49,105.55,97.39,114.4,0.054,0.0484,通过
劣质处方,0.6,0.45,80,50,104.46,97.63,111.78,0.0437,0.0407,通过
劣质处方,0.6,0.45,80,51,105.24,96.19,115.16,0.0511,0.0541,通过
劣质处方,0.6,0.45,80,52,106.58,98.89,114.87,0.0637,0.045,通过
劣质处方,0.6,0.45,80,53,115.21,105.59,125.7,0.1416,0.0524,失败
劣质处方,0.6,0.45,80,54,115.03,106.77,123.93,0.14,0.0448,通过
劣质处方,0.6,0.45,80,55,106.47,98.82,114.72,0.0627,0.0448,通过
劣质处方,0.6,0.45,80,56,105.63,98.68,113.05,0.0547,0.0408,通过
劣质处方,0.6,0.45,80,57,102.4,95.0,110.37,0.0237,0.045,通过
劣质处方,0.6,0.45,80,58,115.7,106.28,125.96,0.1459,0.051,失败
劣质处方,0.6,0.45,80,59,106.18,98.71,114.21,0.06,0.0438,通过
劣质处方,0.6,0.45,80,60,109.24,101.36,117.73,0.0884,0.045,通过
劣质处方,0.6,0.45,80,61,114.63,105.86,124.12,0.1365,0.0478,通过
劣质处方,0.6,0.45,80,62,116.25,107.37,125.86,0.1506,0.0477,失败
劣质处方,0.6,0.45,80,63,109.79,100.87,119.5,0.0934,0.0509,通过
劣质处方,0.6,0.45,80,64,108.19,99.72,117.39,0.0788,0.049,通过
劣质处方,0.6,0.45,80,65,102.83,94.01,112.48,0.0279,0.0539,通过
劣质处方,0.6,0.45,80,66,116.46,107.97,125.62,0.1524,0.0455,失败
劣质处方,0.6,0.45,80,67,116.66,107.94,126.08,0.1541,0.0467,失败
劣质处方,0.6,0.45,80,68,100.35,92.95,108.33,0.0035,0.046,通过
劣质处方,0.6,0.45,80,69,108.89,101.42,116.9,0.0851,0.0427,通过
劣质处方,0.6,0.45,80,70,107.53,100.24,115.35,0.0726,0.0422,通过
劣质处方,0.6,0.45,80,71,109.92,102.27,118.13,0.0945,0.0433,通过
劣质处方,0.6,0.45,80,72,113.7,104.42,123.8,0.1284,0.0511,通过
劣质处方,0.6,0.45,80,73,115.99,106.17,126.72,0.1484,0.0532,失败
劣质处方,0.6,0.45,80,74,103.09,94.72,112.19,0.0304,0.0509,通过
劣质处方,0.6,0.45,80,75,108.93,101.17,117.28,0.0855,0.0444,通过
劣质处方,0.6,0.45,80,76,110.4,102.06,119.41,0.0989,0.0472,通过
劣质处方,0.6,0.45,80,77,103.75,96.13,111.96,0.0368,0.0458,通过
劣质处方,0.6,0.45,80,78,111.41,103.83,119.54,0.108,0.0423,通过
劣质处方,0.6,0.45,80,79,108.76,100.67,117.49,0.084,0.0464,通过
劣质处方,0.6,0.45,80,80,114.33,105.06,124.41,0.1339,0.0508,通过
劣质处方,0.6,0.45,80,81,108.59,100.38,117.48,0.0825,0.0472,通过
劣质处方,0.6,0.45,80,82,103.12,95.15,111.76,0.0307,0.0483,通过
劣质处方,0.6,0.45,80,83,97.82,90.83,105.35,-0.0221,0.0446,通过
劣质处方,0.6,0.45,80,84,111.25,102.19,121.11,0.1066,0.051,通过
劣质处方,0.6,0.45,80,85,113.32,105.15,122.13,0.1251,0.045,通过
劣质处方,0.6,0.45,80,86,101.65,94.09,109.82,0.0164,0.0464,通过
劣质处方,0.6,0.45,80,87,112.83,104.86,121.41,0.1207,0.044,通过
劣质处方,0.6,0.45,80,88,119.84,109.96,130.61,0.181,0.0517,失败
劣质处方,0.6,0.45,80,89,115.32,106.92,124.37,0.1425,0.0454,通过
劣质处方,0.6,0.45,80,90,108.17,99.98,117.04,0.0785,0.0473,通过
劣质处方,0.6,0.45,80,91,106.77,99.18,114.94,0.0655,0.0443,通过
劣质处方,0.6,0.45,80,92,105.13,97.15,113.76,0.05,0.0474,通过
劣质处方,0.6,0.45,80,93,112.52,104.01,121.72,0.1179,0.0472,通过
劣质处方,0.6,0.45,80,94,112.43,103.67,121.92,0.1171,0.0487,通过
劣质处方,0.6,0.45,80,95,108.96,100.07,118.64,0.0858,0.0512,通过
劣质处方,0.6,0.45,80,96,105.91,98.0,114.46,0.0574,0.0466,通过
劣质处方,0.6,0.45,80,97,109.21,100.25,118.96,0.0881,0.0514,通过
劣质处方,0.6,0.45,80,98,114.03,105.42,123.35,0.1313,0.0472,通过
劣质处方,0.6,0.45,80,99,107.75,99.24,116.98,0.0746,0.0494,通过
劣质处方,0.6,0.45,80,100,106.64,98.5,115.44,0.0643,0.0477,通过
劣质处方,0.6,0.45,80,101,113.18,104.17,122.98,0.1238,0.0499,通过
劣质处方,0.6,0.45,80,102,113.65,105.18,122.79,0.1279,0.0465,通过
劣质处方,0.6,0.45,80,103,107.05,98.34,116.52,0.0681,0.0509,通过
劣质处方,0.6,0.45,80,104,108.72,99.92,118.28,0.0836,0.0507,通过
劣质处方,0.6,0.45,80,105,100.46,92.96,108.58,0.0046,0.0467,通过
劣质处方,0.6,0.45,80,106,112.85,103.66,122.86,0.1209,0.0511,通过
劣质处方,0.6,0.45,80,107,115.04,106.62,124.14,0.1401,0.0457,通过
劣质处方,0.6,0.45,80,108,109.52,101.53,118.13,0.0909,0.0455,通过
劣质处方,0.6,0.45,80,109,115.33,106.31,125.12,0.1426,0.049,失败
劣质处方,0.6,0.45,80,110,108.64,100.41,117.53,0.0828,0.0473,通过
劣质处方,0.6,0.45,80,111,100.76,92.79,109.42,0.0076,0.0495,通过
劣质处方,0.6,0.45,80,112,105.6,97.98,113.82,0.0545,0.045,通过
劣质处方,0.6,0.45,80,113,106.96,99.8,114.63,0.0673,0.0416,通过
劣质处方,0.6,0.45,80,114,103.6,95.34,112.57,0.0353,0.0499,通过
劣质处方,0.6,0.45,80,115,105.66,96.87,115.25,0.055,0.0522,通过
劣质处方,0.6,0.45,80,116,109.16,99.82,119.36,0.0876,0.0537,通过
劣质处方,0.6,0.45,80,117,113.48,104.95,122.7,0.1264,0.047,通过
劣质处方,0.6,0.45,80,118,106.84,97.56,117.0,0.0662,0.0546,通过
劣质处方,0.6,0.45,80,119,109.72,101.03,119.17,0.0928,0.0496,通过
劣质处方,0.6,0.45,80,120,102.09,95.06,109.63,0.0207,0.0428,通过
劣质处方,0.6,0.45,80,121,108.01,99.58,117.16,0.0771,0.0488,通过
劣质处方,0.6,0.45,80,122,111.92,103.41,121.13,0.1126,0.0475,通过
劣质处方,0.6,0.45,80,123,122.03,112.31,132.59,0.1991,0.0499,失败
劣质处方,0.6,0.45,80,124,105.22,97.33,113.74,0.0508,0.0468,通过
劣质处方,0.6,0.45,80,125,111.62,102.75,121.26,0.11,0.0498,通过
劣质处方,0.6,0.45,80,126,102.47,95.1,110.4,0.0244,0.0448,通过
劣质处方,0.6,0.45,80,127,103.25,94.36,112.99,0.032,0.0541,通过
劣质处方,0.6,0.45,80,128,108.12,99.8,117.13,0.078,0.0481,通过
劣质处方,0.6,0.45,80,129,117.3,108.47,126.85,0.1596,0.047,失败
劣质处方,0.6,0.45,80,130,113.16,104.15,122.95,0.1236,0.0499,通过
劣质处方,0.6,0.45,80,131,110.12,102.49,118.32,0.0964,0.0431,通过
劣质处方,0.6,0.45,80,132,106.34,97.51,115.97,0.0614,0.0521,通过
劣质处方,0.6,0.45,80,133,113.69,105.01,123.09,0.1283,0.0477,通过
劣质处方,0.6,0.45,80,134,109.16,100.44,118.64,0.0877,0.05,通过
劣质处方,0.6,0.45,80,135,102.21,92.35,113.12,0.0218,0.0609,通过
劣质处方,0.6,0.45,80,136,113.83,105.2,123.17,0.1296,0.0474,通过
劣质处方,0.6,0.45,80,137,112.38,103.39,122.16,0.1167,0.0501,通过
劣质处方,0.6,0.45,80,138,108.85,100.92,117.4,0.0848,0.0454,通过
劣质处方,0.6,0.45,80,139,119.01,109.81,128.98,0.174,0.0484,失败
劣质处方,0.6,0.45,80,140,113.3,104.81,122.48,0.1249,0.0468,通过
劣质处方,0.6,0.45,80,141,102.3,94.9,110.27,0.0227,0.0451,通过
劣质处方,0.6,0.45,80,142,121.11,112.24,130.69,0.1916,0.0457,失败
劣质处方,0.6,0.45,80,143,111.61,101.98,122.14,0.1098,0.0542,通过
劣质处方,0.6,0.45,80,144,101.36,92.5,111.08,0.0136,0.055,通过
劣质处方,0.6,0.45,80,145,105.55,97.55,114.2,0.054,0.0473,通过
劣质处方,0.6,0.45,80,146,112.06,103.76,121.03,0.1139,0.0462,通过
劣质处方,0.6,0.45,80,147,106.46,97.09,116.73,0.0626,0.0554,通过
劣质处方,0.6,0.45,80,148,104.77,96.8,113.4,0.0466,0.0476,通过
劣质处方,0.6,0.45,80,149,106.86,98.77,115.61,0.0664,0.0473,通过
劣质处方,0.6,0.45,80,150,112.5,103.92,121.78,0.1178,0.0476,通过
劣质处方,0.6,0.45,80,151,112.26,104.23,120.92,0.1157,0.0446,通过
劣质处方,0.6,0.45,80,152,108.97,100.14,118.59,0.0859,0.0508,通过
劣质处方,0.6,0.45,80,153,111.76,103.93,120.18,0.1111,0.0436,通过
劣质处方,0.6,0.45,80,154,110.85,103.2,119.08,0.103,0.043,通过
劣质处方,0.6,0.45,80,155,119.5,109.68,130.19,0.1781,0.0515,失败
劣质处方,0.6,0.45,80,156,112.39,103.93,121.54,0.1168,0.047,通过
劣质处方,0.6,0.45,80,157,110.44,101.89,119.72,0.0993,0.0484,通过
劣质处方,0.6,0.45,80,158,108.27,99.55,117.75,0.0794,0.0504,通过
劣质处方,0.6,0.45,80,159,119.22,109.73,129.53,0.1758,0.0498,失败
劣质处方,0.6,0.45,80,160,110.73,101.83,120.42,0.102,0.0504,通过
劣质处方,0.6,0.45,80,161,115.66,106.75,125.31,0.1455,0.0482,失败
劣质处方,0.6,0.45,80,162,110.86,103.09,119.22,0.1031,0.0437,通过
劣质处方,0.6,0.45,80,163,101.67,92.92,111.26,0.0166,0.0541,通过
劣质处方,0.6,0.45,80,164,112.04,102.81,122.09,0.1137,0.0516,通过
劣质处方,0.6,0.45,80,165,116.28,106.79,126.62,0.1509,0.0512,失败
劣质处方,0.6,0.45,80,166,107.05,98.21,116.68,0.0681,0.0518,通过
劣质处方,0.6,0.45,80,167,105.96,97.15,115.58,0.0579,0.0522,通过
劣质处方,0.6,0.45,80,168,102.88,95.21,111.18,0.0284,0.0466,通过
劣质处方,0.6,0.45,80,169,101.79,93.15,111.24,0.0178,0.0533,通过
劣质处方,0.6,0.45,80,170,111.5,103.82,119.75,0.1089,0.0429,通过
劣质处方,0.6,0.45,80,171,109.18,101.01,118.02,0.0879,0.0468,通过
劣质处方,0.6,0.45,80,172,113.2,104.18,123.0,0.124,0.0499,通过
劣质处方,0.6,0.45,80,173,104.39,96.39,113.05,0.0429,0.0479,通过
劣质处方,0.6,0.45,80,174,106.93,98.44,116.16,0.067,0.0497,通过
劣质处方,0.6,0.45,80,175,111.3,103.71,119.45,0.1071,0.0424,通过
劣质处方,0.6,0.45,80,176,109.25,101.15,118.0,0.0884,0.0463,通过
劣质处方,0.6,0.45,80,177,104.9,95.97,114.65,0.0478,0.0534,通过
劣质处方,0.6,0.45,80,178,112.44,103.05,122.69,0.1173,0.0524,通过
劣质处方,0.6,0.45,80,179,114.45,105.22,124.5,0.135,0.0506,通过
劣质处方,0.6,0.45,80,180,104.41,95.78,113.81,0.0431,0.0518,通过
劣质处方,0.6,0.45,80,181,108.2,100.52,116.47,0.0788,0.0442,通过
劣质处方,0.6,0.45,80,182,109.04,100.96,117.77,0.0866,0.0463,通过
劣质处方,0.6,0.45,80,183,116.03,108.65,123.91,0.1487,0.0395,通过
劣质处方,0.6,0.45,80,184,108.24,99.83,117.35,0.0792,0.0486,通过
劣质处方,0.6,0.45,80,185,97.85,90.44,105.88,-0.0217,0.0474,通过
劣质处方,0.6,0.45,80,186,113.98,105.15,123.55,0.1308,0.0485,通过
劣质处方,0.6,0.45,80,187,115.66,106.93,125.11,0.1455,0.0472,失败
劣质处方,0.6,0.45,80,188,114.21,105.86,123.21,0.1328,0.0456,通过
劣质处方,0.6,0.45,80,189,104.78,96.33,113.97,0.0467,0.0505,通过
劣质处方,0.6,0.45,80,190,120.2,111.64,129.41,0.184,0.0444,失败
劣质处方,0.6,0.45,80,191,98.91,92.31,105.98,-0.011,0.0415,通过
劣质处方,0.6,0.45,80,192,105.22,96.27,115.01,0.0509,0.0534,通过
劣质处方,0.6,0.45,80,193,114.13,104.7,124.42,0.1322,0.0519,通过
劣质处方,0.6,0.45,80,194,117.14,107.63,127.5,0.1582,0.0509,失败
劣质处方,0.6,0.45,80,195,107.99,99.29,117.45,0.0769,0.0505,通过
劣质处方,0.6,0.45,80,196,114.0,106.31,122.25,0.1311,0.042,通过
劣质处方,0.6,0.45,80,197,107.06,99.51,115.19,0.0683,0.044,通过
劣质处方,0.6,0.45,80,198,112.32,103.31,122.13,0.1162,0.0503,通过
劣质处方,0.6,0.45,80,199,109.53,99.9,120.1,0.0911,0.0553,通过
劣质处方,0.6,0.45,80,200,118.91,110.7,127.73,0.1732,0.043,失败
劣质处方,0.6,0.45,80,201,109.02,100.06,118.78,0.0863,0.0515,通过
劣质处方,0.6,0.45,80,202,105.7,96.85,115.35,0.0554,0.0525,通过
劣质处方,0.6,0.45,80,203,111.02,101.24,121.74,0.1045,0.0554,通过
劣质处方,0.6,0.45,80,204,112.27,104.3,120.84,0.1157,0.0442,通过
劣质处方,0.6,0.45,80,205,101.02,93.57,109.07,0.0102,0.046,通过
劣质处方,0.6,0.45,80,206,112.64,104.2,121.76,0.119,0.0468,通过
劣质处方,0.6,0.45,80,207,107.37,99.48,115.88,0.0711,0.0458,通过
劣质处方,0.6,0.45,80,208,109.09,101.0,117.83,0.087,0.0463,通过
劣质处方,0.6,0.45,80,209,114.13,105.36,123.62,0.1321,0.048,通过
劣质处方,0.6,0.45,80,210,118.25,108.24,129.19,0.1677,0.0532,失败
劣质处方,0.6,0.45,80,211,111.53,103.48,120.21,0.1091,0.045,通过
劣质处方,0.6,0.45,80,212,112.8,105.27,120.88,0.1205,0.0415,通过
劣质处方,0.6,0.45,80,213,105.05,97.72,112.93,0.0493,0.0435,通过
劣质处方,0.6,0.45,80,214,110.26,101.99,119.21,0.0977,0.0469,通过
劣质处方,0.6,0.45,80,215,112.32,104.11,121.17,0.1162,0.0456,通过
劣质处方,0.6,0.45,80,216,120.96,111.96,130.69,0.1903,0.0465,失败
劣质处方,0.6,0.45,80,217,111.15,102.89,120.08,0.1057,0.0464,通过
劣质处方,0.6,0.45,80,218,108.93,101.11,117.34,0.0855,0.0447,通过
劣质处方,0.6,0.45,80,219,110.34,102.11,119.23,0.0984,0.0466,通过
劣质处方,0.6,0.45,80,220,111.98,104.16,120.38,0.1131,0.0435,通过
劣质处方,0.6,0.45,80,221,98.81,91.54,106.66,-0.012,0.0459,通过
劣质处方,0.6,0.45,80,222,108.21,100.77,116.2,0.0789,0.0428,通过
劣质处方,0.6,0.45,80,223,111.75,102.63,121.69,0.1111,0.0512,通过
劣质处方,0.6,0.45,80,224,111.34,102.49,120.96,0.1074,0.0498,通过
劣质处方,0.6,0.45,80,225,102.8,95.16,111.05,0.0276,0.0464,通过
劣质处方,0.6,0.45,80,226,108.76,99.89,118.41,0.0839,0.0511,通过
劣质处方,0.6,0.45,80,227,107.94,99.78,116.78,0.0764,0.0473,通过
劣质处方,0.6,0.45,80,228,108.35,100.48,116.84,0.0802,0.0453,通过
劣质处方,0.6,0.45,80,229,109.88,100.97,119.58,0.0942,0.0508,通过
劣质处方,0.6,0.45,80,230,115.3,106.86,124.4,0.1424,0.0457,通过
劣质处方,0.6,0.45,80,231,110.95,102.65,119.93,0.1039,0.0468,通过
劣质处方,0.6,0.45,80,232,105.4,97.92,113.45,0.0525,0.0442,通过
劣质处方,0.6,0.45,80,233,108.25,99.63,117.62,0.0793,0.0499,通过
劣质处方,0.6,0.45,80,234,108.76,100.3,117.94,0.084,0.0487,通过
劣质处方,0.6,0.45,80,235,103.72,95.68,112.43,0.0365,0.0485,通过
劣质处方,0.6,0.45,80,236,112.63,104.52,121.36,0.1189,0.0449,通过
劣质处方,0.6,0.45,80,237,109.38,101.24,118.18,0.0897,0.0465,通过
劣质处方,0.6,0.45,80,238,105.6,97.26,114.66,0.0545,0.0495,通过
劣质处方,0.6,0.45,80,239,117.4,108.27,127.29,0.1604,0.0486,失败
劣质处方,0.6,0.45,80,240,106.17,98.11,114.9,0.0599,0.0475,通过
劣质处方,0.6,0.45,80,241,114.21,106.1,122.93,0.1328,0.0442,通过
劣质处方,0.6,0.45,80,242,106.13,98.53,114.32,0.0595,0.0446,通过
劣质处方,0.6,0.45,80,243,100.73,92.07,110.2,0.0073,0.054,通过
劣质处方,0.6,0.45,80,244,105.8,97.46,114.85,0.0564,0.0493,通过
劣质处方,0.6,0.45,80,245,104.43,96.96,112.49,0.0434,0.0446,通过
劣质处方,0.6,0.45,80,246,107.25,99.56,115.54,0.07,0.0447,通过
劣质处方,0.6,0.45,80,247,115.72,106.53,125.7,0.146,0.0497,失败
劣质处方,0.6,0.45,80,248,105.1,98.04,112.67,0.0498,0.0418,通过
劣质处方,0.6,0.45,80,249,112.42,103.8,121.74,0.117,0.0479,通过
劣质处方,0.6,0.45,80,250,114.42,104.79,124.93,0.1347,0.0528,通过
劣质处方,0.6,0.45,80,251,105.69,97.24,114.86,0.0553,0.05,通过
劣质处方,0.6,0.45,80,252,106.44,98.0,115.6,0.0624,0.0496,通过
劣质处方,0.6,0.45,80,253,100.94,93.69,108.75,0.0093,0.0448,通过
劣质处方,0.6,0.45,80,254,116.01,107.13,125.62,0.1485,0.0478,失败
劣质处方,0.6,0.45,80,255,106.17,97.87,115.19,0.0599,0.0489,通过
劣质处方,0.6,0.45,80,256,107.92,99.48,117.07,0.0762,0.0489,通过
劣质处方,0.6,0.45,80,257,103.72,96.38,111.62,0.0365,0.0441,通过
劣质处方,0.6,0.45,80,258,116.22,107.91,125.16,0.1503,0.0445,失败
劣质处方,0.6,0.45,80,259,107.34,98.36,117.15,0.0709,0.0525,通过
劣质处方,0.6,0.45,80,260,106.42,98.13,115.41,0.0622,0.0487,通过
劣质处方,0.6,0.45,80,261,112.95,105.21,121.27,0.1218,0.0427,通过
劣质处方,0.6,0.45,80,262,117.62,109.23,126.67,0.1623,0.0445,失败
劣质处方,0.6,0.45,80,263,111.78,103.91,120.23,0.1113,0.0438,通过
劣质处方,0.6,0.45,80,264,117.48,107.83,127.99,0.1611,0.0515,失败
劣质处方,0.6,0.45,80,265,108.47,100.11,117.54,0.0813,0.0482,通过
劣质处方,0.6,0.45,80,266,101.28,93.3,109.93,0.0127,0.0493,通过
劣质处方,0.6,0.45,80,267,109.16,100.56,118.49,0.0876,0.0493,通过
劣质处方,0.6,0.45,80,268,116.17,108.43,124.46,0.1499,0.0414,通过
劣质处方,0.6,0.45,80,269,105.8,97.13,115.24,0.0564,0.0513,通过
劣质处方,0.6,0.45,80,270,110.92,102.73,119.75,0.1036,0.0461,通过
劣质处方,0.6,0.45,80,271,102.05,93.58,111.28,0.0203,0.0521,通过
劣质处方,0.6,0.45,80,272,103.03,94.83,111.93,0.0298,0.0498,通过
劣质处方,0.6,0.45,80,273,118.53,109.92,127.81,0.17,0.0453,失败
劣质处方,0.6,0.45,80,274,104.72,95.68,114.61,0.0461,0.0542,通过
劣质处方,0.6,0.45,80,275,113.24,104.01,123.29,0.1243,0.0511,通过
劣质处方,0.6,0.45,80,276,102.85,95.76,110.46,0.0281,0.0429,通过
劣质处方,0.6,0.45,80,277,109.61,101.43,118.46,0.0918,0.0466,通过
劣质处方,0.6,0.45,80,278,113.0,105.09,121.51,0.1222,0.0436,通过
劣质处方,0.6,0.45,80,279,107.31,97.88,117.65,0.0706,0.0553,通过
劣质处方,0.6,0.45,80,280,111.26,104.28,118.72,0.1067,0.0389,通过
劣质处方,0.6,0.45,80,281,96.45,89.26,104.22,-0.0361,0.0466,通过
劣质处方,0.6,0.45,80,282,110.04,101.77,118.99,0.0957,0.0469,通过
劣质处方,0.6,0.45,80,283,109.52,101.85,117.77,0.091,0.0436,通过
劣质处方,0.6,0.45,80,284,110.73,102.49,119.62,0.1019,0.0464,通过
劣质处方,0.6,0.45,80,285,95.68,87.64,104.46,-0.0442,0.0528,通过
劣质处方,0.6,0.45,80,286,105.03,97.49,113.14,0.049,0.0447,通过
劣质处方,0.6,0.45,80,287,110.17,101.27,119.86,0.0969,0.0506,通过
劣质处方,0.6,0.45,80,288,106.81,99.2,115.0,0.0659,0.0444,通过
劣质处方,0.6,0.45,80,289,112.12,103.29,121.71,0.1144,0.0493,通过
劣质处方,0.6,0.45,80,290,119.23,110.34,128.83,0.1759,0.0465,失败
劣质处方,0.6,0.45,80,291,114.75,106.87,123.21,0.1376,0.0428,通过
劣质处方,0.6,0.45,80,292,107.63,98.67,117.39,0.0735,0.0522,通过
劣质处方,0.6,0.45,80,293,105.25,97.75,113.33,0.0512,0.0444,通过
劣质处方,0.6,0.45,80,294,112.35,103.02,122.52,0.1164,0.0521,通过
劣质处方,0.6,0.45,80,295,102.33,95.1,110.11,0.023,0.044,通过
劣质处方,0.6,0.45,80,296,104.37,96.71,112.63,0.0427,0.0458,通过
劣质处方,0.6,0.45,80,297,117.73,109.58,126.48,0.1632,0.0431,失败
劣质处方,0.6,0.45,80,298,116.15,107.9,125.05,0.1498,0.0443,失败
劣质处方,0.6,0.45,80,299,107.34,98.01,117.56,0.0708,0.0547,通过
劣质处方,0.6,0.45,80,300,111.24,101.76,121.6,0.1065,0.0535,通过
劣质处方,0.6,0.45,80,301,109.51,100.85,118.92,0.0909,0.0495,通过
劣质处方,0.6,0.45,80,302,97.62,90.41,105.41,-0.0241,0.0461,通过
劣质处方,0.6,0.45,80,303,104.93,96.36,114.27,0.0482,0.0512,通过
劣质处方,0.6,0.45,80,304,106.04,97.18,115.7,0.0586,0.0524,通过
劣质处方,0.6,0.45,80,305,115.89,107.17,125.32,0.1475,0.047,失败
劣质处方,0.6,0.45,80,306,106.04,98.02,114.71,0.0586,0.0472,通过
劣质处方,0.6,0.45,80,307,101.21,93.24,109.85,0.012,0.0492,通过
劣质处方,0.6,0.45,80,308,104.64,96.13,113.91,0.0454,0.051,通过
劣质处方,0.6,0.45,80,309,111.87,103.09,121.4,0.1122,0.0491,通过
劣质处方,0.6,0.45,80,310,101.99,93.8,110.9,0.0197,0.0503,通过
劣质处方,0.6,0.45,80,311,104.62,96.65,113.24,0.0451,0.0476,通过
劣质处方,0.6,0.45,80,312,109.42,102.72,116.57,0.0901,0.038,通过
劣质处方,0.6,0.45,80,313,102.92,95.01,111.5,0.0288,0.0481,通过
劣质处方,0.6,0.45,80,314,107.92,99.85,116.65,0.0762,0.0467,通过
劣质处方,0.6,0.45,80,315,111.73,102.88,121.34,0.1109,0.0496,通过
劣质处方,0.6,0.45,80,316,110.7,101.9,120.26,0.1016,0.0498,通过
劣质处方,0.6,0.45,80,317,109.02,100.88,117.82,0.0864,0.0466,通过
劣质处方,0.6,0.45,80,318,107.84,100.62,115.58,0.0755,0.0416,通过
劣质处方,0.6,0.45,80,319,111.08,102.59,120.26,0.105,0.0477,通过
劣质处方,0.6,0.45,80,320,104.98,97.66,112.84,0.0486,0.0434,通过
劣质处方,0.6,0.45,80,321,107.62,99.61,116.28,0.0734,0.0465,通过
劣质处方,0.6,0.45,80,322,110.83,101.89,120.55,0.1028,0.0505,通过
劣质处方,0.6,0.45,80,323,102.46,95.39,110.06,0.0243,0.043,通过
劣质处方,0.6,0.45,80,324,119.19,109.96,129.2,0.1756,0.0484,失败
劣质处方,0.6,0.45,80,325,115.27,106.87,124.33,0.1421,0.0455,通过
劣质处方,0.6,0.45,80,326,108.86,101.1,117.22,0.0849,0.0444,通过
劣质处方,0.6,0.45,80,327,113.55,104.88,122.95,0.1271,0.0478,通过
劣质处方,0.6,0.45,80,328,108.21,101.32,115.57,0.0789,0.0395,通过
劣质处方,0.6,0.45,80,329,110.41,101.53,120.07,0.0991,0.0504,通过
劣质处方,0.6,0.45,80,330,115.82,106.54,125.91,0.1468,0.0502,失败
劣质处方,0.6,0.45,80,331,108.8,100.63,117.63,0.0843,0.0469,通过
劣质处方,0.6,0.45,80,332,100.73,92.61,109.56,0.0073,0.0505,通过
劣质处方,0.6,0.45,80,333,113.93,106.24,122.17,0.1304,0.042,通过
劣质处方,0.6,0.45,80,334,97.35,89.72,105.64,-0.0268,0.0491,通过
劣质处方,0.6,0.45,80,335,108.17,99.66,117.42,0.0786,0.0493,通过
劣质处方,0.6,0.45,80,336,107.99,99.92,116.71,0.0769,0.0467,通过
劣质处方,0.6,0.45,80,337,110.78,102.76,119.43,0.1024,0.0452,通过
劣质处方,0.6,0.45,80,338,105.13,96.84,114.13,0.05,0.0494,通过
劣质处方,0.6,0.45,80,339,105.46,97.1,114.53,0.0531,0.0496,通过
劣质处方,0.6,0.45,80,340,113.21,103.33,124.03,0.124,0.0549,通过
劣质处方,0.6,0.45,80,341,99.56,92.85,106.75,-0.0044,0.0419,通过
劣质处方,0.6,0.45,80,342,118.04,108.68,128.19,0.1658,0.0496,失败
劣质处方,0.6,0.45,80,343,106.28,98.4,114.78,0.0609,0.0463,通过
劣质处方,0.6,0.45,80,344,107.46,99.38,116.2,0.072,0.047,通过
劣质处方,0.6,0.45,80,345,101.97,94.52,110.02,0.0195,0.0456,通过
劣质处方,0.6,0.45,80,346,98.65,91.49,106.37,-0.0136,0.0453,通过
劣质处方,0.6,0.45,80,347,107.78,99.48,116.76,0.0749,0.0481,通过
劣质处方,0.6,0.45,80,348,114.26,105.36,123.91,0.1333,0.0487,通过
劣质处方,0.6,0.45,80,349,112.77,103.39,123.01,0.1202,0.0522,通过
劣质处方,0.6,0.45,80,350,103.41,96.24,111.11,0.0335,0.0432,通过
劣质处方,0.6,0.45,80,351,112.74,104.33,121.83,0.1199,0.0466,通过
劣质处方,0.6,0.45,80,352,108.56,100.04,117.8,0.0821,0.0491,通过
劣质处方,0.6,0.45,80,353,118.43,109.49,128.09,0.1691,0.0471,失败
劣质处方,0.6,0.45,80,354,105.4,97.37,114.1,0.0526,0.0476,通过
劣质处方,0.6,0.45,80,355,108.17,98.93,118.26,0.0785,0.0536,通过
劣质处方,0.6,0.45,80,356,106.91,99.27,115.15,0.0668,0.0446,通过
劣质处方,0.6,0.45,80,357,110.5,102.12,119.57,0.0998,0.0474,通过
劣质处方,0.6,0.45,80,358,96.55,88.96,104.8,-0.0351,0.0492,通过
劣质处方,0.6,0.45,80,359,102.43,94.59,110.93,0.024,0.0479,通过
劣质处方,0.6,0.45,80,360,112.24,104.03,121.09,0.1155,0.0456,通过
劣质处方,0.6,0.45,80,361,116.44,106.53,127.26,0.1522,0.0534,失败
劣质处方,0.6,0.45,80,362,115.56,108.04,123.62,0.1447,0.0405,通过
劣质处方,0.6,0.45,80,363,106.66,97.85,116.25,0.0644,0.0518,通过
劣质处方,0.6,0.45,80,364,104.34,96.52,112.8,0.0425,0.0468,通过
劣质处方,0.6,0.45,80,365,108.49,99.84,117.9,0.0815,0.05,通过
劣质处方,0.6,0.45,80,366,116.61,108.0,125.9,0.1536,0.0461,失败
劣质处方,0.6,0.45,80,367,118.48,109.17,128.58,0.1695,0.0492,失败
劣质处方,0.6,0.45,80,368,112.05,102.35,122.66,0.1137,0.0544,通过
劣质处方,0.6,0.45,80,369,115.37,107.46,123.87,0.143,0.0427,通过
劣质处方,0.6,0.45,80,370,107.18,98.38,116.77,0.0693,0.0515,通过
劣质处方,0.6,0.45,80,371,116.77,108.47,125.71,0.1551,0.0443,失败
劣质处方,0.6,0.45,80,372,113.02,104.13,122.68,0.1224,0.0492,通过
劣质处方,0.6,0.45,80,373,112.83,103.92,122.49,0.1207,0.0494,通过
劣质处方,0.6,0.45,80,374,110.81,102.66,119.61,0.1026,0.0459,通过
劣质处方,0.6,0.45,80,375,109.12,101.37,117.47,0.0873,0.0443,通过
劣质处方,0.6,0.45,80,376,117.67,108.27,127.88,0.1627,0.05,失败
劣质处方,0.6,0.45,80,377,111.46,103.27,120.3,0.1085,0.0459,通过
劣质处方,0.6,0.45,80,378,108.74,100.14,118.08,0.0838,0.0495,通过
劣质处方,0.6,0.45,80,379,101.4,93.63,109.81,0.0139,0.0479,通过
劣质处方,0.6,0.45,80,380,113.68,104.96,123.12,0.1282,0.0479,通过
劣质处方,0.6,0.45,80,381,110.27,101.86,119.38,0.0978,0.0477,通过
劣质处方,0.6,0.45,80,382,112.29,102.54,122.96,0.1159,0.0545,通过
劣质处方,0.6,0.45,80,383,105.19,97.19,113.85,0.0506,0.0475,通过
劣质处方,0.6,0.45,80,384,110.94,101.99,120.68,0.1039,0.0506,通过
劣质处方,0.6,0.45,80,385,104.04,95.33,113.56,0.0396,0.0526,通过
劣质处方,0.6,0.45,80,386,113.29,104.48,122.84,0.1247,0.0486,通过
劣质处方,0.6,0.45,80,387,116.38,106.62,127.03,0.1517,0.0526,失败
劣质处方,0.6,0.45,80,388,104.27,96.36,112.84,0.0419,0.0474,通过
劣质处方,0.6,0.45,80,389,106.99,97.82,117.02,0.0676,0.0538,通过
劣质处方,0.6,0.45,80,390,106.89,98.19,116.36,0.0666,0.051,通过
劣质处方,0.6,0.45,80,391,110.47,103.44,117.98,0.0996,0.0395,通过
劣质处方,0.6,0.45,80,392,114.03,104.34,124.61,0.1312,0.0533,通过
劣质处方,0.6,0.45,80,393,112.63,103.5,122.56,0.1189,0.0508,通过
劣质处方,0.6,0.45,80,394,120.45,110.03,131.85,0.1861,0.0543,失败
劣质处方,0.6,0.45,80,395,105.45,96.91,114.74,0.0531,0.0507,通过
劣质处方,0.6,0.45,80,396,106.98,98.62,116.06,0.0675,0.0489,通过
劣质处方,0.6,0.45,80,397,112.06,104.22,120.48,0.1138,0.0436,通过
劣质处方,0.6,0.45,80,398,111.07,102.25,120.65,0.105,0.0497,通过
劣质处方,0.6,0.45,80,399,114.89,105.82,124.74,0.1388,0.0494,通过
劣质处方,0.6,0.45,80,400,108.09,99.49,117.44,0.0778,0.0498,通过
劣质处方,0.6,0.45,80,401,111.68,103.01,121.08,0.1105,0.0486,通过
劣质处方,0.6,0.45,80,402,111.86,103.99,120.34,0.1121,0.0439,通过
劣质处方,0.6,0.45,80,403,116.32,106.15,127.47,0.1512,0.055,失败
劣质处方,0.6,0.45,80,404,112.12,102.84,122.24,0.1144,0.0519,通过
劣质处方,0.6,0.45,80,405,110.36,101.98,119.44,0.0986,0.0475,通过
劣质处方,0.6,0.45,80,406,110.85,102.49,119.88,0.103,0.0471,通过
劣质处方,0.6,0.45,80,407,109.38,100.62,118.9,0.0896,0.0501,通过
劣质处方,0.6,0.45,80,408,114.91,106.15,124.39,0.139,0.0476,通过
劣质处方,0.6,0.45,80,409,106.97,98.46,116.22,0.0674,0.0498,通过
劣质处方,0.6,0.45,80,410,112.33,103.36,122.07,0.1162,0.05,通过
劣质处方,0.6,0.45,80,411,107.71,100.13,115.86,0.0743,0.0438,通过
劣质处方,0.6,0.45,80,412,116.9,108.73,125.7,0.1562,0.0436,失败
劣质处方,0.6,0.45,80,413,112.78,102.81,123.72,0.1202,0.0556,通过
劣质处方,0.6,0.45,80,414,110.25,101.42,119.86,0.0976,0.0502,通过
劣质处方,0.6,0.45,80,415,105.11,95.07,116.22,0.0499,0.0604,通过
劣质处方,0.6,0.45,80,416,111.74,103.2,120.99,0.111,0.0478,通过
劣质处方,0.6,0.45,80,417,126.18,116.52,136.63,0.2325,0.0478,失败
劣质处方,0.6,0.45,80,418,114.85,105.37,125.17,0.1384,0.0517,失败
劣质处方,0.6,0.45,80,419,107.46,99.66,115.88,0.072,0.0453,通过
劣质处方,0.6,0.45,80,420,106.15,97.79,115.21,0.0596,0.0492,通过
劣质处方,0.6,0.45,80,421,117.01,109.85,124.64,0.1571,0.0379,通过
劣质处方,0.6,0.45,80,422,112.83,103.88,122.55,0.1207,0.0496,通过
劣质处方,0.6,0.45,80,423,99.98,92.26,108.35,-0.0002,0.0483,通过
劣质处方,0.6,0.45,80,424,110.01,101.32,119.44,0.0954,0.0494,通过
劣质处方,0.6,0.45,80,425,108.96,100.98,117.55,0.0858,0.0456,通过
劣质处方,0.6,0.45,80,426,107.62,98.55,117.53,0.0735,0.0529,通过
劣质处方,0.6,0.45,80,427,109.33,101.58,117.66,0.0892,0.0441,通过
劣质处方,0.6,0.45,80,428,114.49,105.36,124.42,0.1354,0.0499,通过
劣质处方,0.6,0.45,80,429,110.85,101.17,121.45,0.103,0.0549,通过
劣质处方,0.6,0.45,80,430,122.72,112.48,133.9,0.2048,0.0524,失败
劣质处方,0.6,0.45,80,431,111.01,102.52,120.2,0.1044,0.0478,通过
劣质处方,0.6,0.45,80,432,107.12,99.39,115.45,0.0688,0.045,通过
劣质处方,0.6,0.45,80,433,113.54,104.35,123.54,0.127,0.0507,通过
劣质处方,0.6,0.45,80,434,102.03,94.73,109.89,0.0201,0.0446,通过
劣质处方,0.6,0.45,80,435,102.27,93.34,112.06,0.0225,0.0549,通过
劣质处方,0.6,0.45,80,436,114.04,104.51,124.44,0.1314,0.0524,通过
劣质处方,0.6,0.45,80,437,110.42,102.09,119.44,0.0992,0.0471,通过
劣质处方,0.6,0.45,80,438,117.69,109.13,126.91,0.1629,0.0453,失败
劣质处方,0.6,0.45,80,439,101.34,94.23,109.0,0.0133,0.0437,通过
劣质处方,0.6,0.45,80,440,116.75,107.9,126.31,0.1548,0.0473,失败
劣质处方,0.6,0.45,80,441,114.88,106.82,123.56,0.1387,0.0437,通过
劣质处方,0.6,0.45,80,442,107.88,99.46,117.01,0.0759,0.0488,通过
劣质处方,0.6,0.45,80,443,107.79,98.59,117.85,0.075,0.0536,通过
劣质处方,0.6,0.45,80,444,103.11,94.01,113.08,0.0306,0.0555,通过
劣质处方,0.6,0.45,80,445,112.22,103.84,121.27,0.1153,0.0466,通过
劣质处方,0.6,0.45,80,446,110.01,102.0,118.65,0.0954,0.0454,通过
劣质处方,0.6,0.45,80,447,100.53,93.07,108.59,0.0053,0.0463,通过
劣质处方,0.6,0.45,80,448,109.21,100.52,118.66,0.0881,0.0498,通过
劣质处方,0.6,0.45,80,449,105.86,98.84,113.38,0.057,0.0412,通过
劣质处方,0.6,0.45,80,450,108.03,99.68,117.07,0.0772,0.0483,通过
劣质处方,0.6,0.45,80,451,109.97,101.81,118.79,0.0951,0.0464,通过
劣质处方,0.6,0.45,80,452,102.88,94.5,112.01,0.0284,0.0511,通过
劣质处方,0.6,0.45,80,453,112.56,104.3,121.48,0.1184,0.0458,通过
劣质处方,0.6,0.45,80,454,102.72,94.79,111.32,0.0269,0.0483,通过
劣质处方,0.6,0.45,80,455,105.37,97.23,114.19,0.0523,0.0483,通过
劣质处方,0.6,0.45,80,456,105.12,97.36,113.5,0.05,0.0461,通过
劣质处方,0.6,0.45,80,457,110.83,102.26,120.11,0.1028,0.0483,通过
劣质处方,0.6,0.45,80,458,113.6,104.73,123.21,0.1275,0.0488,通过
劣质处方,0.6,0.45,80,459,95.03,89.35,101.06,-0.051,0.037,通过
劣质处方,0.6,0.45,80,460,117.91,109.13,127.39,0.1647,0.0465,失败
劣质处方,0.6,0.45,80,461,111.9,103.49,121.0,0.1125,0.047,通过
劣质处方,0.6,0.45,80,462,111.66,103.45,120.51,0.1103,0.0458,通过
劣质处方,0.6,0.45,80,463,102.24,94.25,110.9,0.0221,0.0489,通过
劣质处方,0.6,0.45,80,464,106.88,98.62,115.83,0.0665,0.0483,通过
劣质处方,0.6,0.45,80,465,111.45,103.6,119.89,0.1084,0.0439,通过
劣质处方,0.6,0.45,80,466,107.92,98.95,117.71,0.0763,0.0521,通过
劣质处方,0.6,0.45,80,467,117.39,108.42,127.1,0.1603,0.0477,失败
劣质处方,0.6,0.45,80,468,104.15,96.73,112.14,0.0407,0.0444,通过
劣质处方,0.6,0.45,80,469,111.4,101.86,121.83,0.1079,0.0538,通过
劣质处方,0.6,0.45,80,470,94.07,87.18,101.51,-0.0611,0.0457,通过
劣质处方,0.6,0.45,80,471,105.2,96.92,114.19,0.0507,0.0493,通过
劣质处方,0.6,0.45,80,472,109.9,101.41,119.11,0.0944,0.0483,通过
劣质处方,0.6,0.45,80,473,107.75,99.83,116.3,0.0746,0.0459,通过
劣质处方,0.6,0.45,80,474,102.82,94.43,111.94,0.0278,0.0511,通过
劣质处方,0.6,0.45,80,475,112.09,102.46,122.62,0.1141,0.054,通过
劣质处方,0.6,0.45,80,476,104.33,96.99,112.22,0.0424,0.0438,通过
劣质处方,0.6,0.45,80,477,100.93,94.16,108.19,0.0093,0.0417,通过
劣质处方,0.6,0.45,80,478,111.22,102.82,120.3,0.1064,0.0472,通过
劣质处方,0.6,0.45,80,479,97.98,90.56,106.0,-0.0205,0.0473,通过
劣质处方,0.6,0.45,80,480,109.31,99.74,119.8,0.089,0.0551,通过
劣质处方,0.6,0.45,80,481,104.37,96.52,112.85,0.0428,0.047,通过
劣质处方,0.6,0.45,80,482,115.27,106.61,124.63,0.1421,0.0469,通过
劣质处方,0.6,0.45,80,483,110.46,102.38,119.18,0.0995,0.0457,通过
劣质处方,0.6,0.45,80,484,106.43,98.94,114.49,0.0623,0.0439,通过
劣质处方,0.6,0.45,80,485,109.24,101.16,117.95,0.0883,0.0461,通过
劣质处方,0.6,0.45,80,486,107.57,98.14,117.9,0.0729,0.0551,通过
劣质处方,0.6,0.45,80,487,103.87,95.38,113.12,0.038,0.0513,通过
劣质处方,0.6,0.45,80,488,99.83,92.48,107.78,-0.0017,0.046,通过
劣质处方,0.6,0.45,80,489,106.39,98.67,114.73,0.062,0.0453,通过
劣质处方,0.6,0.45,80,490,109.17,101.41,117.53,0.0877,0.0443,通过
劣质处方,0.6,0.45,80,491,110.71,102.39,119.7,0.1017,0.0469,通过
劣质处方,0.6,0.45,80,492,116.35,106.76,126.81,0.1515,0.0517,失败
劣质处方,0.6,0.45,80,493,114.51,105.03,124.85,0.1355,0.0519,通过
劣质处方,0.6,0.45,80,494,102.48,94.9,110.65,0.0245,0.0461,通过
劣质处方,0.6,0.45,80,495,104.84,96.83,113.5,0.0472,0.0477,通过
劣质处方,0.6,0.45,80,496,108.04,100.17,116.52,0.0773,0.0454,通过
劣质处方,0.6,0.45,80,497,110.55,102.48,119.26,0.1003,0.0456,通过
劣质处方,0.6,0.45,80,498,112.5,102.74,123.19,0.1178,0.0545,通过
劣质处方,0.6,0.45,80,499,115.75,106.54,125.77,0.1463,0.0498,失败
劣质处方,0.6,0.45,80,500,104.16,96.14,112.84,0.0407,0.0481,通过
劣质处方,0.6,0.45,100,1,110.13,102.52,118.3,0.0965,0.0431,通过
劣质处方,0.6,0.45,100,2,111.92,104.79,119.54,0.1126,0.0397,通过
劣质处方,0.6,0.45,100,3,104.32,97.71,111.38,0.0423,0.0394,通过
劣质处方,0.6,0.45,100,4,108.93,100.54,118.02,0.0855,0.0483,通过
劣质处方,0.6,0.45,100,5,102.14,95.23,109.56,0.0212,0.0422,通过
劣质处方,0.6,0.45,100,6,115.13,107.08,123.78,0.1409,0.0436,通过
劣质处方,0.6,0.45,100,7,109.4,102.38,116.9,0.0898,0.04,通过
劣质处方,0.6,0.45,100,8,104.69,96.46,113.62,0.0458,0.0493,通过
劣质处方,0.6,0.45,100,9,109.23,102.63,116.25,0.0883,0.0375,通过
劣质处方,0.6,0.45,100,10,109.67,101.95,117.97,0.0923,0.044,通过
劣质处方,0.6,0.45,100,11,108.25,100.61,116.48,0.0793,0.0441,通过
劣质处方,0.6,0.45,100,12,113.62,105.71,122.13,0.1277,0.0435,通过
劣质处方,0.6,0.45,100,13,107.74,100.49,115.52,0.0746,0.042,通过
劣质处方,0.6,0.45,100,14,104.22,97.5,111.41,0.0413,0.0402,通过
劣质处方,0.6,0.45,100,15,113.11,105.31,121.48,0.1232,0.043,通过
劣质处方,0.6,0.45,100,16,115.98,108.57,123.89,0.1482,0.0397,通过
劣质处方,0.6,0.45,100,17,113.0,105.23,121.33,0.1222,0.0429,通过
劣质处方,0.6,0.45,100,18,103.87,96.83,111.43,0.038,0.0423,通过
劣质处方,0.6,0.45,100,19,103.16,95.43,111.53,0.0312,0.0469,通过
劣质处方,0.6,0.45,100,20,100.31,93.37,107.77,0.0031,0.0432,通过
劣质处方,0.6,0.45,100,21,108.92,101.09,117.36,0.0854,0.045,通过
劣质处方,0.6,0.45,100,22,120.25,112.5,128.54,0.1844,0.0401,失败
劣质处方,0.6,0.45,100,23,112.42,104.3,121.17,0.1171,0.0452,通过
劣质处方,0.6,0.45,100,24,115.59,108.04,123.67,0.1449,0.0407,通过
劣质处方,0.6,0.45,100,25,106.1,98.81,113.93,0.0592,0.0429,通过
劣质处方,0.6,0.45,100,26,106.73,99.12,114.92,0.0651,0.0445,通过
劣质处方,0.6,0.45,100,27,110.45,103.23,118.19,0.0994,0.0407,通过
劣质处方,0.6,0.45,100,28,108.99,101.22,117.36,0.0861,0.0445,通过
劣质处方,0.6,0.45,100,29,101.25,94.3,108.72,0.0124,0.0428,通过
劣质处方,0.6,0.45,100,30,107.23,99.83,115.19,0.0698,0.0431,通过
劣质处方,0.6,0.45,100,31,112.64,104.28,121.66,0.119,0.0464,通过
劣质处方,0.6,0.45,100,32,109.12,101.48,117.33,0.0872,0.0437,通过
劣质处方,0.6,0.45,100,33,111.46,103.73,119.77,0.1085,0.0433,通过
劣质处方,0.6,0.45,100,34,114.43,105.94,123.61,0.1348,0.0465,通过
劣质处方,0.6,0.45,100,35,104.02,96.71,111.87,0.0394,0.0439,通过
劣质处方,0.6,0.45,100,36,106.3,99.35,113.75,0.0611,0.0408,通过
劣质处方,0.6,0.45,100,37,108.36,100.37,116.98,0.0803,0.0461,通过
劣质处方,0.6,0.45,100,38,121.87,112.95,131.5,0.1978,0.0458,失败
劣质处方,0.6,0.45,100,39,107.3,100.17,114.94,0.0705,0.0414,通过
劣质处方,0.6,0.45,100,40,109.35,102.18,117.04,0.0894,0.0409,通过
劣质处方,0.6,0.45,100,41,101.16,94.18,108.67,0.0116,0.0431,通过
劣质处方,0.6,0.45,100,42,107.75,100.61,115.4,0.0747,0.0413,通过
劣质处方,0.6,0.45,100,43,114.13,106.65,122.13,0.1322,0.0408,通过
劣质处方,0.6,0.45,100,44,107.32,99.0,116.34,0.0707,0.0486,通过
劣质处方,0.6,0.45,100,45,110.35,101.91,119.49,0.0985,0.0479,通过
劣质处方,0.6,0.45,100,46,116.04,108.2,124.46,0.1488,0.0421,通过
劣质处方,0.6,0.45,100,47,110.5,104.26,117.12,0.0999,0.035,通过
劣质处方,0.6,0.45,100,48,108.0,99.88,116.78,0.077,0.0471,通过
劣质处方,0.6,0.45,100,49,112.71,104.86,121.15,0.1196,0.0435,通过
劣质处方,0.6,0.45,100,50,108.44,101.49,115.87,0.081,0.0399,通过
劣质处方,0.6,0.45,100,51,106.66,99.42,114.42,0.0644,0.0423,通过
劣质处方,0.6,0.45,100,52,105.66,98.47,113.37,0.055,0.0424,通过
劣质处方,0.6,0.45,100,53,105.82,98.08,114.17,0.0566,0.0457,通过
劣质处方,0.6,0.45,100,54,99.63,93.54,106.11,-0.0037,0.038,通过
劣质处方,0.6,0.45,100,55,120.12,111.34,129.59,0.1833,0.0457,失败
劣质处方,0.6,0.45,100,56,112.02,104.72,119.84,0.1135,0.0406,通过
劣质处方,0.6,0.45,100,57,113.69,105.77,122.2,0.1283,0.0435,通过
劣质处方,0.6,0.45,100,58,105.4,98.03,113.32,0.0526,0.0437,通过
劣质处方,0.6,0.45,100,59,109.58,101.8,117.95,0.0915,0.0444,通过
劣质处方,0.6,0.45,100,60,117.47,109.66,125.84,0.161,0.0415,失败
劣质处方,0.6,0.45,100,61,116.87,107.64,126.88,0.1559,0.0495,失败
劣质处方,0.6,0.45,100,62,105.84,98.84,113.34,0.0568,0.0412,通过
劣质处方,0.6,0.45,100,63,103.42,96.44,110.91,0.0336,0.0421,通过
劣质处方,0.6,0.45,100,64,108.92,101.6,116.78,0.0855,0.0419,通过
劣质处方,0.6,0.45,100,65,99.85,93.94,106.13,-0.0015,0.0368,通过
劣质处方,0.6,0.45,100,66,107.83,100.54,115.66,0.0754,0.0422,通过
劣质处方,0.6,0.45,100,67,108.43,101.1,116.3,0.081,0.0422,通过
劣质处方,0.6,0.45,100,68,108.75,101.14,116.94,0.0839,0.0437,通过
劣质处方,0.6,0.45,100,69,108.19,101.47,115.34,0.0787,0.0386,通过
劣质处方,0.6,0.45,100,70,108.0,101.18,115.27,0.0769,0.0393,通过
劣质处方,0.6,0.45,100,71,103.56,97.18,110.36,0.035,0.0383,通过
劣质处方,0.6,0.45,100,72,100.27,92.65,108.52,0.0027,0.0476,通过
劣质处方,0.6,0.45,100,73,110.34,103.44,117.7,0.0984,0.0389,通过
劣质处方,0.6,0.45,100,74,105.78,99.22,112.76,0.0562,0.0385,通过
劣质处方,0.6,0.45,100,75,112.1,104.87,119.84,0.1143,0.0402,通过
劣质处方,0.6,0.45,100,76,108.37,101.04,116.24,0.0804,0.0422,通过
劣质处方,0.6,0.45,100,77,107.91,100.17,116.24,0.0761,0.0448,通过
劣质处方,0.6,0.45,100,78,106.71,99.09,114.92,0.065,0.0446,通过
劣质处方,0.6,0.45,100,79,103.95,96.89,111.52,0.0387,0.0423,通过
劣质处方,0.6,0.45,100,80,109.29,102.57,116.45,0.0888,0.0382,通过
劣质处方,0.6,0.45,100,81,118.43,109.79,127.75,0.1691,0.0456,失败
劣质处方,0.6,0.45,100,82,115.39,107.22,124.19,0.1432,0.0442,通过
劣质处方,0.6,0.45,100,83,107.86,99.59,116.81,0.0756,0.048,通过
劣质处方,0.6,0.45,100,84,107.63,100.06,115.78,0.0736,0.0439,通过
劣质处方,0.6,0.45,100,85,113.06,105.56,121.1,0.1228,0.0414,通过
劣质处方,0.6,0.45,100,86,111.56,103.47,120.29,0.1094,0.0453,通过
劣质处方,0.6,0.45,100,87,111.5,103.46,120.16,0.1088,0.0451,通过
劣质处方,0.6,0.45,100,88,109.79,101.69,118.53,0.0934,0.0462,通过
劣质处方,0.6,0.45,100,89,106.57,99.36,114.3,0.0636,0.0422,通过
劣质处方,0.6,0.45,100,90,102.2,95.98,108.83,0.0218,0.0378,通过
劣质处方,0.6,0.45,100,91,102.91,95.8,110.54,0.0286,0.0431,通过
劣质处方,0.6,0.45,100,92,106.12,98.96,113.81,0.0594,0.0421,通过
劣质处方,0.6,0.45,100,93,111.6,103.93,119.83,0.1098,0.0429,通过
劣质处方,0.6,0.45,100,94,107.65,100.02,115.87,0.0737,0.0443,通过
劣质处方,0.6,0.45,100,95,110.07,102.57,118.12,0.0959,0.0425,通过
劣质处方,0.6,0.45,100,96,114.6,107.26,122.45,0.1363,0.0399,通过
劣质处方,0.6,0.45,100,97,111.7,104.01,119.95,0.1106,0.0429,通过
劣质处方,0.6,0.45,100,98,108.69,100.7,117.31,0.0833,0.046,通过
劣质处方,0.6,0.45,100,99,108.18,100.69,116.22,0.0786,0.0432,通过
劣质处方,0.6,0.45,100,100,106.84,99.02,115.28,0.0662,0.0458,通过
劣质处方,0.6,0.45,100,101,106.37,99.3,113.94,0.0617,0.0414,通过
劣质处方,0.6,0.45,100,102,104.96,98.39,111.96,0.0484,0.0389,通过
劣质处方,0.6,0.45,100,103,112.56,104.42,121.33,0.1183,0.0452,通过
劣质处方,0.6,0.45,100,104,113.71,105.3,122.8,0.1285,0.0463,通过
劣质处方,0.6,0.45,100,105,112.37,104.04,121.37,0.1166,0.0464,通过
劣质处方,0.6,0.45,100,106,107.1,99.54,115.25,0.0686,0.0441,通过
劣质处方,0.6,0.45,100,107,105.85,98.63,113.6,0.0569,0.0425,通过
劣质处方,0.6,0.45,100,108,113.1,105.56,121.17,0.1231,0.0415,通过
劣质处方,0.6,0.45,100,109,117.56,108.55,127.31,0.1618,0.048,失败
劣质处方,0.6,0.45,100,110,117.98,109.72,126.86,0.1653,0.0437,失败
劣质处方,0.6,0.45,100,111,103.44,96.94,110.39,0.0338,0.0391,通过
劣质处方,0.6,0.45,100,112,106.92,98.26,116.34,0.0669,0.0509,通过
劣质处方,0.6,0.45,100,113,111.97,104.75,119.69,0.1131,0.0401,通过
劣质处方,0.6,0.45,100,114,113.98,105.79,122.8,0.1308,0.0449,通过
劣质处方,0.6,0.45,100,115,101.44,94.5,108.89,0.0143,0.0427,通过
劣质处方,0.6,0.45,100,116,113.3,105.2,122.02,0.1249,0.0447,通过
劣质处方,0.6,0.45,100,117,104.5,97.32,112.21,0.044,0.0429,通过
劣质处方,0.6,0.45,100,118,107.15,100.56,114.16,0.069,0.0382,通过
劣质处方,0.6,0.45,100,119,109.17,101.11,117.88,0.0878,0.0462,通过
劣质处方,0.6,0.45,100,120,108.22,101.06,115.88,0.079,0.0412,通过
劣质处方,0.6,0.45,100,121,104.29,97.45,111.61,0.042,0.0409,通过
劣质处方,0.6,0.45,100,122,107.37,100.39,114.84,0.0711,0.0405,通过
劣质处方,0.6,0.45,100,123,113.72,105.52,122.57,0.1286,0.0451,通过
劣质处方,0.6,0.45,100,124,105.93,97.63,114.95,0.0577,0.0492,通过
劣质处方,0.6,0.45,100,125,111.59,103.24,120.61,0.1096,0.0468,通过
劣质处方,0.6,0.45,100,126,103.07,95.35,111.41,0.0302,0.0469,通过
劣质处方,0.6,0.45,100,127,113.33,105.31,121.97,0.1252,0.0442,通过
劣质处方,0.6,0.45,100,128,102.37,95.62,109.61,0.0235,0.0411,通过
劣质处方,0.6,0.45,100,129,103.43,95.73,111.74,0.0337,0.0466,通过
劣质处方,0.6,0.45,100,130,107.09,99.5,115.26,0.0685,0.0443,通过
劣质处方,0.6,0.45,100,131,111.92,104.03,120.4,0.1126,0.044,通过
劣质处方,0.6,0.45,100,132,107.36,100.92,114.2,0.071,0.0372,通过
劣质处方,0.6,0.45,100,133,105.94,97.69,114.88,0.0577,0.0488,通过
劣质处方,0.6,0.45,100,134,114.18,106.36,122.58,0.1326,0.0427,通过
劣质处方,0.6,0.45,100,135,110.44,101.99,119.59,0.0993,0.0479,通过
劣质处方,0.6,0.45,100,136,112.37,105.69,119.48,0.1166,0.0369,通过
劣质处方,0.6,0.45,100,137,104.67,96.8,113.18,0.0456,0.0471,通过
劣质处方,0.6,0.45,100,138,106.75,99.14,114.94,0.0653,0.0445,通过
劣质处方,0.6,0.45,100,139,109.82,102.14,118.09,0.0937,0.0437,通过
劣质处方,0.6,0.45,100,140,118.65,110.7,127.17,0.171,0.0418,失败
劣质处方,0.6,0.45,100,141,109.1,101.98,116.73,0.0871,0.0407,通过
劣质处方,0.6,0.45,100,142,105.05,98.19,112.39,0.0493,0.0407,通过
劣质处方,0.6,0.45,100,143,106.4,98.41,115.04,0.062,0.047,通过
劣质处方,0.6,0.45,100,144,108.88,101.19,117.14,0.085,0.0441,通过
劣质处方,0.6,0.45,100,145,117.7,109.03,127.06,0.163,0.0461,失败
劣质处方,0.6,0.45,100,146,113.87,105.77,122.58,0.1299,0.0444,通过
劣质处方,0.6,0.45,100,147,106.48,99.45,114.01,0.0628,0.0411,通过
劣质处方,0.6,0.45,100,148,112.19,105.34,119.49,0.1151,0.038,通过
劣质处方,0.6,0.45,100,149,106.11,98.51,114.29,0.0593,0.0448,通过
劣质处方,0.6,0.45,100,150,112.66,104.07,121.95,0.1192,0.0478,通过
劣质处方,0.6,0.45,100,151,113.77,106.22,121.86,0.129,0.0414,通过
劣质处方,0.6,0.45,100,152,106.11,98.95,113.79,0.0593,0.0421,通过
劣质处方,0.6,0.45,100,153,111.34,104.69,118.4,0.1074,0.0371,通过
劣质处方,0.6,0.45,100,154,117.12,109.55,125.22,0.158,0.0403,失败
劣质处方,0.6,0.45,100,155,113.66,105.27,122.71,0.128,0.0462,通过
劣质处方,0.6,0.45,100,156,107.04,99.53,115.13,0.0681,0.0439,通过
劣质处方,0.6,0.45,100,157,118.66,110.18,127.79,0.1711,0.0447,失败
劣质处方,0.6,0.45,100,158,107.66,100.61,115.21,0.0738,0.0408,通过
劣质处方,0.6,0.45,100,159,111.05,103.68,118.95,0.1048,0.0414,通过
劣质处方,0.6,0.45,100,160,110.48,101.67,120.05,0.0996,0.0501,通过
劣质处方,0.6,0.45,100,161,112.87,106.05,120.13,0.121,0.0375,通过
劣质处方,0.6,0.45,100,162,107.38,99.16,116.28,0.0712,0.048,通过
劣质处方,0.6,0.45,100,163,112.76,103.87,122.42,0.1201,0.0495,通过
劣质处方,0.6,0.45,100,164,115.14,107.74,123.05,0.141,0.04,通过
劣质处方,0.6,0.45,100,165,121.38,113.13,130.22,0.1937,0.0424,失败
劣质处方,0.6,0.45,100,166,106.47,98.75,114.79,0.0627,0.0453,通过
劣质处方,0.6,0.45,100,167,114.0,105.45,123.25,0.131,0.047,通过
劣质处方,0.6,0.45,100,168,109.82,102.45,117.72,0.0937,0.0418,通过
劣质处方,0.6,0.45,100,169,108.72,101.11,116.9,0.0836,0.0437,通过
劣质处方,0.6,0.45,100,170,109.08,101.04,117.75,0.0869,0.0461,通过
劣质处方,0.6,0.45,100,171,107.9,99.97,116.46,0.076,0.046,通过
劣质处方,0.6,0.45,100,172,109.23,101.36,117.71,0.0882,0.045,通过
劣质处方,0.6,0.45,100,173,111.1,102.85,120.01,0.1052,0.0465,通过
劣质处方,0.6,0.45,100,174,104.46,97.18,112.28,0.0436,0.0435,通过
劣质处方,0.6,0.45,100,175,110.83,102.69,119.6,0.1028,0.0459,通过
劣质处方,0.6,0.45,100,176,113.74,104.97,123.24,0.1287,0.0483,通过
劣质处方,0.6,0.45,100,177,105.15,98.32,112.46,0.0502,0.0405,通过
劣质处方,0.6,0.45,100,178,110.93,102.7,119.82,0.1037,0.0464,通过
劣质处方,0.6,0.45,100,179,112.94,105.4,121.03,0.1217,0.0416,通过
劣质处方,0.6,0.45,100,180,111.64,104.16,119.66,0.1101,0.0418,通过
劣质处方,0.6,0.45,100,181,114.83,106.36,123.98,0.1383,0.0462,通过
劣质处方,0.6,0.45,100,182,104.67,97.17,112.75,0.0456,0.0448,通过
劣质处方,0.6,0.45,100,183,104.35,96.44,112.92,0.0426,0.0475,通过
劣质处方,0.6,0.45,100,184,112.92,104.75,121.73,0.1215,0.0452,通过
劣质处方,0.6,0.45,100,185,110.78,103.27,118.83,0.1023,0.0423,通过
劣质处方,0.6,0.45,100,186,105.38,97.55,113.84,0.0524,0.0465,通过
劣质处方,0.6,0.45,100,187,112.54,104.93,120.71,0.1182,0.0422,通过
劣质处方,0.6,0.45,100,188,105.33,97.52,113.78,0.052,0.0464,通过
劣质处方,0.6,0.45,100,189,106.09,98.32,114.47,0.0591,0.0458,通过
劣质处方,0.6,0.45,100,190,112.03,104.63,119.95,0.1136,0.0411,通过
劣质处方,0.6,0.45,100,191,102.93,96.06,110.3,0.0289,0.0416,通过
劣质处方,0.6,0.45,100,192,113.91,106.2,122.19,0.1303,0.0422,通过
劣质处方,0.6,0.45,100,193,108.19,99.36,117.81,0.0788,0.0513,通过
劣质处方,0.6,0.45,100,194,115.16,108.26,122.5,0.1412,0.0372,通过
劣质处方,0.6,0.45,100,195,108.27,100.91,116.17,0.0794,0.0424,通过
劣质处方,0.6,0.45,100,196,103.45,96.81,110.54,0.0339,0.0399,通过
劣质处方,0.6,0.45,100,197,106.31,98.92,114.25,0.0612,0.0434,通过
劣质处方,0.6,0.45,100,198,114.81,107.05,123.13,0.1381,0.0421,通过
劣质处方,0.6,0.45,100,199,108.78,101.02,117.14,0.0842,0.0446,通过
劣质处方,0.6,0.45,100,200,114.74,107.29,122.71,0.1375,0.0405,通过
劣质处方,0.6,0.45,100,201,107.6,100.77,114.88,0.0732,0.0395,通过
劣质处方,0.6,0.45,100,202,102.64,96.12,109.61,0.0261,0.0395,通过
劣质处方,0.6,0.45,100,203,112.27,105.05,119.98,0.1157,0.04,通过
劣质处方,0.6,0.45,100,204,109.53,101.77,117.88,0.091,0.0442,通过
劣质处方,0.6,0.45,100,205,103.22,96.38,110.55,0.0317,0.0413,通过
劣质处方,0.6,0.45,100,206,103.22,95.36,111.73,0.0317,0.0477,通过
劣质处方,0.6,0.45,100,207,110.81,104.0,118.06,0.1026,0.0382,通过
劣质处方,0.6,0.45,100,208,105.52,98.07,113.53,0.0537,0.0441,通过
劣质处方,0.6,0.45,100,209,118.61,111.43,126.27,0.1707,0.0376,失败
劣质处方,0.6,0.45,100,210,110.84,101.89,120.56,0.1029,0.0507,通过
劣质处方,0.6,0.45,100,211,101.64,94.1,109.79,0.0163,0.0465,通过
劣质处方,0.6,0.45,100,212,106.15,98.9,113.93,0.0597,0.0426,通过
劣质处方,0.6,0.45,100,213,105.35,97.39,113.95,0.0521,0.0473,通过
劣质处方,0.6,0.45,100,214,105.75,98.2,113.89,0.056,0.0446,通过
劣质处方,0.6,0.45,100,215,113.38,105.71,121.62,0.1256,0.0422,通过
劣质处方,0.6,0.45,100,216,120.99,111.48,131.32,0.1906,0.0493,失败
劣质处方,0.6,0.45,100,217,109.14,102.15,116.61,0.0875,0.0399,通过
劣质处方,0.6,0.45,100,218,118.31,110.13,127.1,0.1681,0.0432,失败
劣质处方,0.6,0.45,100,219,109.3,101.8,117.35,0.0889,0.0428,通过
劣质处方,0.6,0.45,100,220,109.13,100.79,118.16,0.0874,0.0479,通过
劣质处方,0.6,0.45,100,221,104.48,96.96,112.59,0.0438,0.045,通过
劣质处方,0.6,0.45,100,222,114.56,107.02,122.64,0.136,0.041,通过
劣质处方,0.6,0.45,100,223,106.63,98.97,114.88,0.0642,0.0449,通过
劣质处方,0.6,0.45,100,224,103.25,95.6,111.51,0.032,0.0464,通过
劣质处方,0.6,0.45,100,225,112.69,105.35,120.53,0.1194,0.0405,通过
劣质处方,0.6,0.45,100,226,107.65,100.27,115.58,0.0737,0.0428,通过
劣质处方,0.6,0.45,100,227,104.4,97.42,111.88,0.043,0.0417,通过
劣质处方,0.6,0.45,100,228,108.15,100.94,115.88,0.0784,0.0416,通过
劣质处方,0.6,0.45,100,229,111.03,103.74,118.83,0.1046,0.0409,通过
劣质处方,0.6,0.45,100,230,103.27,96.77,110.2,0.0321,0.0391,通过
劣质处方,0.6,0.45,100,231,110.26,103.15,117.86,0.0977,0.0401,通过
劣质处方,0.6,0.45,100,232,106.61,99.93,113.74,0.064,0.039,通过
劣质处方,0.6,0.45,100,233,111.59,102.96,120.95,0.1097,0.0485,通过
劣质处方,0.6,0.45,100,234,105.2,97.48,113.53,0.0507,0.0459,通过
劣质处方,0.6,0.45,100,235,112.01,104.87,119.63,0.1134,0.0396,通过
劣质处方,0.6,0.45,100,236,115.19,106.79,124.24,0.1414,0.0456,通过
劣质处方,0.6,0.45,100,237,108.84,102.1,116.02,0.0847,0.0385,通过
劣质处方,0.6,0.45,100,238,111.77,105.03,118.96,0.1113,0.0375,通过
劣质处方,0.6,0.45,100,239,104.18,96.34,112.65,0.0409,0.0471,通过
劣质处方,0.6,0.45,100,240,105.69,98.11,113.85,0.0554,0.0448,通过
劣质处方,0.6,0.45,100,241,109.34,101.19,118.14,0.0893,0.0466,通过
劣质处方,0.6,0.45,100,242,113.24,105.08,122.03,0.1244,0.045,通过
劣质处方,0.6,0.45,100,243,109.04,102.19,116.34,0.0865,0.039,通过
劣质处方,0.6,0.45,100,244,116.46,108.64,124.84,0.1523,0.0419,通过
劣质处方,0.6,0.45,100,245,106.14,98.65,114.2,0.0596,0.0441,通过
劣质处方,0.6,0.45,100,246,108.42,100.28,117.22,0.0808,0.047,通过
劣质处方,0.6,0.45,100,247,102.84,95.63,110.58,0.028,0.0437,通过
劣质处方,0.6,0.45,100,248,112.6,104.67,121.13,0.1187,0.044,通过
劣质处方,0.6,0.45,100,249,107.75,100.48,115.55,0.0747,0.0421,通过
劣质处方,0.6,0.45,100,250,109.68,102.38,117.51,0.0924,0.0415,通过
劣质处方,0.6,0.45,100,251,106.8,99.08,115.13,0.0658,0.0452,通过
劣质处方,0.6,0.45,100,252,107.69,99.37,116.71,0.0741,0.0485,通过
劣质处方,0.6,0.45,100,253,105.6,98.13,113.64,0.0545,0.0442,通过
劣质处方,0.6,0.45,100,254,103.31,95.53,111.72,0.0325,0.0472,通过
劣质处方,0.6,0.45,100,255,110.49,102.73,118.83,0.0997,0.0438,通过
劣质处方,0.6,0.45,100,256,105.37,97.31,114.09,0.0523,0.0479,通过
劣质处方,0.6,0.45,100,257,107.19,99.01,116.06,0.0695,0.0479,通过
劣质处方,0.6,0.45,100,258,116.04,107.92,124.76,0.1487,0.0437,通过
劣质处方,0.6,0.45,100,259,118.58,110.27,127.52,0.1705,0.0438,失败
劣质处方,0.6,0.45,100,260,115.43,107.72,123.7,0.1435,0.0417,通过
劣质处方,0.6,0.45,100,261,109.2,101.75,117.2,0.088,0.0426,通过
劣质处方,0.6,0.45,100,262,117.7,109.76,126.22,0.163,0.0421,失败
劣质处方,0.6,0.45,100,263,111.38,103.87,119.44,0.1078,0.042,通过
劣质处方,0.6,0.45,100,264,111.91,103.83,120.61,0.1125,0.0451,通过
劣质处方,0.6,0.45,100,265,112.3,104.97,120.14,0.116,0.0407,通过
劣质处方,0.6,0.45,100,266,105.37,97.69,113.65,0.0523,0.0456,通过
劣质处方,0.6,0.45,100,267,107.17,99.88,114.99,0.0692,0.0424,通过
劣质处方,0.6,0.45,100,268,110.41,103.23,118.09,0.099,0.0405,通过
劣质处方,0.6,0.45,100,269,111.35,104.55,118.6,0.1075,0.038,通过
劣质处方,0.6,0.45,100,270,116.44,108.3,125.19,0.1522,0.0437,失败
劣质处方,0.6,0.45,100,271,109.1,101.28,117.53,0.0871,0.0448,通过
劣质处方,0.6,0.45,100,272,107.21,99.53,115.48,0.0696,0.0448,通过
劣质处方,0.6,0.45,100,273,114.7,106.39,123.66,0.1371,0.0453,通过
劣质处方,0.6,0.45,100,274,116.65,107.62,126.44,0.154,0.0485,失败
劣质处方,0.6,0.45,100,275,121.51,113.41,130.18,0.1948,0.0415,失败
劣质处方,0.6,0.45,100,276,108.51,100.66,116.97,0.0817,0.0452,通过
劣质处方,0.6,0.45,100,277,105.74,97.92,114.19,0.0558,0.0463,通过
劣质处方,0.6,0.45,100,278,109.43,101.79,117.64,0.0901,0.0436,通过
劣质处方,0.6,0.45,100,279,108.27,101.04,116.02,0.0795,0.0416,通过
劣质处方,0.6,0.45,100,280,113.44,104.8,122.78,0.1261,0.0477,通过
劣质处方,0.6,0.45,100,281,104.9,97.81,112.5,0.0478,0.0421,通过
劣质处方,0.6,0.45,100,282,112.74,105.49,120.49,0.1199,0.04,通过
劣质处方,0.6,0.45,100,283,100.37,94.17,106.97,0.0037,0.0384,通过
劣质处方,0.6,0.45,100,284,112.3,104.89,120.23,0.116,0.0411,通过
劣质处方,0.6,0.45,100,285,102.62,95.96,109.76,0.0259,0.0405,通过
劣质处方,0.6,0.45,100,286,107.68,100.13,115.81,0.074,0.0438,通过
劣质处方,0.6,0.45,100,287,110.08,101.83,119.0,0.0961,0.0469,通过
劣质处方,0.6,0.45,100,288,110.67,103.39,118.46,0.1013,0.041,通过
劣质处方,0.6,0.45,100,289,106.24,98.45,114.64,0.0605,0.0458,通过
劣质处方,0.6,0.45,100,290,105.29,98.07,113.05,0.0516,0.0428,通过
劣质处方,0.6,0.45,100,291,117.23,109.13,125.93,0.159,0.0431,失败
劣质处方,0.6,0.45,100,292,112.05,104.26,120.43,0.1138,0.0434,通过
劣质处方,0.6,0.45,100,293,110.92,103.59,118.77,0.1036,0.0412,通过
劣质处方,0.6,0.45,100,294,109.3,102.13,116.98,0.089,0.0409,通过
劣质处方,0.6,0.45,100,295,108.13,99.87,117.07,0.0782,0.0478,通过
劣质处方,0.6,0.45,100,296,103.06,96.25,110.35,0.0301,0.0412,通过
劣质处方,0.6,0.45,100,297,111.36,102.86,120.56,0.1076,0.0478,通过
劣质处方,0.6,0.45,100,298,97.05,89.91,104.76,-0.0299,0.0461,通过
劣质处方,0.6,0.45,100,299,112.16,104.28,120.65,0.1148,0.0439,通过
劣质处方,0.6,0.45,100,300,112.07,104.39,120.31,0.1139,0.0428,通过
劣质处方,0.6,0.45,100,301,108.74,101.43,116.59,0.0838,0.042,通过
劣质处方,0.6,0.45,100,302,98.83,91.85,106.35,-0.0117,0.0441,通过
劣质处方,0.6,0.45,100,303,104.93,97.59,112.81,0.0481,0.0436,通过
劣质处方,0.6,0.45,100,304,120.0,111.14,129.55,0.1823,0.0462,失败
劣质处方,0.6,0.45,100,305,113.69,106.2,121.7,0.1283,0.041,通过
劣质处方,0.6,0.45,100,306,108.27,100.91,116.16,0.0794,0.0424,通过
劣质处方,0.6,0.45,100,307,101.72,95.65,108.18,0.0171,0.0371,通过
劣质处方,0.6,0.45,100,308,111.97,103.7,120.9,0.113,0.0462,通过
劣质处方,0.6,0.45,100,309,113.02,105.87,120.65,0.1224,0.0393,通过
劣质处方,0.6,0.45,100,310,111.77,103.44,120.78,0.1113,0.0467,通过
劣质处方,0.6,0.45,100,311,109.01,101.23,117.39,0.0863,0.0446,通过
劣质处方,0.6,0.45,100,312,111.16,103.47,119.42,0.1058,0.0432,通过
劣质处方,0.6,0.45,100,313,100.33,92.94,108.32,0.0033,0.0461,通过
劣质处方,0.6,0.45,100,314,112.55,105.04,120.59,0.1182,0.0416,通过
劣质处方,0.6,0.45,100,315,114.99,106.16,124.55,0.1397,0.0481,通过
劣质处方,0.6,0.45,100,316,100.03,93.58,106.92,0.0003,0.0401,通过
劣质处方,0.6,0.45,100,317,101.96,94.92,109.53,0.0194,0.0431,通过
劣质处方,0.6,0.45,100,318,107.36,99.41,115.93,0.071,0.0463,通过
劣质处方,0.6,0.45,100,319,104.28,97.94,111.03,0.0419,0.0378,通过
劣质处方,0.6,0.45,100,320,110.25,103.19,117.79,0.0975,0.0398,通过
劣质处方,0.6,0.45,100,321,108.26,100.57,116.55,0.0794,0.0444,通过
劣质处方,0.6,0.45,100,322,110.48,102.85,118.67,0.0996,0.0431,通过
劣质处方,0.6,0.45,100,323,103.13,96.46,110.26,0.0308,0.0403,通过
劣质处方,0.6,0.45,100,324,115.02,107.5,123.07,0.14,0.0407,通过
劣质处方,0.6,0.45,100,325,108.64,101.49,116.3,0.0829,0.041,通过
劣质处方,0.6,0.45,100,326,116.77,108.23,125.99,0.1551,0.0458,失败
劣质处方,0.6,0.45,100,327,104.26,96.44,112.72,0.0418,0.047,通过
劣质处方,0.6,0.45,100,328,115.49,107.72,123.82,0.144,0.042,通过
劣质处方,0.6,0.45,100,329,110.82,103.72,118.4,0.1027,0.0398,通过
劣质处方,0.6,0.45,100,330,110.89,103.37,118.96,0.1034,0.0423,通过
劣质处方,0.6,0.45,100,331,109.22,102.42,116.48,0.0882,0.0387,通过
劣质处方,0.6,0.45,100,332,109.1,101.4,117.39,0.0871,0.0441,通过
劣质处方,0.6,0.45,100,333,109.95,102.37,118.08,0.0948,0.043,通过
劣质处方,0.6,0.45,100,334,104.63,96.42,113.54,0.0452,0.0492,通过
劣质处方,0.6,0.45,100,335,114.1,105.35,123.57,0.1319,0.048,通过
劣质处方,0.6,0.45,100,336,113.46,106.43,120.97,0.1263,0.0386,通过
劣质处方,0.6,0.45,100,337,106.22,99.62,113.25,0.0603,0.0386,通过
劣质处方,0.6,0.45,100,338,111.6,104.74,118.91,0.1097,0.0382,通过
劣质处方,0.6,0.45,100,339,114.14,106.36,122.48,0.1322,0.0425,通过
劣质处方,0.6,0.45,100,340,104.4,97.43,111.86,0.043,0.0416,通过
劣质处方,0.6,0.45,100,341,112.54,104.99,120.63,0.1181,0.0418,通过
劣质处方,0.6,0.45,100,342,112.24,103.64,121.57,0.1155,0.0481,通过
劣质处方,0.6,0.45,100,343,106.55,98.34,115.45,0.0635,0.0483,通过
劣质处方,0.6,0.45,100,344,106.63,99.97,113.74,0.0642,0.0388,通过
劣质处方,0.6,0.45,100,345,109.4,102.15,117.16,0.0899,0.0413,通过
劣质处方,0.6,0.45,100,346,113.05,104.83,121.91,0.1226,0.0455,通过
劣质处方,0.6,0.45,100,347,106.77,100.16,113.8,0.0655,0.0385,通过
劣质处方,0.6,0.45,100,348,111.18,103.43,119.5,0.1059,0.0435,通过
劣质处方,0.6,0.45,100,349,114.61,106.77,123.03,0.1364,0.0427,通过
劣质处方,0.6,0.45,100,350,116.8,109.39,124.71,0.1553,0.0395,通过
劣质处方,0.6,0.45,100,351,101.48,94.27,109.24,0.0147,0.0444,通过
劣质处方,0.6,0.45,100,352,102.11,95.56,109.11,0.0209,0.0399,通过
劣质处方,0.6,0.45,100,353,107.26,99.81,115.28,0.0701,0.0434,通过
劣质处方,0.6,0.45,100,354,116.89,109.49,124.78,0.156,0.0394,通过
劣质处方,0.6,0.45,100,355,112.38,104.64,120.68,0.1167,0.0429,通过
劣质处方,0.6,0.45,100,356,105.71,97.97,114.07,0.0555,0.0458,通过
劣质处方,0.6,0.45,100,357,109.37,101.9,117.38,0.0895,0.0426,通过
劣质处方,0.6,0.45,100,358,118.02,110.51,126.04,0.1657,0.0396,失败
劣质处方,0.6,0.45,100,359,111.69,104.34,119.55,0.1106,0.041,通过
劣质处方,0.6,0.45,100,360,118.36,109.9,127.48,0.1686,0.0447,失败
劣质处方,0.6,0.45,100,361,111.27,103.42,119.72,0.1068,0.0441,通过
劣质处方,0.6,0.45,100,362,110.54,102.05,119.74,0.1002,0.0482,通过
劣质处方,0.6,0.45,100,363,115.69,106.76,125.37,0.1458,0.0484,失败
劣质处方,0.6,0.45,100,364,111.28,104.85,118.12,0.1069,0.0359,通过
劣质处方,0.6,0.45,100,365,112.1,104.15,120.66,0.1143,0.0443,通过
劣质处方,0.6,0.45,100,366,104.85,97.3,112.99,0.0474,0.045,通过
劣质处方,0.6,0.45,100,367,110.61,102.35,119.54,0.1008,0.0468,通过
劣质处方,0.6,0.45,100,368,114.25,105.97,123.17,0.1332,0.0453,通过
劣质处方,0.6,0.45,100,369,108.54,101.42,116.17,0.082,0.0409,通过
劣质处方,0.6,0.45,100,370,110.15,103.01,117.77,0.0966,0.0403,通过
劣质处方,0.6,0.45,100,371,108.41,101.13,116.21,0.0807,0.0418,通过
劣质处方,0.6,0.45,100,372,106.8,99.6,114.52,0.0658,0.042,通过
劣质处方,0.6,0.45,100,373,111.67,103.98,119.93,0.1104,0.043,通过
劣质处方,0.6,0.45,100,374,104.96,97.82,112.62,0.0484,0.0424,通过
劣质处方,0.6,0.45,100,375,117.22,108.73,126.37,0.1589,0.0453,失败
劣质处方,0.6,0.45,100,376,100.34,93.54,107.62,0.0033,0.0422,通过
劣质处方,0.6,0.45,100,377,113.42,105.24,122.23,0.1259,0.0451,通过
劣质处方,0.6,0.45,100,378,115.8,108.5,123.58,0.1467,0.0392,通过
劣质处方,0.6,0.45,100,379,107.07,99.27,115.47,0.0683,0.0455,通过
劣质处方,0.6,0.45,100,380,112.07,104.27,120.46,0.114,0.0435,通过
劣质处方,0.6,0.45,100,381,108.79,100.76,117.46,0.0843,0.0462,通过
劣质处方,0.6,0.45,100,382,111.25,103.59,119.49,0.1067,0.043,通过
劣质处方,0.6,0.45,100,383,104.46,97.42,112.01,0.0436,0.042,通过
劣质处方,0.6,0.45,100,384,114.04,105.84,122.88,0.1314,0.0449,通过
劣质处方,0.6,0.45,100,385,107.43,99.83,115.59,0.0716,0.0441,通过
劣质处方,0.6,0.45,100,386,114.36,106.51,122.8,0.1342,0.0429,通过
劣质处方,0.6,0.45,100,387,107.12,99.91,114.84,0.0687,0.0419,通过
劣质处方,0.6,0.45,100,388,111.82,103.86,120.4,0.1117,0.0445,通过
劣质处方,0.6,0.45,100,389,100.54,93.73,107.84,0.0054,0.0422,通过
劣质处方,0.6,0.45,100,390,107.56,100.74,114.84,0.0729,0.0394,通过
劣质处方,0.6,0.45,100,391,106.07,98.5,114.21,0.0589,0.0446,通过
劣质处方,0.6,0.45,100,392,112.01,105.14,119.34,0.1134,0.0381,通过
劣质处方,0.6,0.45,100,393,118.42,111.02,126.31,0.169,0.0388,失败
劣质处方,0.6,0.45,100,394,114.44,106.75,122.69,0.1349,0.0419,通过
劣质处方,0.6,0.45,100,395,109.83,102.25,117.97,0.0938,0.0431,通过
劣质处方,0.6,0.45,100,396,116.35,107.32,126.13,0.1514,0.0486,失败
劣质处方,0.6,0.45,100,397,115.34,107.89,123.3,0.1427,0.0402,通过
劣质处方,0.6,0.45,100,398,112.26,104.94,120.09,0.1156,0.0406,通过
劣质处方,0.6,0.45,100,399,107.35,99.25,116.11,0.0709,0.0473,通过
劣质处方,0.6,0.45,100,400,108.36,101.01,116.24,0.0803,0.0423,通过
劣质处方,0.6,0.45,100,401,108.04,100.74,115.86,0.0773,0.0421,通过
劣质处方,0.6,0.45,100,402,105.23,97.58,113.48,0.051,0.0455,通过
劣质处方,0.6,0.45,100,403,108.94,101.33,117.13,0.0857,0.0436,通过
劣质处方,0.6,0.45,100,404,101.01,92.8,109.94,0.01,0.051,通过
劣质处方,0.6,0.45,100,405,112.87,105.69,120.54,0.121,0.0396,通过
劣质处方,0.6,0.45,100,406,113.88,105.76,122.63,0.13,0.0446,通过
劣质处方,0.6,0.45,100,407,109.04,101.53,117.1,0.0865,0.043,通过
劣质处方,0.6,0.45,100,408,107.45,100.16,115.27,0.0718,0.0423,通过
劣质处方,0.6,0.45,100,409,108.05,101.06,115.51,0.0774,0.0403,通过
劣质处方,0.6,0.45,100,410,110.34,102.54,118.73,0.0984,0.0441,通过
劣质处方,0.6,0.45,100,411,112.86,105.19,121.08,0.121,0.0424,通过
劣质处方,0.6,0.45,100,412,112.57,104.97,120.72,0.1184,0.0421,通过
劣质处方,0.6,0.45,100,413,111.5,104.01,119.52,0.1088,0.0418,通过
劣质处方,0.6,0.45,100,414,106.03,98.54,114.1,0.0586,0.0441,通过
劣质处方,0.6,0.45,100,415,110.13,101.75,119.2,0.0965,0.0477,通过
劣质处方,0.6,0.45,100,416,110.42,102.12,119.39,0.0991,0.047,通过
劣质处方,0.6,0.45,100,417,106.51,98.97,114.63,0.0631,0.0442,通过
劣质处方,0.6,0.45,100,418,116.47,107.77,125.87,0.1525,0.0467,失败
劣质处方,0.6,0.45,100,419,116.08,108.01,124.75,0.1491,0.0434,通过
劣质处方,0.6,0.45,100,420,106.54,98.99,114.67,0.0634,0.0443,通过
劣质处方,0.6,0.45,100,421,113.2,105.25,121.76,0.124,0.0439,通过
劣质处方,0.6,0.45,100,422,117.83,109.35,126.98,0.1641,0.045,失败
劣质处方,0.6,0.45,100,423,110.36,102.65,118.64,0.0985,0.0436,通过
劣质处方,0.6,0.45,100,424,105.63,98.29,113.52,0.0548,0.0434,通过
劣质处方,0.6,0.45,100,425,107.45,100.49,114.9,0.0719,0.0404,通过
劣质处方,0.6,0.45,100,426,101.04,94.27,108.3,0.0103,0.0418,通过
劣质处方,0.6,0.45,100,427,112.16,104.66,120.21,0.1148,0.0417,通过
劣质处方,0.6,0.45,100,428,108.26,101.04,115.98,0.0793,0.0415,通过
劣质处方,0.6,0.45,100,429,117.47,109.29,126.25,0.161,0.0434,失败
劣质处方,0.6,0.45,100,430,113.56,105.76,121.93,0.1272,0.0428,通过
劣质处方,0.6,0.45,100,431,100.34,93.48,107.7,0.0034,0.0426,通过
劣质处方,0.6,0.45,100,432,102.2,95.09,109.83,0.0217,0.0434,通过
劣质处方,0.6,0.45,100,433,112.54,104.73,120.93,0.1181,0.0433,通过
劣质处方,0.6,0.45,100,434,112.73,105.59,120.34,0.1198,0.0394,通过
劣质处方,0.6,0.45,100,435,106.0,99.31,113.14,0.0583,0.0393,通过
劣质处方,0.6,0.45,100,436,115.0,106.48,124.19,0.1397,0.0463,通过
劣质处方,0.6,0.45,100,437,111.19,104.53,118.28,0.1061,0.0372,通过
劣质处方,0.6,0.45,100,438,110.11,102.89,117.84,0.0963,0.0409,通过
劣质处方,0.6,0.45,100,439,111.44,103.98,119.44,0.1083,0.0417,通过
劣质处方,0.6,0.45,100,440,109.19,100.86,118.2,0.0879,0.0478,通过
劣质处方,0.6,0.45,100,441,109.09,101.9,116.78,0.087,0.041,通过
劣质处方,0.6,0.45,100,442,111.99,104.95,119.5,0.1132,0.0391,通过
劣质处方,0.6,0.45,100,443,113.57,105.71,122.02,0.1273,0.0432,通过
劣质处方,0.6,0.45,100,444,106.65,99.29,114.54,0.0643,0.043,通过
劣质处方,0.6,0.45,100,445,109.13,101.26,117.61,0.0873,0.0451,通过
劣质处方,0.6,0.45,100,446,100.22,93.07,107.91,0.0022,0.0445,通过
劣质处方,0.6,0.45,100,447,109.55,101.33,118.43,0.0912,0.047,通过
劣质处方,0.6,0.45,100,448,109.77,102.13,117.98,0.0932,0.0434,通过
劣质处方,0.6,0.45,100,449,103.94,96.61,111.82,0.0386,0.044,通过
劣质处方,0.6,0.45,100,450,110.39,102.9,118.44,0.0989,0.0424,通过
劣质处方,0.6,0.45,100,451,118.07,108.98,127.93,0.1661,0.0483,失败
劣质处方,0.6,0.45,100,452,114.7,107.82,122.01,0.1371,0.0372,通过
劣质处方,0.6,0.45,100,453,99.17,92.22,106.64,-0.0084,0.0437,通过
劣质处方,0.6,0.45,100,454,108.92,101.51,116.88,0.0855,0.0425,通过
劣质处方,0.6,0.45,100,455,114.24,105.8,123.35,0.1331,0.0462,通过
劣质处方,0.6,0.45,100,456,108.34,100.67,116.61,0.0801,0.0443,通过
劣质处方,0.6,0.45,100,457,111.16,102.89,120.1,0.1058,0.0466,通过
劣质处方,0.6,0.45,100,458,116.95,109.02,125.46,0.1566,0.0423,失败
劣质处方,0.6,0.45,100,459,112.33,104.78,120.42,0.1163,0.0419,通过
劣质处方,0.6,0.45,100,460,114.57,106.13,123.68,0.136,0.0461,通过
劣质处方,0.6,0.45,100,461,106.96,99.99,114.41,0.0673,0.0406,通过
劣质处方,0.6,0.45,100,462,109.58,102.46,117.19,0.0915,0.0404,通过
劣质处方,0.6,0.45,100,463,116.41,107.4,126.17,0.1519,0.0485,失败
劣质处方,0.6,0.45,100,464,116.12,108.01,124.85,0.1495,0.0436,通过
劣质处方,0.6,0.45,100,465,107.9,100.18,116.22,0.0761,0.0447,通过
劣质处方,0.6,0.45,100,466,110.09,102.84,117.86,0.0961,0.0411,通过
劣质处方,0.6,0.45,100,467,112.28,104.2,120.98,0.1158,0.0449,通过
劣质处方,0.6,0.45,100,468,103.97,96.4,112.14,0.0389,0.0455,通过
劣质处方,0.6,0.45,100,469,112.26,104.3,120.84,0.1157,0.0443,通过
劣质处方,0.6,0.45,100,470,112.46,104.53,121.0,0.1175,0.0441,通过
劣质处方,0.6,0.45,100,471,111.16,103.73,119.13,0.1058,0.0417,通过
劣质处方,0.6,0.45,100,472,115.5,107.41,124.2,0.1441,0.0437,通过
劣质处方,0.6,0.45,100,473,106.82,99.24,114.99,0.066,0.0444,通过
劣质处方,0.6,0.45,100,474,109.64,101.68,118.21,0.092,0.0454,通过
劣质处方,0.6,0.45,100,475,112.07,104.39,120.32,0.114,0.0428,通过
劣质处方,0.6,0.45,100,476,111.85,104.46,119.78,0.112,0.0412,通过
劣质处方,0.6,0.45,100,477,109.5,101.9,117.67,0.0908,0.0433,通过
劣质处方,0.6,0.45,100,478,110.39,101.28,120.32,0.0988,0.0519,通过
劣质处方,0.6,0.45,100,479,112.42,105.92,119.3,0.117,0.0358,通过
劣质处方,0.6,0.45,100,480,102.32,94.57,110.71,0.023,0.0475,通过
劣质处方,0.6,0.45,100,481,104.99,98.97,111.38,0.0487,0.0356,通过
劣质处方,0.6,0.45,100,482,113.45,105.57,121.91,0.1262,0.0433,通过
劣质处方,0.6,0.45,100,483,113.98,106.33,122.18,0.1308,0.0418,通过
劣质处方,0.6,0.45,100,484,116.01,106.95,125.83,0.1485,0.049,失败
劣质处方,0.6,0.45,100,485,111.77,103.97,120.16,0.1113,0.0436,通过
劣质处方,0.6,0.45,100,486,106.08,98.75,113.96,0.0591,0.0431,通过
劣质处方,0.6,0.45,100,487,109.88,103.01,117.2,0.0942,0.0389,通过
劣质处方,0.6,0.45,100,488,108.57,101.35,116.31,0.0822,0.0415,通过
劣质处方,0.6,0.45,100,489,115.87,106.86,125.65,0.1473,0.0488,失败
劣质处方,0.6,0.45,100,490,110.58,102.54,119.24,0.1005,0.0454,通过
劣质处方,0.6,0.45,100,491,109.01,101.48,117.1,0.0863,0.0431,通过
劣质处方,0.6,0.45,100,492,114.54,106.32,123.4,0.1358,0.0448,通过
劣质处方,0.6,0.45,100,493,110.05,101.73,119.05,0.0958,0.0473,通过
劣质处方,0.6,0.45,100,494,110.6,102.91,118.86,0.1007,0.0434,通过
劣质处方,0.6,0.45,100,495,106.62,100.05,113.63,0.0641,0.0383,通过
劣质处方,0.6,0.45,100,496,105.85,98.34,113.94,0.0569,0.0443,通过
劣质处方,0.6,0.45,100,497,125.02,115.85,134.92,0.2233,0.0459,失败
劣质处方,0.6,0.45,100,498,108.74,100.29,117.92,0.0838,0.0488,通过
劣质处方,0.6,0.45,100,499,108.71,101.32,116.64,0.0835,0.0424,通过
劣质处方,0.6,0.45,100,500,112.19,104.43,120.54,0.1151,0.0432,通过
劣质处方,0.6,0.45,120,1,109.43,102.22,117.14,0.0901,0.0411,通过
劣质处方,0.6,0.45,120,2,107.2,100.16,114.72,0.0695,0.0409,通过
劣质处方,0.6,0.45,120,3,114.8,108.21,121.8,0.138,0.0357,通过
劣质处方,0.6,0.45,120,4,109.24,102.11,116.87,0.0884,0.0407,通过
劣质处方,0.6,0.45,120,5,114.12,107.53,121.11,0.1321,0.0359,通过
劣质处方,0.6,0.45,120,6,105.4,98.69,112.57,0.0526,0.0397,通过
劣质处方,0.6,0.45,120,7,106.38,100.74,112.34,0.0618,0.0329,通过
劣质处方,0.6,0.45,120,8,107.07,101.21,113.27,0.0683,0.0339,通过
劣质处方,0.6,0.45,120,9,116.6,108.57,125.23,0.1536,0.043,失败
劣质处方,0.6,0.45,120,10,110.88,104.39,117.77,0.1033,0.0364,通过
劣质处方,0.6,0.45,120,11,114.62,107.34,122.39,0.1364,0.0396,通过
劣质处方,0.6,0.45,120,12,113.17,106.31,120.48,0.1237,0.0377,通过
劣质处方,0.6,0.45,120,13,110.71,103.94,117.93,0.1018,0.0381,通过
劣质处方,0.6,0.45,120,14,103.7,96.75,111.15,0.0363,0.0419,通过
劣质处方,0.6,0.45,120,15,112.15,105.04,119.74,0.1147,0.0395,通过
劣质处方,0.6,0.45,120,16,105.35,98.26,112.94,0.0521,0.042,通过
劣质处方,0.6,0.45,120,17,116.19,109.54,123.24,0.1501,0.0356,通过
劣质处方,0.6,0.45,120,18,111.78,104.36,119.73,0.1114,0.0414,通过
劣质处方,0.6,0.45,120,19,113.75,106.97,120.96,0.1288,0.0371,通过
劣质处方,0.6,0.45,120,20,114.98,107.4,123.1,0.1396,0.0412,通过
劣质处方,0.6,0.45,120,21,104.74,98.15,111.77,0.0463,0.0392,通过
劣质处方,0.6,0.45,120,22,113.79,106.64,121.41,0.1291,0.0391,通过
劣质处方,0.6,0.45,120,23,99.48,92.82,106.62,-0.0052,0.0418,通过
劣质处方,0.6,0.45,120,24,114.07,107.43,121.12,0.1316,0.0362,通过
劣质处方,0.6,0.45,120,25,112.47,105.27,120.15,0.1175,0.0399,通过
劣质处方,0.6,0.45,120,26,109.25,101.35,117.76,0.0884,0.0453,通过
劣质处方,0.6,0.45,120,27,116.71,109.26,124.66,0.1545,0.0398,通过
劣质处方,0.6,0.45,120,28,101.2,94.34,108.56,0.0119,0.0424,通过
劣质处方,0.6,0.45,120,29,112.06,104.45,120.22,0.1138,0.0424,通过
劣质处方,0.6,0.45,120,30,114.77,108.28,121.64,0.1377,0.0351,通过
劣质处方,0.6,0.45,120,31,115.63,108.85,122.83,0.1452,0.0365,通过
劣质处方,0.6,0.45,120,32,114.18,106.93,121.93,0.1326,0.0396,通过
劣质处方,0.6,0.45,120,33,103.61,96.49,111.25,0.0354,0.0429,通过
劣质处方,0.6,0.45,120,34,109.06,103.28,115.17,0.0868,0.0329,通过
劣质处方,0.6,0.45,120,35,100.33,93.83,107.28,0.0033,0.0404,通过
劣质处方,0.6,0.45,120,36,108.69,101.84,115.99,0.0833,0.0392,通过
劣质处方,0.6,0.45,120,37,105.98,99.11,113.32,0.058,0.0404,通过
劣质处方,0.6,0.45,120,38,119.03,111.82,126.7,0.1742,0.0377,失败
劣质处方,0.6,0.45,120,39,104.47,98.09,111.25,0.0437,0.038,通过
劣质处方,0.6,0.45,120,40,116.95,110.27,124.03,0.1566,0.0355,通过
劣质处方,0.6,0.45,120,41,106.46,99.62,113.77,0.0626,0.04,通过
劣质处方,0.6,0.45,120,42,106.84,100.66,113.41,0.0662,0.036,通过
劣质处方,0.6,0.45,120,43,108.24,101.12,115.85,0.0792,0.041,通过
劣质处方,0.6,0.45,120,44,104.37,97.43,111.8,0.0428,0.0415,通过
劣质处方,0.6,0.45,120,45,109.99,102.72,117.77,0.0952,0.0412,通过
劣质处方,0.6,0.45,120,46,106.3,99.15,113.97,0.0611,0.042,通过
劣质处方,0.6,0.45,120,47,99.87,93.36,106.82,-0.0013,0.0406,通过
劣质处方,0.6,0.45,120,48,104.75,98.3,111.62,0.0464,0.0383,通过
劣质处方,0.6,0.45,120,49,104.72,98.26,111.6,0.0461,0.0384,通过
劣质处方,0.6,0.45,120,50,112.87,105.16,121.15,0.1211,0.0427,通过
劣质处方,0.6,0.45,120,51,111.09,103.7,119.01,0.1052,0.0415,通过
劣质处方,0.6,0.45,120,52,105.9,98.68,113.63,0.0573,0.0425,通过
劣质处方,0.6,0.45,120,53,102.55,96.26,109.24,0.0251,0.0382,通过
劣质处方,0.6,0.45,120,54,116.96,109.53,124.89,0.1567,0.0396,通过
劣质处方,0.6,0.45,120,55,107.99,101.43,114.97,0.0769,0.0378,通过
劣质处方,0.6,0.45,120,56,111.44,104.22,119.16,0.1083,0.0404,通过
劣质处方,0.6,0.45,120,57,112.26,105.02,120.0,0.1156,0.0402,通过
劣质处方,0.6,0.45,120,58,113.95,105.9,122.62,0.1306,0.0442,通过
劣质处方,0.6,0.45,120,59,121.57,114.08,129.56,0.1953,0.0384,失败
劣质处方,0.6,0.45,120,60,110.14,103.28,117.47,0.0966,0.0388,通过
劣质处方,0.6,0.45,120,61,105.06,98.09,112.53,0.0494,0.0414,通过
劣质处方,0.6,0.45,120,62,103.29,96.79,110.22,0.0323,0.0392,通过
劣质处方,0.6,0.45,120,63,104.47,97.71,111.69,0.0437,0.0403,通过
劣质处方,0.6,0.45,120,64,121.29,113.55,129.56,0.193,0.0398,失败
劣质处方,0.6,0.45,120,65,111.99,104.31,120.23,0.1132,0.0428,通过
劣质处方,0.6,0.45,120,66,104.3,97.78,111.26,0.0421,0.039,通过
劣质处方,0.6,0.45,120,67,103.09,96.47,110.16,0.0304,0.04,通过
劣质处方,0.6,0.45,120,68,112.84,105.76,120.38,0.1208,0.0391,通过
劣质处方,0.6,0.45,120,69,111.18,104.05,118.8,0.106,0.04,通过
劣质处方,0.6,0.45,120,70,120.15,112.05,128.84,0.1836,0.0421,失败
劣质处方,0.6,0.45,120,71,105.2,98.53,112.32,0.0507,0.0395,通过
劣质处方,0.6,0.45,120,72,119.0,111.87,126.58,0.174,0.0373,失败
劣质处方,0.6,0.45,120,73,105.83,99.27,112.83,0.0567,0.0386,通过
劣质处方,0.6,0.45,120,74,106.71,100.14,113.71,0.0649,0.0383,通过
劣质处方,0.6,0.45,120,75,103.4,97.19,110.0,0.0334,0.0374,通过
劣质处方,0.6,0.45,120,76,112.75,104.92,121.15,0.12,0.0434,通过
劣质处方,0.6,0.45,120,77,108.78,101.85,116.19,0.0842,0.0397,通过
劣质处方,0.6,0.45,120,78,106.08,99.72,112.85,0.059,0.0373,通过
劣质处方,0.6,0.45,120,79,113.01,106.45,119.98,0.1223,0.0361,通过
劣质处方,0.6,0.45,120,80,107.11,100.51,114.15,0.0687,0.0384,通过
劣质处方,0.6,0.45,120,81,105.54,98.57,113.0,0.0539,0.0412,通过
劣质处方,0.6,0.45,120,82,109.14,102.94,115.71,0.0875,0.0353,通过
劣质处方,0.6,0.45,120,83,113.34,104.98,122.36,0.1252,0.0462,通过
劣质处方,0.6,0.45,120,84,102.95,95.98,110.43,0.0291,0.0423,通过
劣质处方,0.6,0.45,120,85,114.7,107.11,122.82,0.1371,0.0413,通过
劣质处方,0.6,0.45,120,86,115.56,108.12,123.51,0.1446,0.0401,通过
劣质处方,0.6,0.45,120,87,118.01,110.68,125.84,0.1656,0.0387,失败
劣质处方,0.6,0.45,120,88,105.08,98.82,111.74,0.0496,0.0371,通过
劣质处方,0.6,0.45,120,89,115.01,107.68,122.84,0.1398,0.0397,通过
劣质处方,0.6,0.45,120,90,115.8,107.32,124.96,0.1467,0.0459,通过
劣质处方,0.6,0.45,120,91,115.72,109.14,122.7,0.146,0.0353,通过
劣质处方,0.6,0.45,120,92,107.48,101.29,114.05,0.0721,0.0358,通过
劣质处方,0.6,0.45,120,93,113.69,107.27,120.5,0.1283,0.0351,通过
劣质处方,0.6,0.45,120,94,109.17,101.99,116.85,0.0877,0.041,通过
劣质处方,0.6,0.45,120,95,105.55,98.53,113.06,0.054,0.0415,通过
劣质处方,0.6,0.45,120,96,121.52,113.62,129.97,0.1949,0.0406,失败
劣质处方,0.6,0.45,120,97,112.21,105.13,119.76,0.1152,0.0393,通过
劣质处方,0.6,0.45,120,98,107.92,101.01,115.3,0.0762,0.0399,通过
劣质处方,0.6,0.45,120,99,112.51,104.41,121.24,0.1179,0.0451,通过
劣质处方,0.6,0.45,120,100,100.33,93.76,107.36,0.0033,0.0409,通过
劣质处方,0.6,0.45,120,101,114.34,106.91,122.28,0.134,0.0405,通过
劣质处方,0.6,0.45,120,102,114.0,106.8,121.68,0.131,0.0393,通过
劣质处方,0.6,0.45,120,103,109.96,102.87,117.53,0.0949,0.0402,通过
劣质处方,0.6,0.45,120,104,110.84,104.3,117.79,0.1029,0.0367,通过
劣质处方,0.6,0.45,120,105,108.3,101.54,115.51,0.0798,0.0389,通过
劣质处方,0.6,0.45,120,106,115.24,107.12,123.97,0.1418,0.044,通过
劣质处方,0.6,0.45,120,107,115.87,108.28,123.98,0.1473,0.0408,通过
劣质处方,0.6,0.45,120,108,112.1,105.31,119.33,0.1142,0.0377,通过
劣质处方,0.6,0.45,120,109,104.69,97.49,112.42,0.0458,0.043,通过
劣质处方,0.6,0.45,120,110,108.33,102.04,115.0,0.08,0.0361,通过
劣质处方,0.6,0.45,120,111,105.29,98.77,112.24,0.0515,0.0386,通过
劣质处方,0.6,0.45,120,112,110.33,103.29,117.85,0.0983,0.0398,通过
劣质处方,0.6,0.45,120,113,111.52,105.17,118.25,0.109,0.0354,通过
劣质处方,0.6,0.45,120,114,119.1,111.59,127.11,0.1748,0.0393,失败
劣质处方,0.6,0.45,120,115,108.06,100.24,116.5,0.0775,0.0453,通过
劣质处方,0.6,0.45,120,116,105.96,98.85,113.58,0.0579,0.0419,通过
劣质处方,0.6,0.45,120,117,105.41,99.04,112.18,0.0527,0.0376,通过
劣质处方,0.6,0.45,120,118,103.86,97.03,111.16,0.0378,0.041,通过
劣质处方,0.6,0.45,120,119,107.97,100.39,116.13,0.0767,0.0439,通过
劣质处方,0.6,0.45,120,120,121.11,113.32,129.44,0.1915,0.0401,失败
劣质处方,0.6,0.45,120,121,109.63,102.6,117.16,0.092,0.04,通过
劣质处方,0.6,0.45,120,122,112.42,105.28,120.03,0.117,0.0395,通过
劣质处方,0.6,0.45,120,123,105.19,98.67,112.15,0.0506,0.0386,通过
劣质处方,0.6,0.45,120,124,106.24,99.9,112.99,0.0606,0.0371,通过
劣质处方,0.6,0.45,120,125,103.72,96.83,111.11,0.0365,0.0415,通过
劣质处方,0.6,0.45,120,126,106.19,99.43,113.41,0.0601,0.0397,通过
劣质处方,0.6,0.45,120,127,109.52,102.02,117.58,0.091,0.0428,通过
劣质处方,0.6,0.45,120,128,111.42,103.97,119.4,0.1081,0.0417,通过
劣质处方,0.6,0.45,120,129,110.53,103.9,117.57,0.1001,0.0373,通过
劣质处方,0.6,0.45,120,130,112.8,105.66,120.43,0.1204,0.0395,通过
劣质处方,0.6,0.45,120,131,115.11,107.66,123.08,0.1408,0.0404,通过
劣质处方,0.6,0.45,120,132,111.53,104.57,118.96,0.1092,0.0389,通过
劣质处方,0.6,0.45,120,133,112.34,105.0,120.2,0.1164,0.0408,通过
劣质处方,0.6,0.45,120,134,102.81,96.13,109.95,0.0277,0.0405,通过
劣质处方,0.6,0.45,120,135,108.22,101.43,115.46,0.079,0.0391,通过
劣质处方,0.6,0.45,120,136,106.07,98.78,113.91,0.059,0.043,通过
劣质处方,0.6,0.45,120,137,116.22,109.33,123.56,0.1503,0.0369,通过
劣质处方,0.6,0.45,120,138,109.72,101.87,118.18,0.0928,0.0448,通过
劣质处方,0.6,0.45,120,139,108.41,102.09,115.11,0.0807,0.0362,通过
劣质处方,0.6,0.45,120,140,110.37,102.91,118.36,0.0986,0.0422,通过
劣质处方,0.6,0.45,120,141,112.67,105.34,120.52,0.1193,0.0406,通过
劣质处方,0.6,0.45,120,142,110.32,102.92,118.26,0.0983,0.0419,通过
劣质处方,0.6,0.45,120,143,105.76,99.44,112.5,0.056,0.0372,通过
劣质处方,0.6,0.45,120,144,111.48,104.13,119.35,0.1087,0.0412,通过
劣质处方,0.6,0.45,120,145,104.35,97.74,111.4,0.0425,0.0395,通过
劣质处方,0.6,0.45,120,146,112.36,104.81,120.46,0.1166,0.042,通过
劣质处方,0.6,0.45,120,147,113.08,106.27,120.32,0.1229,0.0374,通过
劣质处方,0.6,0.45,120,148,107.58,100.65,114.99,0.0731,0.0402,通过
劣质处方,0.6,0.45,120,149,108.81,102.0,116.08,0.0844,0.039,通过
劣质处方,0.6,0.45,120,150,101.13,95.47,107.12,0.0112,0.0347,通过
劣质处方,0.6,0.45,120,151,109.33,102.29,116.85,0.0892,0.0401,通过
劣质处方,0.6,0.45,120,152,111.96,104.97,119.42,0.113,0.0389,通过
劣质处方,0.6,0.45,120,153,106.08,98.68,114.03,0.059,0.0436,通过
劣质处方,0.6,0.45,120,154,105.04,98.67,111.83,0.0492,0.0377,通过
劣质处方,0.6,0.45,120,155,103.51,96.83,110.65,0.0345,0.0402,通过
劣质处方,0.6,0.45,120,156,107.6,100.74,114.92,0.0732,0.0397,通过
劣质处方,0.6,0.45,120,157,111.38,103.97,119.32,0.1078,0.0415,通过
劣质处方,0.6,0.45,120,158,99.08,92.33,106.33,-0.0092,0.0426,通过
劣质处方,0.6,0.45,120,159,116.79,109.2,124.9,0.1552,0.0405,通过
劣质处方,0.6,0.45,120,160,110.16,102.86,117.98,0.0968,0.0414,通过
劣质处方,0.6,0.45,120,161,105.95,98.63,113.81,0.0578,0.0432,通过
劣质处方,0.6,0.45,120,162,107.33,100.62,114.5,0.0708,0.039,通过
劣质处方,0.6,0.45,120,163,110.21,102.04,119.04,0.0972,0.0465,通过
劣质处方,0.6,0.45,120,164,113.72,107.08,120.77,0.1286,0.0363,通过
劣质处方,0.6,0.45,120,165,114.08,108.19,120.3,0.1317,0.032,通过
劣质处方,0.6,0.45,120,166,104.44,97.6,111.77,0.0435,0.0409,通过
劣质处方,0.6,0.45,120,167,102.7,95.79,110.11,0.0267,0.042,通过
劣质处方,0.6,0.45,120,168,108.48,101.61,115.83,0.0814,0.0395,通过
劣质处方,0.6,0.45,120,169,111.67,105.03,118.74,0.1104,0.037,通过
劣质处方,0.6,0.45,120,170,115.34,108.04,123.14,0.1427,0.0395,通过
劣质处方,0.6,0.45,120,171,104.84,98.73,111.34,0.0473,0.0363,通过
劣质处方,0.6,0.45,120,172,111.07,104.03,118.59,0.105,0.0395,通过
劣质处方,0.6,0.45,120,173,103.53,97.27,110.19,0.0347,0.0376,通过
劣质处方,0.6,0.45,120,174,112.21,105.38,119.49,0.1152,0.0379,通过
劣质处方,0.6,0.45,120,175,102.69,95.91,109.95,0.0266,0.0412,通过
劣质处方,0.6,0.45,120,176,105.57,98.5,113.15,0.0542,0.0418,通过
劣质处方,0.6,0.45,120,177,105.37,98.51,112.7,0.0523,0.0406,通过
劣质处方,0.6,0.45,120,178,110.06,103.33,117.22,0.0958,0.038,通过
劣质处方,0.6,0.45,120,179,107.59,101.04,114.56,0.0732,0.0379,通过
劣质处方,0.6,0.45,120,180,109.85,103.72,116.34,0.094,0.0346,通过
劣质处方,0.6,0.45,120,181,108.62,101.97,115.69,0.0827,0.0381,通过
劣质处方,0.6,0.45,120,182,106.18,99.68,113.1,0.0599,0.0381,通过
劣质处方,0.6,0.45,120,183,111.05,103.92,118.66,0.1048,0.04,通过
劣质处方,0.6,0.45,120,184,102.72,96.5,109.33,0.0268,0.0376,通过
劣质处方,0.6,0.45,120,185,106.8,100.57,113.4,0.0658,0.0362,通过
劣质处方,0.6,0.45,120,186,109.96,102.6,117.85,0.095,0.0418,通过
劣质处方,0.6,0.45,120,187,108.92,101.46,116.94,0.0855,0.0428,通过
劣质处方,0.6,0.45,120,188,102.03,96.6,107.78,0.0201,0.033,通过
劣质处方,0.6,0.45,120,189,102.38,95.85,109.35,0.0235,0.0398,通过
劣质处方,0.6,0.45,120,190,109.49,101.87,117.68,0.0906,0.0435,通过
劣质处方,0.6,0.45,120,191,111.16,103.7,119.17,0.1058,0.0419,通过
劣质处方,0.6,0.45,120,192,105.51,98.59,112.92,0.0536,0.0409,通过
劣质处方,0.6,0.45,120,193,103.79,97.36,110.65,0.0372,0.0386,通过
劣质处方,0.6,0.45,120,194,108.45,101.51,115.86,0.0811,0.0399,通过
劣质处方,0.6,0.45,120,195,107.6,100.58,115.11,0.0732,0.0407,通过
劣质处方,0.6,0.45,120,196,109.39,102.3,116.97,0.0898,0.0404,通过
劣质处方,0.6,0.45,120,197,106.72,100.54,113.28,0.065,0.036,通过
劣质处方,0.6,0.45,120,198,109.05,101.69,116.95,0.0866,0.0422,通过
劣质处方,0.6,0.45,120,199,110.31,103.56,117.49,0.0981,0.0381,通过
劣质处方,0.6,0.45,120,200,106.36,99.98,113.13,0.0616,0.0373,通过
劣质处方,0.6,0.45,120,201,112.52,106.39,118.99,0.1179,0.0338,通过
劣质处方,0.6,0.45,120,202,110.66,103.19,118.66,0.1013,0.0421,通过
劣质处方,0.6,0.45,120,203,101.75,95.64,108.25,0.0173,0.0374,通过
劣质处方,0.6,0.45,120,204,105.87,99.69,112.42,0.057,0.0362,通过
劣质处方,0.6,0.45,120,205,103.09,95.85,110.87,0.0304,0.0439,通过
劣质处方,0.6,0.45,120,206,106.93,100.26,114.05,0.067,0.0389,通过
劣质处方,0.6,0.45,120,207,113.36,106.52,120.64,0.1254,0.0375,通过
劣质处方,0.6,0.45,120,208,105.2,97.94,113.01,0.0507,0.0432,通过
劣质处方,0.6,0.45,120,209,113.47,105.49,122.05,0.1263,0.044,通过
劣质处方,0.6,0.45,120,210,113.59,106.46,121.2,0.1274,0.0391,通过
劣质处方,0.6,0.45,120,211,108.35,101.86,115.26,0.0802,0.0373,通过
劣质处方,0.6,0.45,120,212,101.84,95.5,108.6,0.0182,0.0388,通过
劣质处方,0.6,0.45,120,213,111.55,104.33,119.27,0.1093,0.0404,通过
劣质处方,0.6,0.45,120,214,105.57,99.57,111.92,0.0542,0.0353,通过
劣质处方,0.6,0.45,120,215,100.74,94.56,107.33,0.0074,0.0382,通过
劣质处方,0.6,0.45,120,216,107.23,100.86,114.0,0.0698,0.0369,通过
劣质处方,0.6,0.45,120,217,115.17,108.6,122.15,0.1413,0.0355,通过
劣质处方,0.6,0.45,120,218,115.37,108.68,122.47,0.143,0.036,通过
劣质处方,0.6,0.45,120,219,114.35,107.13,122.06,0.1341,0.0394,通过
劣质处方,0.6,0.45,120,220,103.58,97.61,109.91,0.0352,0.0358,通过
劣质处方,0.6,0.45,120,221,109.94,103.78,116.45,0.0947,0.0347,通过
劣质处方,0.6,0.45,120,222,109.78,103.07,116.92,0.0933,0.038,通过
劣质处方,0.6,0.45,120,223,102.13,96.01,108.63,0.0211,0.0372,通过
劣质处方,0.6,0.45,120,224,107.81,100.82,115.29,0.0752,0.0405,通过
劣质处方,0.6,0.45,120,225,115.02,107.42,123.15,0.1399,0.0412,通过
劣质处方,0.6,0.45,120,226,107.61,100.85,114.83,0.0734,0.0392,通过
劣质处方,0.6,0.45,120,227,104.15,98.16,110.5,0.0406,0.0357,通过
劣质处方,0.6,0.45,120,228,110.61,103.56,118.13,0.1008,0.0397,通过
劣质处方,0.6,0.45,120,229,114.68,106.86,123.09,0.137,0.0427,通过
劣质处方,0.6,0.45,120,230,105.42,98.45,112.88,0.0527,0.0412,通过
劣质处方,0.6,0.45,120,231,107.64,100.58,115.19,0.0736,0.0409,通过
劣质处方,0.6,0.45,120,232,101.37,94.84,108.35,0.0136,0.0402,通过
劣质处方,0.6,0.45,120,233,114.75,107.24,122.78,0.1375,0.0408,通过
劣质处方,0.6,0.45,120,234,102.58,96.16,109.43,0.0255,0.039,通过
劣质处方,0.6,0.45,120,235,119.15,111.23,127.64,0.1752,0.0415,失败
劣质处方,0.6,0.45,120,236,112.23,104.82,120.17,0.1154,0.0412,通过
劣质处方,0.6,0.45,120,237,107.9,101.28,114.96,0.0761,0.0382,通过
劣质处方,0.6,0.45,120,238,107.48,100.81,114.61,0.0722,0.0387,通过
劣质处方,0.6,0.45,120,239,105.76,98.48,113.59,0.056,0.0431,通过
劣质处方,0.6,0.45,120,240,104.34,97.43,111.74,0.0425,0.0413,通过
劣质处方,0.6,0.45,120,241,109.64,102.72,117.02,0.092,0.0393,通过
劣质处方,0.6,0.45,120,242,107.05,99.64,115.02,0.0681,0.0433,通过
劣质处方,0.6,0.45,120,243,109.71,103.37,116.43,0.0927,0.0359,通过
劣质处方,0.6,0.45,120,244,121.44,113.22,130.26,0.1943,0.0423,失败
劣质处方,0.6,0.45,120,245,107.85,100.12,116.18,0.0756,0.0449,通过
劣质处方,0.6,0.45,120,246,102.36,95.68,109.5,0.0233,0.0407,通过
劣质处方,0.6,0.45,120,247,108.23,100.48,116.57,0.0791,0.0448,通过
劣质处方,0.6,0.45,120,248,110.72,103.25,118.72,0.1018,0.0421,通过
劣质处方,0.6,0.45,120,249,116.47,108.88,124.6,0.1525,0.0407,通过
劣质处方,0.6,0.45,120,250,102.81,96.2,109.89,0.0278,0.0401,通过
劣质处方,0.6,0.45,120,251,106.71,100.0,113.87,0.0649,0.0392,通过
劣质处方,0.6,0.45,120,252,116.61,108.91,124.86,0.1537,0.0412,通过
劣质处方,0.6,0.45,120,253,102.66,96.61,109.08,0.0262,0.0366,通过
劣质处方,0.6,0.45,120,254,109.38,102.83,116.34,0.0896,0.0372,通过
劣质处方,0.6,0.45,120,255,110.36,103.67,117.48,0.0986,0.0377,通过
劣质处方,0.6,0.45,120,256,105.03,97.92,112.66,0.0491,0.0423,通过
劣质处方,0.6,0.45,120,257,109.89,103.22,116.99,0.0943,0.0378,通过
劣质处方,0.6,0.45,120,258,117.42,109.49,125.91,0.1606,0.0421,失败
劣质处方,0.6,0.45,120,259,109.08,102.3,116.3,0.0869,0.0387,通过
劣质处方,0.6,0.45,120,260,107.18,100.6,114.18,0.0693,0.0382,通过
劣质处方,0.6,0.45,120,261,110.14,102.55,118.29,0.0966,0.0431,通过
劣质处方,0.6,0.45,120,262,116.76,109.49,124.51,0.1549,0.0388,通过
劣质处方,0.6,0.45,120,263,114.2,106.68,122.26,0.1328,0.0411,通过
劣质处方,0.6,0.45,120,264,112.12,104.55,120.23,0.1144,0.0422,通过
劣质处方,0.6,0.45,120,265,114.24,106.76,122.25,0.1331,0.0409,通过
劣质处方,0.6,0.45,120,266,111.41,104.75,118.49,0.1081,0.0372,通过
劣质处方,0.6,0.45,120,267,104.52,97.88,111.61,0.0442,0.0396,通过
劣质处方,0.6,0.45,120,268,107.52,100.85,114.64,0.0726,0.0386,通过
劣质处方,0.6,0.45,120,269,98.56,92.41,105.12,-0.0145,0.0389,通过
劣质处方,0.6,0.45,120,270,100.09,93.29,107.38,0.0009,0.0424,通过
劣质处方,0.6,0.45,120,271,110.65,103.28,118.54,0.1012,0.0415,通过
劣质处方,0.6,0.45,120,272,109.68,102.49,117.38,0.0924,0.0409,通过
劣质处方,0.6,0.45,120,273,113.04,106.13,120.4,0.1226,0.0381,通过
劣质处方,0.6,0.45,120,274,114.36,107.43,121.75,0.1342,0.0377,通过
劣质处方,0.6,0.45,120,275,108.47,101.9,115.46,0.0813,0.0377,通过
劣质处方,0.6,0.45,120,276,110.54,103.03,118.6,0.1002,0.0425,通过
劣质处方,0.6,0.45,120,277,107.62,101.37,114.25,0.0734,0.0361,通过
劣质处方,0.6,0.45,120,278,113.82,106.99,121.09,0.1295,0.0373,通过
劣质处方,0.6,0.45,120,279,112.6,105.24,120.49,0.1187,0.0408,通过
劣质处方,0.6,0.45,120,280,109.36,102.62,116.54,0.0894,0.0384,通过
劣质处方,0.6,0.45,120,281,114.22,106.68,122.29,0.1329,0.0412,通过
劣质处方,0.6,0.45,120,282,109.63,102.81,116.91,0.092,0.0388,通过
劣质处方,0.6,0.45,120,283,115.39,107.64,123.7,0.1432,0.0419,通过
劣质处方,0.6,0.45,120,284,113.56,106.1,121.53,0.1271,0.0409,通过
劣质处方,0.6,0.45,120,285,107.36,101.42,113.65,0.0711,0.0343,通过
劣质处方,0.6,0.45,120,286,107.36,101.07,114.04,0.071,0.0364,通过
劣质处方,0.6,0.45,120,287,105.71,98.85,113.05,0.0556,0.0405,通过
劣质处方,0.6,0.45,120,288,106.38,99.93,113.25,0.0619,0.0377,通过
劣质处方,0.6,0.45,120,289,107.93,101.49,114.77,0.0763,0.0371,通过
劣质处方,0.6,0.45,120,290,116.55,109.13,124.48,0.1532,0.0397,通过
劣质处方,0.6,0.45,120,291,105.16,97.46,113.47,0.0503,0.0459,通过
劣质处方,0.6,0.45,120,292,115.18,108.57,122.2,0.1414,0.0357,通过
劣质处方,0.6,0.45,120,293,106.29,99.84,113.15,0.061,0.0377,通过
劣质处方,0.6,0.45,120,294,104.0,97.16,111.33,0.0393,0.041,通过
劣质处方,0.6,0.45,120,295,112.48,105.13,120.33,0.1176,0.0407,通过
劣质处方,0.6,0.45,120,296,113.75,106.29,121.74,0.1289,0.0409,通过
劣质处方,0.6,0.45,120,297,106.65,100.17,113.56,0.0644,0.0378,通过
劣质处方,0.6,0.45,120,298,110.22,103.52,117.35,0.0973,0.0378,通过
劣质处方,0.6,0.45,120,299,105.87,99.13,113.07,0.057,0.0397,通过
劣质处方,0.6,0.45,120,300,114.1,106.16,122.63,0.1319,0.0435,通过
劣质处方,0.6,0.45,120,301,110.31,104.18,116.8,0.0981,0.0345,通过
劣质处方,0.6,0.45,120,302,99.69,93.1,106.76,-0.0031,0.0413,通过
劣质处方,0.6,0.45,120,303,109.01,102.22,116.25,0.0863,0.0388,通过
劣质处方,0.6,0.45,120,304,108.66,101.91,115.85,0.083,0.0387,通过
劣质处方,0.6,0.45,120,305,108.27,102.15,114.76,0.0795,0.0351,通过
劣质处方,0.6,0.45,120,306,111.63,104.45,119.32,0.1101,0.0401,通过
劣质处方,0.6,0.45,120,307,113.26,106.35,120.62,0.1245,0.038,通过
劣质处方,0.6,0.45,120,308,112.6,105.75,119.89,0.1186,0.0378,通过
劣质处方,0.6,0.45,120,309,104.99,98.1,112.36,0.0487,0.0409,通过
劣质处方,0.6,0.45,120,310,112.59,106.03,119.55,0.1186,0.0362,通过
劣质处方,0.6,0.45,120,311,105.6,99.01,112.63,0.0545,0.0389,通过
劣质处方,0.6,0.45,120,312,108.98,102.3,116.1,0.086,0.0382,通过
劣质处方,0.6,0.45,120,313,105.47,98.63,112.8,0.0533,0.0405,通过
劣质处方,0.6,0.45,120,314,110.74,103.43,118.57,0.102,0.0412,通过
劣质处方,0.6,0.45,120,315,96.32,89.6,103.54,-0.0375,0.0436,通过
劣质处方,0.6,0.45,120,316,107.71,101.1,114.76,0.0743,0.0382,通过
劣质处方,0.6,0.45,120,317,107.22,100.32,114.6,0.0697,0.0401,通过
劣质处方,0.6,0.45,120,318,109.45,102.15,117.27,0.0903,0.0416,通过
劣质处方,0.6,0.45,120,319,106.64,100.03,113.69,0.0643,0.0386,通过
劣质处方,0.6,0.45,120,320,109.17,102.48,116.29,0.0877,0.0381,通过
劣质处方,0.6,0.45,120,321,105.75,99.33,112.58,0.0559,0.0378,通过
劣质处方,0.6,0.45,120,322,112.35,104.93,120.31,0.1165,0.0413,通过
劣质处方,0.6,0.45,120,323,117.23,110.39,124.49,0.159,0.0363,通过
劣质处方,0.6,0.45,120,324,108.72,101.13,116.87,0.0836,0.0436,通过
劣质处方,0.6,0.45,120,325,103.07,96.09,110.57,0.0303,0.0423,通过
劣质处方,0.6,0.45,120,326,114.02,106.32,122.28,0.1312,0.0422,通过
劣质处方,0.6,0.45,120,327,110.23,103.0,117.96,0.0974,0.0409,通过
劣质处方,0.6,0.45,120,328,107.3,100.52,114.53,0.0705,0.0394,通过
劣质处方,0.6,0.45,120,329,107.4,100.34,114.96,0.0714,0.041,通过
劣质处方,0.6,0.45,120,330,110.53,103.25,118.33,0.1001,0.0411,通过
劣质处方,0.6,0.45,120,331,107.94,100.93,115.44,0.0764,0.0405,通过
劣质处方,0.6,0.45,120,332,103.01,96.04,110.5,0.0297,0.0423,通过
劣质处方,0.6,0.45,120,333,106.49,99.65,113.81,0.0629,0.0401,通过
劣质处方,0.6,0.45,120,334,104.67,97.7,112.13,0.0456,0.0415,通过
劣质处方,0.6,0.45,120,335,109.88,102.96,117.27,0.0942,0.0392,通过
劣质处方,0.6,0.45,120,336,109.49,103.0,116.39,0.0907,0.0369,通过
劣质处方,0.6,0.45,120,337,103.01,96.53,109.94,0.0297,0.0392,通过
劣质处方,0.6,0.45,120,338,111.5,105.05,118.33,0.1088,0.0359,通过
劣质处方,0.6,0.45,120,339,108.77,102.56,115.36,0.0841,0.0355,通过
劣质处方,0.6,0.45,120,340,114.94,107.92,122.42,0.1392,0.038,通过
劣质处方,0.6,0.45,120,341,110.05,102.64,118.0,0.0958,0.0421,通过
劣质处方,0.6,0.45,120,342,116.18,108.42,124.49,0.15,0.0417,通过
劣质处方,0.6,0.45,120,343,111.12,103.62,119.16,0.1055,0.0421,通过
劣质处方,0.6,0.45,120,344,110.45,103.88,117.44,0.0994,0.037,通过
劣质处方,0.6,0.45,120,345,110.25,103.51,117.42,0.0975,0.038,通过
劣质处方,0.6,0.45,120,346,116.35,109.07,124.13,0.1515,0.039,通过
劣质处方,0.6,0.45,120,347,106.84,99.72,114.47,0.0662,0.0416,通过
劣质处方,0.6,0.45,120,348,103.05,97.0,109.47,0.03,0.0365,通过
劣质处方,0.6,0.45,120,349,112.5,106.52,118.81,0.1178,0.0329,通过
劣质处方,0.6,0.45,120,350,114.68,107.12,122.78,0.137,0.0412,通过
劣质处方,0.6,0.45,120,351,110.13,103.76,116.89,0.0965,0.036,通过
劣质处方,0.6,0.45,120,352,106.08,99.19,113.45,0.0591,0.0405,通过
劣质处方,0.6,0.45,120,353,115.85,108.88,123.26,0.1471,0.0374,通过
劣质处方,0.6,0.45,120,354,109.63,103.1,116.58,0.092,0.0371,通过
劣质处方,0.6,0.45,120,355,109.79,103.08,116.94,0.0934,0.0381,通过
劣质处方,0.6,0.45,120,356,111.04,103.74,118.86,0.1048,0.041,通过
劣质处方,0.6,0.45,120,357,106.98,100.37,114.03,0.0675,0.0385,通过
劣质处方,0.6,0.45,120,358,110.84,103.69,118.48,0.1029,0.0402,通过
劣质处方,0.6,0.45,120,359,108.29,101.25,115.82,0.0797,0.0406,通过
劣质处方,0.6,0.45,120,360,111.3,104.69,118.32,0.107,0.0369,通过
劣质处方,0.6,0.45,120,361,105.1,98.29,112.38,0.0497,0.0404,通过
劣质处方,0.6,0.45,120,362,106.0,99.05,113.44,0.0583,0.0409,通过
劣质处方,0.6,0.45,120,363,109.71,102.31,117.64,0.0927,0.0421,通过
劣质处方,0.6,0.45,120,364,111.27,104.12,118.92,0.1068,0.0401,通过
劣质处方,0.6,0.45,120,365,112.29,104.96,120.13,0.1159,0.0407,通过
劣质处方,0.6,0.45,120,366,107.12,100.51,114.16,0.0688,0.0384,通过
劣质处方,0.6,0.45,120,367,110.5,103.17,118.36,0.0999,0.0414,通过
劣质处方,0.6,0.45,120,368,113.38,106.02,121.26,0.1256,0.0405,通过
劣质处方,0.6,0.45,120,369,110.55,103.45,118.13,0.1003,0.04,通过
劣质处方,0.6,0.45,120,370,111.46,104.65,118.7,0.1085,0.038,通过
劣质处方,0.6,0.45,120,371,102.92,96.36,109.93,0.0288,0.0397,通过
劣质处方,0.6,0.45,120,372,107.05,100.91,113.55,0.0681,0.0356,通过
劣质处方,0.6,0.45,120,373,103.73,97.62,110.23,0.0366,0.0367,通过
劣质处方,0.6,0.45,120,374,117.78,109.61,126.56,0.1637,0.0434,失败
劣质处方,0.6,0.45,120,375,112.7,105.67,120.2,0.1196,0.0389,通过
劣质处方,0.6,0.45,120,376,114.91,108.23,122.0,0.139,0.0361,通过
劣质处方,0.6,0.45,120,377,111.11,104.07,118.62,0.1053,0.0395,通过
劣质处方,0.6,0.45,120,378,113.78,106.76,121.26,0.1291,0.0384,通过
劣质处方,0.6,0.45,120,379,111.82,104.48,119.68,0.1117,0.0409,通过
劣质处方,0.6,0.45,120,380,111.84,105.34,118.73,0.1119,0.0361,通过
劣质处方,0.6,0.45,120,381,110.7,103.58,118.31,0.1017,0.0401,通过
劣质处方,0.6,0.45,120,382,106.0,99.96,112.41,0.0583,0.0354,通过
劣质处方,0.6,0.45,120,383,107.75,100.68,115.32,0.0747,0.0409,通过
劣质处方,0.6,0.45,120,384,104.54,97.94,111.58,0.0444,0.0393,通过
劣质处方,0.6,0.45,120,385,109.26,102.29,116.71,0.0886,0.0398,通过
劣质处方,0.6,0.45,120,386,110.06,103.44,117.1,0.0958,0.0374,通过
劣质处方,0.6,0.45,120,387,110.46,103.8,117.56,0.0995,0.0375,通过
劣质处方,0.6,0.45,120,388,108.78,101.64,116.42,0.0841,0.041,通过
劣质处方,0.6,0.45,120,389,105.46,98.14,113.34,0.0532,0.0434,通过
劣质处方,0.6,0.45,120,390,114.17,106.53,122.35,0.1325,0.0418,通过
劣质处方,0.6,0.45,120,391,117.6,110.62,125.03,0.1622,0.0369,失败
劣质处方,0.6,0.45,120,392,109.12,102.29,116.39,0.0872,0.039,通过
劣质处方,0.6,0.45,120,393,109.32,102.28,116.84,0.0891,0.0401,通过
劣质处方,0.6,0.45,120,394,111.3,104.55,118.5,0.1071,0.0378,通过
劣质处方,0.6,0.45,120,395,98.21,91.95,104.9,-0.0181,0.0398,通过
劣质处方,0.6,0.45,120,396,111.18,104.48,118.31,0.106,0.0375,通过
劣质处方,0.6,0.45,120,397,107.07,101.05,113.46,0.0683,0.0349,通过
劣质处方,0.6,0.45,120,398,112.71,106.24,119.56,0.1196,0.0356,通过
劣质处方,0.6,0.45,120,399,109.31,102.51,116.56,0.089,0.0387,通过
劣质处方,0.6,0.45,120,400,104.56,98.41,111.1,0.0446,0.0366,通过
劣质处方,0.6,0.45,120,401,108.06,101.4,115.15,0.0775,0.0384,通过
劣质处方,0.6,0.45,120,402,105.13,98.87,111.78,0.05,0.037,通过
劣质处方,0.6,0.45,120,403,108.03,100.9,115.67,0.0772,0.0412,通过
劣质处方,0.6,0.45,120,404,109.7,103.42,116.35,0.0925,0.0355,通过
劣质处方,0.6,0.45,120,405,107.19,100.43,114.39,0.0694,0.0393,通过
劣质处方,0.6,0.45,120,406,109.39,102.74,116.48,0.0898,0.0379,通过
劣质处方,0.6,0.45,120,407,108.93,102.21,116.09,0.0855,0.0384,通过
劣质处方,0.6,0.45,120,408,96.79,90.51,103.49,-0.0327,0.0404,通过
劣质处方,0.6,0.45,120,409,107.77,100.43,115.65,0.0749,0.0426,通过
劣质处方,0.6,0.45,120,410,108.08,100.84,115.83,0.0777,0.0418,通过
劣质处方,0.6,0.45,120,411,106.93,99.28,115.18,0.067,0.0448,通过
劣质处方,0.6,0.45,120,412,100.63,94.77,106.85,0.0062,0.0362,通过
劣质处方,0.6,0.45,120,413,107.69,100.84,115.0,0.0741,0.0396,通过
劣质处方,0.6,0.45,120,414,107.95,100.84,115.57,0.0765,0.0411,通过
劣质处方,0.6,0.45,120,415,109.96,103.69,116.61,0.095,0.0354,通过
劣质处方,0.6,0.45,120,416,104.55,98.25,111.24,0.0444,0.0374,通过
劣质处方,0.6,0.45,120,417,106.42,100.37,112.85,0.0623,0.0353,通过
劣质处方,0.6,0.45,120,418,108.26,101.71,115.23,0.0793,0.0376,通过
劣质处方,0.6,0.45,120,419,113.56,106.7,120.86,0.1272,0.0376,通过
劣质处方,0.6,0.45,120,420,106.74,101.0,112.79,0.0652,0.0333,通过
劣质处方,0.6,0.45,120,421,102.25,95.1,109.95,0.0223,0.0438,通过
劣质处方,0.6,0.45,120,422,110.05,102.35,118.33,0.0957,0.0438,通过
劣质处方,0.6,0.45,120,423,114.26,106.53,122.56,0.1333,0.0423,通过
劣质处方,0.6,0.45,120,424,100.97,94.68,107.67,0.0096,0.0388,通过
劣质处方,0.6,0.45,120,425,108.95,101.52,116.92,0.0857,0.0426,通过
劣质处方,0.6,0.45,120,426,99.74,93.48,106.43,-0.0026,0.0391,通过
劣质处方,0.6,0.45,120,427,112.26,104.82,120.23,0.1157,0.0414,通过
劣质处方,0.6,0.45,120,428,110.42,103.52,117.79,0.0992,0.039,通过
劣质处方,0.6,0.45,120,429,113.24,106.37,120.56,0.1244,0.0378,通过
劣质处方,0.6,0.45,120,430,107.55,100.91,114.64,0.0728,0.0385,通过
劣质处方,0.6,0.45,120,431,109.47,102.57,116.83,0.0905,0.0392,通过
劣质处方,0.6,0.45,120,432,116.03,108.5,124.08,0.1487,0.0405,通过
劣质处方,0.6,0.45,120,433,107.61,101.38,114.23,0.0734,0.036,通过
劣质处方,0.6,0.45,120,434,106.43,100.68,112.5,0.0623,0.0335,通过
劣质处方,0.6,0.45,120,435,109.58,102.85,116.74,0.0914,0.0382,通过
劣质处方,0.6,0.45,120,436,107.39,100.74,114.47,0.0713,0.0385,通过
劣质处方,0.6,0.45,120,437,103.4,97.19,110.0,0.0334,0.0373,通过
劣质处方,0.6,0.45,120,438,104.76,98.02,111.95,0.0465,0.0401,通过
劣质处方,0.6,0.45,120,439,104.32,97.6,111.51,0.0423,0.0402,通过
劣质处方,0.6,0.45,120,440,107.57,100.79,114.82,0.073,0.0393,通过
劣质处方,0.6,0.45,120,441,113.07,105.36,121.34,0.1228,0.0426,通过
劣质处方,0.6,0.45,120,442,106.78,100.24,113.73,0.0656,0.0381,通过
劣质处方,0.6,0.45,120,443,112.8,105.76,120.31,0.1205,0.0389,通过
劣质处方,0.6,0.45,120,444,111.99,104.91,119.55,0.1132,0.0394,通过
劣质处方,0.6,0.45,120,445,110.46,103.86,117.47,0.0995,0.0371,通过
劣质处方,0.6,0.45,120,446,116.14,108.76,124.02,0.1496,0.0396,通过
劣质处方,0.6,0.45,120,447,110.88,104.53,117.62,0.1033,0.0356,通过
劣质处方,0.6,0.45,120,448,106.83,100.04,114.08,0.0661,0.0396,通过
劣质处方,0.6,0.45,120,449,104.0,96.53,112.06,0.0392,0.045,通过
劣质处方,0.6,0.45,120,450,105.56,98.0,113.7,0.0541,0.0448,通过
劣质处方,0.6,0.45,120,451,108.96,102.06,116.32,0.0858,0.0395,通过
劣质处方,0.6,0.45,120,452,99.34,93.03,106.07,-0.0067,0.0395,通过
劣质处方,0.6,0.45,120,453,106.23,99.74,113.14,0.0604,0.038,通过
劣质处方,0.6,0.45,120,454,107.08,99.57,115.17,0.0685,0.0439,通过
劣质处方,0.6,0.45,120,455,110.5,103.21,118.3,0.0998,0.0411,通过
劣质处方,0.6,0.45,120,456,109.42,102.23,117.1,0.09,0.041,通过
劣质处方,0.6,0.45,120,457,112.48,105.29,120.17,0.1176,0.0399,通过
劣质处方,0.6,0.45,120,458,108.81,101.42,116.73,0.0844,0.0424,通过
劣质处方,0.6,0.45,120,459,116.86,109.46,124.77,0.1558,0.0395,通过
劣质处方,0.6,0.45,120,460,112.11,104.54,120.23,0.1143,0.0422,通过
劣质处方,0.6,0.45,120,461,108.77,101.86,116.14,0.0841,0.0396,通过
劣质处方,0.6,0.45,120,462,109.21,102.55,116.31,0.0881,0.038,通过
劣质处方,0.6,0.45,120,463,107.51,100.14,115.43,0.0725,0.0429,通过
劣质处方,0.6,0.45,120,464,103.44,97.06,110.24,0.0339,0.0384,通过
劣质处方,0.6,0.45,120,465,103.88,97.09,111.15,0.0381,0.0408,通过
劣质处方,0.6,0.45,120,466,111.99,104.98,119.47,0.1132,0.039,通过
劣质处方,0.6,0.45,120,467,117.49,110.46,124.96,0.1612,0.0372,通过
劣质处方,0.6,0.45,120,468,110.9,103.75,118.55,0.1035,0.0402,通过
劣质处方,0.6,0.45,120,469,109.77,103.41,116.53,0.0933,0.036,通过
劣质处方,0.6,0.45,120,470,111.14,104.83,117.84,0.1056,0.0353,通过
劣质处方,0.6,0.45,120,471,108.89,101.57,116.74,0.0852,0.042,通过
劣质处方,0.6,0.45,120,472,103.32,96.36,110.77,0.0326,0.042,通过
劣质处方,0.6,0.45,120,473,106.49,99.29,114.21,0.0628,0.0422,通过
劣质处方,0.6,0.45,120,474,110.32,103.92,117.12,0.0982,0.0361,通过
劣质处方,0.6,0.45,120,475,119.02,111.39,127.18,0.1741,0.04,失败
劣质处方,0.6,0.45,120,476,113.23,106.19,120.74,0.1243,0.0387,通过
劣质处方,0.6,0.45,120,477,111.94,104.88,119.47,0.1128,0.0393,通过
劣质处方,0.6,0.45,120,478,113.53,106.71,120.79,0.1269,0.0374,通过
劣质处方,0.6,0.45,120,479,110.2,103.73,117.08,0.0972,0.0365,通过
劣质处方,0.6,0.45,120,480,112.66,105.73,120.05,0.1192,0.0383,通过
劣质处方,0.6,0.45,120,481,114.89,107.87,122.37,0.1388,0.0381,通过
劣质处方,0.6,0.45,120,482,104.63,98.58,111.04,0.0452,0.0359,通过
劣质处方,0.6,0.45,120,483,106.81,99.94,114.16,0.0659,0.0401,通过
劣质处方,0.6,0.45,120,484,100.62,94.19,107.49,0.0062,0.0398,通过
劣质处方,0.6,0.45,120,485,109.11,101.53,117.25,0.0872,0.0434,通过
劣质处方,0.6,0.45,120,486,113.95,106.93,121.44,0.1306,0.0384,通过
劣质处方,0.6,0.45,120,487,111.1,103.83,118.89,0.1053,0.0409,通过
劣质处方,0.6,0.45,120,488,109.82,103.3,116.74,0.0936,0.0369,通过
劣质处方,0.6,0.45,120,489,108.6,101.51,116.19,0.0825,0.0407,通过
劣质处方,0.6,0.45,120,490,106.87,99.94,114.29,0.0665,0.0405,通过
劣质处方,0.6,0.45,120,491,113.22,106.31,120.58,0.1242,0.038,通过
劣质处方,0.6,0.45,120,492,104.83,98.18,111.93,0.0472,0.0395,通过
劣质处方,0.6,0.45,120,493,111.22,103.97,118.99,0.1064,0.0407,通过
劣质处方,0.6,0.45,120,494,112.85,105.28,120.96,0.1209,0.0419,通过
劣质处方,0.6,0.45,120,495,112.21,105.97,118.81,0.1152,0.0345,通过
劣质处方,0.6,0.45,120,496,102.16,95.77,108.98,0.0214,0.0389,通过
劣质处方,0.6,0.45,120,497,111.63,104.41,119.35,0.11,0.0404,通过
劣质处方,0.6,0.45,120,498,107.12,100.43,114.27,0.0688,0.0389,通过
劣质处方,0.6,0.45,120,499,110.39,103.24,118.04,0.0989,0.0404,通过
劣质处方,0.6,0.45,120,500,111.06,103.74,118.91,0.1049,0.0412,通过
劣质处方,0.6,0.45,150,1,103.96,98.02,110.25,0.0388,0.0355,通过
劣质处方,0.6,0.45,150,2,112.38,106.12,119.01,0.1167,0.0346,通过
劣质处方,0.6,0.45,150,3,104.5,99.25,110.02,0.044,0.0311,通过
劣质处方,0.6,0.45,150,4,110.09,103.4,117.21,0.0961,0.0379,通过
劣质处方,0.6,0.45,150,5,109.22,103.38,115.38,0.0881,0.0332,通过
劣质处方,0.6,0.45,150,6,106.95,100.97,113.28,0.0672,0.0348,通过
劣质处方,0.6,0.45,150,7,117.49,110.79,124.6,0.1612,0.0355,通过
劣质处方,0.6,0.45,150,8,109.01,102.67,115.75,0.0863,0.0362,通过
劣质处方,0.6,0.45,150,9,104.27,97.96,110.98,0.0418,0.0377,通过
劣质处方,0.6,0.45,150,10,110.19,103.79,116.97,0.097,0.0361,通过
劣质处方,0.6,0.45,150,11,110.7,104.38,117.4,0.1016,0.0355,通过
劣质处方,0.6,0.45,150,12,112.5,106.05,119.33,0.1177,0.0357,通过
劣质处方,0.6,0.45,150,13,105.87,99.87,112.24,0.0571,0.0353,通过
劣质处方,0.6,0.45,150,14,103.53,97.46,109.97,0.0347,0.0365,通过
劣质处方,0.6,0.45,150,15,117.75,111.2,124.68,0.1634,0.0346,通过
劣质处方,0.6,0.45,150,16,112.96,106.65,119.64,0.1219,0.0347,通过
劣质处方,0.6,0.45,150,17,109.1,103.57,114.93,0.0871,0.0314,通过
劣质处方,0.6,0.45,150,18,112.94,106.03,120.3,0.1217,0.0381,通过
劣质处方,0.6,0.45,150,19,113.56,107.46,120.01,0.1272,0.0334,通过
劣质处方,0.6,0.45,150,20,113.76,107.22,120.7,0.1289,0.0358,通过
劣质处方,0.6,0.45,150,21,113.27,107.01,119.89,0.1246,0.0343,通过
劣质处方,0.6,0.45,150,22,105.03,98.87,111.58,0.0491,0.0365,通过
劣质处方,0.6,0.45,150,23,109.22,103.02,115.78,0.0882,0.0353,通过
劣质处方,0.6,0.45,150,24,108.24,102.31,114.5,0.0791,0.034,通过
劣质处方,0.6,0.45,150,25,112.21,106.15,118.62,0.1152,0.0336,通过
劣质处方,0.6,0.45,150,26,106.33,100.35,112.66,0.0614,0.0349,通过
劣质处方,0.6,0.45,150,27,106.01,100.57,111.76,0.0584,0.0319,通过
劣质处方,0.6,0.45,150,28,108.08,102.42,114.04,0.0777,0.0325,通过
劣质处方,0.6,0.45,150,29,117.36,111.0,124.08,0.1601,0.0336,通过
劣质处方,0.6,0.45,150,30,113.8,107.6,120.35,0.1293,0.0338,通过
劣质处方,0.6,0.45,150,31,112.27,106.01,118.9,0.1158,0.0347,通过
劣质处方,0.6,0.45,150,32,109.68,103.53,116.2,0.0924,0.0349,通过
劣质处方,0.6,0.45,150,33,118.82,112.45,125.55,0.1724,0.0333,失败
劣质处方,0.6,0.45,150,34,109.82,103.93,116.04,0.0937,0.0333,通过
劣质处方,0.6,0.45,150,35,106.26,100.28,112.6,0.0607,0.035,通过
劣质处方,0.6,0.45,150,36,111.22,104.83,117.99,0.1063,0.0357,通过
劣质处方,0.6,0.45,150,37,114.42,108.13,121.08,0.1347,0.0342,通过
劣质处方,0.6,0.45,150,38,106.25,99.99,112.9,0.0606,0.0367,通过
劣质处方,0.6,0.45,150,39,102.34,96.2,108.88,0.0232,0.0374,通过
劣质处方,0.6,0.45,150,40,109.89,104.28,115.8,0.0943,0.0317,通过
劣质处方,0.6,0.45,150,41,108.72,102.51,115.3,0.0836,0.0355,通过
劣质处方,0.6,0.45,150,42,105.05,98.56,111.96,0.0492,0.0385,通过
劣质处方,0.6,0.45,150,43,110.69,104.3,117.47,0.1016,0.0359,通过
劣质处方,0.6,0.45,150,44,111.18,105.1,117.61,0.106,0.034,通过
劣质处方,0.6,0.45,150,45,112.32,105.65,119.41,0.1162,0.037,通过
劣质处方,0.6,0.45,150,46,109.9,103.17,117.07,0.0944,0.0382,通过
劣质处方,0.6,0.45,150,47,112.73,106.24,119.62,0.1199,0.0358,通过
劣质处方,0.6,0.45,150,48,109.28,102.91,116.05,0.0888,0.0363,通过
劣质处方,0.6,0.45,150,49,108.02,101.47,114.98,0.0771,0.0377,通过
劣质处方,0.6,0.45,150,50,107.53,101.22,114.22,0.0726,0.0365,通过
劣质处方,0.6,0.45,150,51,106.93,101.19,112.99,0.067,0.0333,通过
劣质处方,0.6,0.45,150,52,106.67,101.3,112.32,0.0646,0.0312,通过
劣质处方,0.6,0.45,150,53,114.56,107.68,121.89,0.1359,0.0374,通过
劣质处方,0.6,0.45,150,54,108.76,102.45,115.47,0.084,0.0361,通过
劣质处方,0.6,0.45,150,55,102.69,96.64,109.13,0.0266,0.0367,通过
劣质处方,0.6,0.45,150,56,111.96,105.1,119.28,0.113,0.0382,通过
劣质处方,0.6,0.45,150,57,105.25,99.81,110.99,0.0512,0.0321,通过
劣质处方,0.6,0.45,150,58,103.17,97.43,109.25,0.0312,0.0346,通过
劣质处方,0.6,0.45,150,59,105.4,99.55,111.59,0.0526,0.0345,通过
劣质处方,0.6,0.45,150,60,116.78,110.06,123.92,0.1551,0.0358,通过
劣质处方,0.6,0.45,150,61,114.15,107.7,120.99,0.1323,0.0351,通过
劣质处方,0.6,0.45,150,62,104.37,98.57,110.5,0.0427,0.0345,通过
劣质处方,0.6,0.45,150,63,103.5,98.15,109.15,0.0344,0.0321,通过
劣质处方,0.6,0.45,150,64,113.46,107.3,119.98,0.1263,0.0337,通过
劣质处方,0.6,0.45,150,65,107.12,101.61,112.93,0.0688,0.0319,通过
劣质处方,0.6,0.45,150,66,112.08,105.97,118.54,0.1141,0.0339,通过
劣质处方,0.6,0.45,150,67,109.95,103.96,116.29,0.0949,0.0339,通过
劣质处方,0.6,0.45,150,68,108.03,102.45,113.91,0.0772,0.032,通过
劣质处方,0.6,0.45,150,69,109.2,103.16,115.6,0.088,0.0344,通过
劣质处方,0.6,0.45,150,70,110.51,104.12,117.3,0.1,0.036,通过
劣质处方,0.6,0.45,150,71,109.4,103.52,115.61,0.0898,0.0334,通过
劣质处方,0.6,0.45,150,72,108.69,102.62,115.12,0.0833,0.0347,通过
劣质处方,0.6,0.45,150,73,104.84,99.03,110.99,0.0472,0.0344,通过
劣质处方,0.6,0.45,150,74,113.8,107.13,120.89,0.1293,0.0365,通过
劣质处方,0.6,0.45,150,75,103.7,97.9,109.83,0.0363,0.0347,通过
劣质处方,0.6,0.45,150,76,114.66,108.47,121.21,0.1368,0.0336,通过
劣质处方,0.6,0.45,150,77,106.62,100.58,113.02,0.0641,0.0352,通过
劣质处方,0.6,0.45,150,78,109.96,103.82,116.47,0.095,0.0347,通过
劣质处方,0.6,0.45,150,79,109.92,103.03,117.28,0.0946,0.0391,通过
劣质处方,0.6,0.45,150,80,106.78,100.76,113.17,0.0656,0.0351,通过
劣质处方,0.6,0.45,150,81,106.23,100.38,112.43,0.0605,0.0343,通过
劣质处方,0.6,0.45,150,82,109.26,103.38,115.48,0.0886,0.0334,通过
劣质处方,0.6,0.45,150,83,112.23,106.59,118.16,0.1153,0.0311,通过
劣质处方,0.6,0.45,150,84,111.08,105.41,117.06,0.1051,0.0317,通过
劣质处方,0.6,0.45,150,85,109.16,102.68,116.06,0.0877,0.037,通过
劣质处方,0.6,0.45,150,86,108.46,102.56,114.7,0.0812,0.0338,通过
劣质处方,0.6,0.45,150,87,107.45,100.94,114.39,0.0719,0.0378,通过
劣质处方,0.6,0.45,150,88,104.71,98.89,110.88,0.046,0.0346,通过
劣质处方,0.6,0.45,150,89,111.85,105.55,118.54,0.112,0.0351,通过
劣质处方,0.6,0.45,150,90,111.8,104.81,119.26,0.1115,0.039,通过
劣质处方,0.6,0.45,150,91,110.36,104.36,116.71,0.0986,0.0338,通过
劣质处方,0.6,0.45,150,92,108.15,101.76,114.94,0.0784,0.0368,通过
劣质处方,0.6,0.45,150,93,107.63,101.33,114.33,0.0736,0.0365,通过
劣质处方,0.6,0.45,150,94,111.68,105.87,117.81,0.1105,0.0323,通过
劣质处方,0.6,0.45,150,95,111.94,105.58,118.68,0.1128,0.0353,通过
劣质处方,0.6,0.45,150,96,108.71,101.91,115.97,0.0836,0.0391,通过
劣质处方,0.6,0.45,150,97,111.71,105.22,118.59,0.1107,0.0362,通过
劣质处方,0.6,0.45,150,98,112.52,106.71,118.64,0.1179,0.032,通过
劣质处方,0.6,0.45,150,99,102.9,97.15,109.0,0.0286,0.0348,通过
劣质处方,0.6,0.45,150,100,111.25,104.26,118.71,0.1066,0.0392,通过
劣质处方,0.6,0.45,150,101,106.69,100.85,112.86,0.0647,0.034,通过
劣质处方,0.6,0.45,150,102,114.31,108.22,120.73,0.1337,0.033,通过
劣质处方,0.6,0.45,150,103,106.49,100.61,112.72,0.0629,0.0343,通过
劣质处方,0.6,0.45,150,104,108.78,102.66,115.27,0.0842,0.035,通过
劣质处方,0.6,0.45,150,105,108.67,102.75,114.92,0.0831,0.0338,通过
劣质处方,0.6,0.45,150,106,110.82,105.1,116.85,0.1027,0.032,通过
劣质处方,0.6,0.45,150,107,110.04,103.86,116.6,0.0957,0.035,通过
劣质处方,0.6,0.45,150,108,119.14,112.55,126.12,0.1752,0.0344,失败
劣质处方,0.6,0.45,150,109,109.07,103.14,115.35,0.0868,0.0338,通过
劣质处方,0.6,0.45,150,110,114.3,107.21,121.86,0.1337,0.0387,通过
劣质处方,0.6,0.45,150,111,109.62,104.18,115.33,0.0918,0.0307,通过
劣质处方,0.6,0.45,150,112,105.54,99.43,112.03,0.0539,0.0361,通过
劣质处方,0.6,0.45,150,113,107.98,101.87,114.45,0.0768,0.0352,通过
劣质处方,0.6,0.45,150,114,102.99,96.88,109.48,0.0294,0.0369,通过
劣质处方,0.6,0.45,150,115,105.03,98.62,111.85,0.049,0.038,通过
劣质处方,0.6,0.45,150,116,111.7,104.98,118.86,0.1107,0.0375,通过
劣质处方,0.6,0.45,150,117,109.24,103.22,115.62,0.0884,0.0343,通过
劣质处方,0.6,0.45,150,118,114.89,108.76,121.36,0.1388,0.0331,通过
劣质处方,0.6,0.45,150,119,109.93,103.8,116.42,0.0947,0.0347,通过
劣质处方,0.6,0.45,150,120,109.43,103.75,115.42,0.0901,0.0322,通过
劣质处方,0.6,0.45,150,121,107.06,101.43,113.0,0.0682,0.0326,通过
劣质处方,0.6,0.45,150,122,105.93,99.65,112.6,0.0576,0.0369,通过
劣质处方,0.6,0.45,150,123,111.34,104.55,118.58,0.1074,0.038,通过
劣质处方,0.6,0.45,150,124,112.21,106.26,118.5,0.1152,0.0329,通过
劣质处方,0.6,0.45,150,125,106.36,100.7,112.33,0.0616,0.033,通过
劣质处方,0.6,0.45,150,126,106.7,100.64,113.12,0.0648,0.0353,通过
劣质处方,0.6,0.45,150,127,116.57,110.55,122.91,0.1533,0.032,通过
劣质处方,0.6,0.45,150,128,115.12,108.52,122.13,0.1408,0.0357,通过
劣质处方,0.6,0.45,150,129,107.33,101.36,113.66,0.0708,0.0346,通过
劣质处方,0.6,0.45,150,130,114.17,108.18,120.48,0.1325,0.0325,通过
劣质处方,0.6,0.45,150,131,108.45,101.72,115.64,0.0812,0.0387,通过
劣质处方,0.6,0.45,150,132,110.26,103.8,117.13,0.0977,0.0365,通过
劣质处方,0.6,0.45,150,133,106.92,101.05,113.14,0.0669,0.0341,通过
劣质处方,0.6,0.45,150,134,106.96,101.35,112.88,0.0673,0.0326,通过
劣质处方,0.6,0.45,150,135,109.01,103.0,115.37,0.0863,0.0343,通过
劣质处方,0.6,0.45,150,136,109.22,103.31,115.46,0.0882,0.0336,通过
劣质处方,0.6,0.45,150,137,106.75,100.86,112.99,0.0653,0.0343,通过
劣质处方,0.6,0.45,150,138,103.91,98.1,110.06,0.0383,0.0348,通过
劣质处方,0.6,0.45,150,139,105.88,99.21,113.0,0.0572,0.0393,通过
劣质处方,0.6,0.45,150,140,110.83,104.97,117.03,0.1029,0.0329,通过
劣质处方,0.6,0.45,150,141,114.58,108.69,120.78,0.1361,0.0319,通过
劣质处方,0.6,0.45,150,142,117.99,110.63,125.83,0.1654,0.0389,失败
劣质处方,0.6,0.45,150,143,114.5,108.02,121.36,0.1354,0.0352,通过
劣质处方,0.6,0.45,150,144,109.84,103.83,116.21,0.0939,0.034,通过
劣质处方,0.6,0.45,150,145,111.24,104.81,118.06,0.1065,0.036,通过
劣质处方,0.6,0.45,150,146,111.99,105.93,118.4,0.1132,0.0336,通过
劣质处方,0.6,0.45,150,147,113.1,106.44,120.19,0.1231,0.0367,通过
劣质处方,0.6,0.45,150,148,113.72,107.44,120.36,0.1285,0.0343,通过
劣质处方,0.6,0.45,150,149,105.66,99.06,112.69,0.055,0.039,通过
劣质处方,0.6,0.45,150,150,103.99,97.92,110.43,0.0391,0.0363,通过
劣质处方,0.6,0.45,150,151,115.32,108.68,122.37,0.1425,0.0358,通过
劣质处方,0.6,0.45,150,152,103.97,98.27,110.0,0.0389,0.0341,通过
劣质处方,0.6,0.45,150,153,121.32,113.86,129.26,0.1932,0.0383,失败
劣质处方,0.6,0.45,150,154,106.67,100.15,113.61,0.0646,0.0381,通过
劣质处方,0.6,0.45,150,155,111.11,104.96,117.62,0.1054,0.0344,通过
劣质处方,0.6,0.45,150,156,106.09,100.2,112.33,0.0592,0.0345,通过
劣质处方,0.6,0.45,150,157,107.6,101.38,114.2,0.0732,0.036,通过
劣质处方,0.6,0.45,150,158,111.86,105.35,118.76,0.1121,0.0362,通过
劣质处方,0.6,0.45,150,159,112.78,106.51,119.41,0.1203,0.0345,通过
劣质处方,0.6,0.45,150,160,113.51,106.9,120.53,0.1267,0.0362,通过
劣质处方,0.6,0.45,150,161,107.91,102.24,113.9,0.0762,0.0326,通过
劣质处方,0.6,0.45,150,162,114.34,108.04,121.0,0.134,0.0342,通过
劣质处方,0.6,0.45,150,163,110.48,104.17,117.18,0.0997,0.0356,通过
劣质处方,0.6,0.45,150,164,105.51,99.1,112.34,0.0536,0.0379,通过
劣质处方,0.6,0.45,150,165,105.58,99.2,112.37,0.0543,0.0376,通过
劣质处方,0.6,0.45,150,166,110.17,104.42,116.24,0.0969,0.0324,通过
劣质处方,0.6,0.45,150,167,113.11,106.57,120.06,0.1232,0.036,通过
劣质处方,0.6,0.45,150,168,110.24,104.28,116.54,0.0975,0.0336,通过
劣质处方,0.6,0.45,150,169,110.85,104.64,117.43,0.103,0.0348,通过
劣质处方,0.6,0.45,150,170,111.95,105.35,118.96,0.1129,0.0367,通过
劣质处方,0.6,0.45,150,171,102.07,96.54,107.93,0.0205,0.0337,通过
劣质处方,0.6,0.45,150,172,112.05,105.48,119.02,0.1138,0.0365,通过
劣质处方,0.6,0.45,150,173,112.46,106.52,118.73,0.1174,0.0328,通过
劣质处方,0.6,0.45,150,174,109.74,103.99,115.8,0.0929,0.0325,通过
劣质处方,0.6,0.45,150,175,111.6,105.66,117.88,0.1098,0.0331,通过
劣质处方,0.6,0.45,150,176,106.46,100.28,113.02,0.0626,0.0361,通过
劣质处方,0.6,0.45,150,177,107.74,101.28,114.62,0.0746,0.0374,通过
劣质处方,0.6,0.45,150,178,109.35,103.16,115.91,0.0894,0.0352,通过
劣质处方,0.6,0.45,150,179,110.62,104.72,116.84,0.1009,0.0331,通过
劣质处方,0.6,0.45,150,180,108.31,102.61,114.32,0.0798,0.0326,通过
劣质处方,0.6,0.45,150,181,113.32,106.51,120.56,0.125,0.0374,通过
劣质处方,0.6,0.45,150,182,113.77,106.99,120.98,0.129,0.0371,通过
劣质处方,0.6,0.45,150,183,109.91,103.65,116.54,0.0945,0.0354,通过
劣质处方,0.6,0.45,150,184,108.72,101.98,115.91,0.0836,0.0387,通过
劣质处方,0.6,0.45,150,185,112.37,105.8,119.34,0.1166,0.0364,通过
劣质处方,0.6,0.45,150,186,109.34,102.79,116.31,0.0893,0.0373,通过
劣质处方,0.6,0.45,150,187,106.87,100.68,113.44,0.0665,0.036,通过
劣质处方,0.6,0.45,150,188,113.99,106.8,121.68,0.131,0.0394,通过
劣质处方,0.6,0.45,150,189,114.08,107.1,121.51,0.1317,0.0381,通过
劣质处方,0.6,0.45,150,190,110.67,103.89,117.88,0.1014,0.0382,通过
劣质处方,0.6,0.45,150,191,109.56,102.68,116.9,0.0913,0.0392,通过
劣质处方,0.6,0.45,150,192,111.62,105.55,118.05,0.1099,0.0338,通过
劣质处方,0.6,0.45,150,193,110.64,104.22,117.46,0.1011,0.0361,通过
劣质处方,0.6,0.45,150,194,107.85,101.98,114.06,0.0756,0.0338,通过
劣质处方,0.6,0.45,150,195,109.66,103.79,115.87,0.0923,0.0333,通过
劣质处方,0.6,0.45,150,196,109.05,102.8,115.69,0.0867,0.0357,通过
劣质处方,0.6,0.45,150,197,110.42,104.24,116.97,0.0991,0.0348,通过
劣质处方,0.6,0.45,150,198,105.76,99.97,111.89,0.056,0.034,通过
劣质处方,0.6,0.45,150,199,107.29,100.6,114.43,0.0704,0.0389,通过
劣质处方,0.6,0.45,150,200,99.89,93.97,106.19,-0.0011,0.037,通过
劣质处方,0.6,0.45,150,201,113.59,107.34,120.2,0.1274,0.0342,通过
劣质处方,0.6,0.45,150,202,110.9,104.35,117.85,0.1034,0.0367,通过
劣质处方,0.6,0.45,150,203,111.87,105.14,119.03,0.1122,0.0375,通过
劣质处方,0.6,0.45,150,204,110.9,104.55,117.63,0.1034,0.0356,通过
劣质处方,0.6,0.45,150,205,115.0,108.65,121.72,0.1398,0.0343,通过
劣质处方,0.6,0.45,150,206,111.59,104.6,119.06,0.1097,0.0391,通过
劣质处方,0.6,0.45,150,207,106.41,100.15,113.05,0.0621,0.0366,通过
劣质处方,0.6,0.45,150,208,114.29,108.15,120.77,0.1335,0.0333,通过
劣质处方,0.6,0.45,150,209,104.88,98.91,111.21,0.0476,0.0354,通过
劣质处方,0.6,0.45,150,210,103.69,97.6,110.17,0.0363,0.0366,通过
劣质处方,0.6,0.45,150,211,113.23,107.33,119.46,0.1242,0.0324,通过
劣质处方,0.6,0.45,150,212,112.59,106.1,119.48,0.1186,0.0359,通过
劣质处方,0.6,0.45,150,213,108.05,101.85,114.63,0.0774,0.0357,通过
劣质处方,0.6,0.45,150,214,109.38,103.33,115.77,0.0896,0.0343,通过
劣质处方,0.6,0.45,150,215,110.61,104.49,117.09,0.1008,0.0344,通过
劣质处方,0.6,0.45,150,216,107.38,101.32,113.8,0.0712,0.0351,通过
劣质处方,0.6,0.45,150,217,103.58,97.56,109.97,0.0352,0.0362,通过
劣质处方,0.6,0.45,150,218,109.96,104.11,116.14,0.0949,0.033,通过
劣质处方,0.6,0.45,150,219,107.8,101.71,114.25,0.0751,0.0351,通过
劣质处方,0.6,0.45,150,220,108.83,102.37,115.7,0.0846,0.037,通过
劣质处方,0.6,0.45,150,221,116.09,109.56,123.01,0.1492,0.035,通过
劣质处方,0.6,0.45,150,222,109.08,103.43,115.05,0.0869,0.0322,通过
劣质处方,0.6,0.45,150,223,105.55,99.21,112.29,0.054,0.0374,通过
劣质处方,0.6,0.45,150,224,112.2,105.85,118.92,0.1151,0.0352,通过
劣质处方,0.6,0.45,150,225,110.79,104.33,117.64,0.1024,0.0363,通过
劣质处方,0.6,0.45,150,226,108.23,101.65,115.22,0.079,0.0379,通过
劣质处方,0.6,0.45,150,227,108.97,102.39,115.97,0.0859,0.0376,通过
劣质处方,0.6,0.45,150,228,105.22,99.12,111.7,0.0509,0.0361,通过
劣质处方,0.6,0.45,150,229,108.78,102.69,115.22,0.0841,0.0348,通过
劣质处方,0.6,0.45,150,230,113.73,106.94,120.95,0.1287,0.0372,通过
劣质处方,0.6,0.45,150,231,108.97,102.52,115.82,0.0859,0.0369,通过
劣质处方,0.6,0.45,150,232,102.25,97.28,107.46,0.0222,0.0301,通过
劣质处方,0.6,0.45,150,233,111.21,104.79,118.02,0.1062,0.0359,通过
劣质处方,0.6,0.45,150,234,110.31,104.23,116.73,0.0981,0.0342,通过
劣质处方,0.6,0.45,150,235,115.42,108.86,122.38,0.1434,0.0354,通过
劣质处方,0.6,0.45,150,236,112.15,105.03,119.75,0.1147,0.0396,通过
劣质处方,0.6,0.45,150,237,113.8,107.73,120.22,0.1293,0.0332,通过
劣质处方,0.6,0.45,150,238,109.44,103.03,116.26,0.0902,0.0365,通过
劣质处方,0.6,0.45,150,239,110.99,105.07,117.24,0.1043,0.0331,通过
劣质处方,0.6,0.45,150,240,114.11,107.31,121.34,0.132,0.0371,通过
劣质处方,0.6,0.45,150,241,116.52,110.2,123.2,0.1529,0.0337,通过
劣质处方,0.6,0.45,150,242,108.63,101.74,115.98,0.0827,0.0396,通过
劣质处方,0.6,0.45,150,243,108.62,102.13,115.52,0.0827,0.0372,通过
劣质处方,0.6,0.45,150,244,104.84,99.16,110.84,0.0472,0.0336,通过
劣质处方,0.6,0.45,150,245,103.84,97.84,110.2,0.0377,0.0359,通过
劣质处方,0.6,0.45,150,246,111.5,104.79,118.64,0.1088,0.0375,通过
劣质处方,0.6,0.45,150,247,103.52,97.03,110.44,0.0346,0.0391,通过
劣质处方,0.6,0.45,150,248,109.32,103.18,115.83,0.0891,0.0349,通过
劣质处方,0.6,0.45,150,249,110.09,103.66,116.93,0.0962,0.0364,通过
劣质处方,0.6,0.45,150,250,108.06,101.76,114.74,0.0775,0.0363,通过
劣质处方,0.6,0.45,150,251,105.11,99.49,111.05,0.0498,0.0332,通过
劣质处方,0.6,0.45,150,252,115.29,108.54,122.46,0.1423,0.0365,通过
劣质处方,0.6,0.45,150,253,107.47,101.2,114.13,0.072,0.0363,通过
劣质处方,0.6,0.45,150,254,110.93,105.31,116.84,0.1037,0.0314,通过
劣质处方,0.6,0.45,150,255,106.68,100.21,113.57,0.0647,0.0378,通过
劣质处方,0.6,0.45,150,256,108.74,102.08,115.85,0.0838,0.0382,通过
劣质处方,0.6,0.45,150,257,107.48,101.67,113.63,0.0722,0.0336,通过
劣质处方,0.6,0.45,150,258,109.34,103.24,115.8,0.0893,0.0347,通过
劣质处方,0.6,0.45,150,259,107.52,101.03,114.43,0.0726,0.0376,通过
劣质处方,0.6,0.45,150,260,111.4,105.47,117.68,0.108,0.0331,通过
劣质处方,0.6,0.45,150,261,105.4,99.3,111.88,0.0526,0.036,通过
劣质处方,0.6,0.45,150,262,111.02,104.8,117.62,0.1045,0.0349,通过
劣质处方,0.6,0.45,150,263,117.71,111.78,123.96,0.1631,0.0312,通过
劣质处方,0.6,0.45,150,264,102.6,96.25,109.37,0.0257,0.0386,通过
劣质处方,0.6,0.45,150,265,108.77,102.72,115.17,0.084,0.0346,通过
劣质处方,0.6,0.45,150,266,111.29,104.76,118.22,0.1069,0.0365,通过
劣质处方,0.6,0.45,150,267,113.82,106.43,121.72,0.1294,0.0405,通过
劣质处方,0.6,0.45,150,268,111.26,105.32,117.52,0.1067,0.0331,通过
劣质处方,0.6,0.45,150,269,110.95,104.94,117.3,0.1039,0.0336,通过
劣质处方,0.6,0.45,150,270,105.31,99.09,111.92,0.0518,0.0368,通过
劣质处方,0.6,0.45,150,271,115.86,109.42,122.68,0.1472,0.0346,通过
劣质处方,0.6,0.45,150,272,105.27,98.92,112.02,0.0513,0.0376,通过
劣质处方,0.6,0.45,150,273,108.65,101.89,115.85,0.083,0.0388,通过
劣质处方,0.6,0.45,150,274,108.75,102.64,115.23,0.0839,0.035,通过
劣质处方,0.6,0.45,150,275,107.28,101.6,113.29,0.0703,0.0329,通过
劣质处方,0.6,0.45,150,276,106.55,100.29,113.2,0.0634,0.0366,通过
劣质处方,0.6,0.45,150,277,108.51,102.0,115.43,0.0817,0.0374,通过
劣质处方,0.6,0.45,150,278,112.7,106.25,119.54,0.1196,0.0356,通过
劣质处方,0.6,0.45,150,279,105.12,99.27,111.31,0.0499,0.0346,通过
劣质处方,0.6,0.45,150,280,117.88,111.21,124.94,0.1645,0.0352,通过
劣质处方,0.6,0.45,150,281,110.71,104.73,117.04,0.1018,0.0336,通过
劣质处方,0.6,0.45,150,282,111.85,105.97,118.05,0.112,0.0326,通过
劣质处方,0.6,0.45,150,283,110.36,104.35,116.72,0.0986,0.0338,通过
劣质处方,0.6,0.45,150,284,108.81,102.62,115.37,0.0844,0.0354,通过
劣质处方,0.6,0.45,150,285,107.42,101.01,114.23,0.0716,0.0371,通过
劣质处方,0.6,0.45,150,286,108.33,102.04,115.01,0.08,0.0362,通过
劣质处方,0.6,0.45,150,287,110.4,104.96,116.14,0.099,0.0306,通过
劣质处方,0.6,0.45,150,288,108.65,102.27,115.44,0.083,0.0366,通过
劣质处方,0.6,0.45,150,289,107.52,101.19,114.26,0.0725,0.0367,通过
劣质处方,0.6,0.45,150,290,109.24,103.24,115.59,0.0884,0.0341,通过
劣质处方,0.6,0.45,150,291,112.3,106.2,118.74,0.116,0.0337,通过
劣质处方,0.6,0.45,150,292,106.08,99.8,112.75,0.059,0.0368,通过
劣质处方,0.6,0.45,150,293,107.95,101.76,114.52,0.0765,0.0357,通过
劣质处方,0.6,0.45,150,294,108.17,102.09,114.61,0.0785,0.0349,通过
劣质处方,0.6,0.45,150,295,108.82,102.66,115.36,0.0846,0.0352,通过
劣质处方,0.6,0.45,150,296,111.18,104.61,118.15,0.106,0.0368,通过
劣质处方,0.6,0.45,150,297,111.33,105.11,117.9,0.1073,0.0347,通过
劣质处方,0.6,0.45,150,298,108.74,102.11,115.8,0.0837,0.038,通过
劣质处方,0.6,0.45,150,299,114.0,107.65,120.72,0.131,0.0346,通过
劣质处方,0.6,0.45,150,300,112.91,106.51,119.7,0.1214,0.0353,通过
劣质处方,0.6,0.45,150,301,112.79,105.97,120.04,0.1203,0.0377,通过
劣质处方,0.6,0.45,150,302,115.3,108.48,122.55,0.1423,0.0368,通过
劣质处方,0.6,0.45,150,303,111.16,105.38,117.25,0.1058,0.0322,通过
劣质处方,0.6,0.45,150,304,111.85,106.27,117.72,0.112,0.0309,通过
劣质处方,0.6,0.45,150,305,111.83,105.01,119.1,0.1118,0.038,通过
劣质处方,0.6,0.45,150,306,114.68,108.07,121.7,0.137,0.0359,通过
劣质处方,0.6,0.45,150,307,113.78,107.17,120.79,0.1291,0.0362,通过
劣质处方,0.6,0.45,150,308,113.36,106.64,120.5,0.1254,0.0369,通过
劣质处方,0.6,0.45,150,309,108.82,102.79,115.21,0.0845,0.0345,通过
劣质处方,0.6,0.45,150,310,109.19,103.1,115.65,0.088,0.0347,通过
劣质处方,0.6,0.45,150,311,102.56,96.69,108.79,0.0253,0.0356,通过
劣质处方,0.6,0.45,150,312,113.21,106.28,120.59,0.1241,0.0381,通过
劣质处方,0.6,0.45,150,313,108.57,102.67,114.82,0.0822,0.0338,通过
劣质处方,0.6,0.45,150,314,108.39,101.29,116.0,0.0806,0.041,通过
劣质处方,0.6,0.45,150,315,108.82,102.61,115.4,0.0845,0.0355,通过
劣质处方,0.6,0.45,150,316,116.13,109.9,122.71,0.1495,0.0333,通过
劣质处方,0.6,0.45,150,317,110.21,103.4,117.47,0.0972,0.0385,通过
劣质处方,0.6,0.45,150,318,111.46,104.65,118.71,0.1085,0.0381,通过
劣质处方,0.6,0.45,150,319,110.71,104.01,117.85,0.1018,0.0377,通过
劣质处方,0.6,0.45,150,320,114.28,107.19,121.83,0.1335,0.0387,通过
劣质处方,0.6,0.45,150,321,107.23,101.25,113.56,0.0698,0.0347,通过
劣质处方,0.6,0.45,150,322,104.13,98.2,110.41,0.0404,0.0354,通过
劣质处方,0.6,0.45,150,323,117.61,110.95,124.67,0.1622,0.0352,通过
劣质处方,0.6,0.45,150,324,109.27,103.49,115.38,0.0887,0.0328,通过
劣质处方,0.6,0.45,150,325,109.99,104.15,116.16,0.0952,0.033,通过
劣质处方,0.6,0.45,150,326,114.8,109.52,120.33,0.138,0.0284,通过
劣质处方,0.6,0.45,150,327,104.02,97.66,110.79,0.0394,0.0381,通过
劣质处方,0.6,0.45,150,328,108.86,102.4,115.73,0.0849,0.037,通过
劣质处方,0.6,0.45,150,329,112.0,105.23,119.2,0.1133,0.0377,通过
劣质处方,0.6,0.45,150,330,109.19,102.34,116.49,0.0879,0.0391,通过
劣质处方,0.6,0.45,150,331,108.51,102.22,115.18,0.0816,0.036,通过
劣质处方,0.6,0.45,150,332,113.6,107.21,120.36,0.1275,0.0349,通过
劣质处方,0.6,0.45,150,333,108.95,102.57,115.72,0.0857,0.0365,通过
劣质处方,0.6,0.45,150,334,115.66,109.04,122.68,0.1455,0.0356,通过
劣质处方,0.6,0.45,150,335,108.03,101.05,115.49,0.0772,0.0403,通过
劣质处方,0.6,0.45,150,336,108.53,102.23,115.21,0.0818,0.0361,通过
劣质处方,0.6,0.45,150,337,108.73,103.06,114.71,0.0837,0.0324,通过
劣质处方,0.6,0.45,150,338,106.07,100.79,111.63,0.0589,0.0308,通过
劣质处方,0.6,0.45,150,339,109.54,103.03,116.47,0.0912,0.037,通过
劣质处方,0.6,0.45,150,340,112.44,106.02,119.26,0.1173,0.0356,通过
劣质处方,0.6,0.45,150,341,108.61,102.0,115.65,0.0826,0.0379,通过
劣质处方,0.6,0.45,150,342,104.18,97.9,110.86,0.0409,0.0376,通过
劣质处方,0.6,0.45,150,343,108.18,102.14,114.58,0.0786,0.0347,通过
劣质处方,0.6,0.45,150,344,102.54,97.12,108.26,0.0251,0.0328,通过
劣质处方,0.6,0.45,150,345,107.42,101.0,114.24,0.0715,0.0372,通过
劣质处方,0.6,0.45,150,346,108.02,101.8,114.61,0.0771,0.0358,通过
劣质处方,0.6,0.45,150,347,113.17,106.73,120.0,0.1237,0.0354,通过
劣质处方,0.6,0.45,150,348,110.56,104.9,116.51,0.1004,0.0317,通过
劣质处方,0.6,0.45,150,349,110.04,103.7,116.77,0.0957,0.0358,通过
劣质处方,0.6,0.45,150,350,113.92,106.88,121.43,0.1304,0.0386,通过
劣质处方,0.6,0.45,150,351,113.73,107.53,120.29,0.1287,0.0339,通过
劣质处方,0.6,0.45,150,352,106.9,100.62,113.57,0.0667,0.0366,通过
劣质处方,0.6,0.45,150,353,102.17,96.7,107.95,0.0215,0.0332,通过
劣质处方,0.6,0.45,150,354,103.89,98.34,109.75,0.0381,0.0332,通过
劣质处方,0.6,0.45,150,355,111.96,105.87,118.41,0.113,0.0338,通过
劣质处方,0.6,0.45,150,356,103.24,96.93,109.96,0.0319,0.0381,通过
劣质处方,0.6,0.45,150,357,112.48,105.34,120.11,0.1176,0.0397,通过
劣质处方,0.6,0.45,150,358,109.3,102.71,116.31,0.0889,0.0376,通过
劣质处方,0.6,0.45,150,359,99.96,94.51,105.73,-0.0004,0.0339,通过
劣质处方,0.6,0.45,150,360,104.79,98.65,111.32,0.0468,0.0365,通过
劣质处方,0.6,0.45,150,361,105.92,99.93,112.26,0.0575,0.0352,通过
劣质处方,0.6,0.45,150,362,106.49,100.77,112.54,0.0629,0.0334,通过
劣质处方,0.6,0.45,150,363,111.74,105.27,118.59,0.111,0.036,通过
劣质处方,0.6,0.45,150,364,107.12,100.64,114.02,0.0688,0.0377,通过
劣质处方,0.6,0.45,150,365,112.98,106.72,119.61,0.122,0.0344,通过
劣质处方,0.6,0.45,150,366,107.53,102.01,113.34,0.0726,0.0318,通过
劣质处方,0.6,0.45,150,367,102.15,96.44,108.21,0.0213,0.0348,通过
劣质处方,0.6,0.45,150,368,107.55,101.45,114.01,0.0728,0.0352,通过
劣质处方,0.6,0.45,150,369,105.96,99.81,112.49,0.0579,0.0361,通过
劣质处方,0.6,0.45,150,370,106.81,100.84,113.15,0.0659,0.0348,通过
劣质处方,0.6,0.45,150,371,102.5,97.11,108.2,0.0247,0.0327,通过
劣质处方,0.6,0.45,150,372,104.7,99.14,110.57,0.0459,0.033,通过
劣质处方,0.6,0.45,150,373,108.94,103.05,115.17,0.0857,0.0336,通过
劣质处方,0.6,0.45,150,374,111.48,104.85,118.52,0.1086,0.037,通过
劣质处方,0.6,0.45,150,375,103.77,97.85,110.05,0.037,0.0355,通过
劣质处方,0.6,0.45,150,376,116.66,109.48,124.31,0.1541,0.0384,通过
劣质处方,0.6,0.45,150,377,109.24,102.89,115.98,0.0884,0.0362,通过
劣质处方,0.6,0.45,150,378,111.85,105.25,118.87,0.112,0.0368,通过
劣质处方,0.6,0.45,150,379,108.51,102.32,115.07,0.0817,0.0355,通过
劣质处方,0.6,0.45,150,380,110.66,104.47,117.22,0.1013,0.0348,通过
劣质处方,0.6,0.45,150,381,112.49,106.7,118.59,0.1177,0.0319,通过
劣质处方,0.6,0.45,150,382,113.25,107.18,119.68,0.1245,0.0333,通过
劣质处方,0.6,0.45,150,383,107.25,101.19,113.68,0.07,0.0352,通过
劣质处方,0.6,0.45,150,384,109.84,103.93,116.09,0.0939,0.0334,通过
劣质处方,0.6,0.45,150,385,111.38,104.63,118.57,0.1078,0.0378,通过
劣质处方,0.6,0.45,150,386,106.79,100.92,113.0,0.0657,0.0341,通过
劣质处方,0.6,0.45,150,387,114.45,108.09,121.2,0.135,0.0346,通过
劣质处方,0.6,0.45,150,388,110.3,103.73,117.29,0.0981,0.0371,通过
劣质处方,0.6,0.45,150,389,108.46,102.16,115.16,0.0812,0.0362,通过
劣质处方,0.6,0.45,150,390,112.69,106.03,119.76,0.1194,0.0368,通过
劣质处方,0.6,0.45,150,391,105.98,100.3,111.98,0.058,0.0333,通过
劣质处方,0.6,0.45,150,392,112.77,106.52,119.38,0.1202,0.0344,通过
劣质处方,0.6,0.45,150,393,107.61,101.75,113.8,0.0733,0.0338,通过
劣质处方,0.6,0.45,150,394,106.93,100.57,113.7,0.067,0.0371,通过
劣质处方,0.6,0.45,150,395,118.41,112.11,125.07,0.169,0.0331,失败
劣质处方,0.6,0.45,150,396,111.76,105.22,118.7,0.1112,0.0364,通过
劣质处方,0.6,0.45,150,397,106.01,100.02,112.36,0.0584,0.0351,通过
劣质处方,0.6,0.45,150,398,105.15,99.4,111.24,0.0503,0.034,通过
劣质处方,0.6,0.45,150,399,105.05,99.23,111.21,0.0493,0.0344,通过
劣质处方,0.6,0.45,150,400,113.13,106.87,119.76,0.1234,0.0344,通过
劣质处方,0.6,0.45,150,401,106.53,100.94,112.43,0.0633,0.0326,通过
劣质处方,0.6,0.45,150,402,107.9,101.32,114.92,0.076,0.0381,通过
劣质处方,0.6,0.45,150,403,105.03,99.4,110.99,0.0491,0.0333,通过
劣质处方,0.6,0.45,150,404,110.32,104.28,116.7,0.0982,0.034,通过
劣质处方,0.6,0.45,150,405,116.29,109.74,123.22,0.1509,0.035,通过
劣质处方,0.6,0.45,150,406,111.18,105.0,117.72,0.106,0.0346,通过
劣质处方,0.6,0.45,150,407,105.65,100.18,111.42,0.0549,0.0321,通过
劣质处方,0.6,0.45,150,408,110.81,104.3,117.72,0.1026,0.0366,通过
劣质处方,0.6,0.45,150,409,115.7,108.76,123.08,0.1458,0.0374,通过
劣质处方,0.6,0.45,150,410,109.08,102.48,116.1,0.0869,0.0377,通过
劣质处方,0.6,0.45,150,411,107.3,100.52,114.54,0.0705,0.0394,通过
劣质处方,0.6,0.45,150,412,106.41,100.23,112.98,0.0622,0.0361,通过
劣质处方,0.6,0.45,150,413,107.31,101.24,113.75,0.0706,0.0352,通过
劣质处方,0.6,0.45,150,414,111.02,104.18,118.31,0.1045,0.0384,通过
劣质处方,0.6,0.45,150,415,111.28,105.1,117.83,0.1069,0.0345,通过
劣质处方,0.6,0.45,150,416,110.3,103.09,118.01,0.098,0.0408,通过
劣质处方,0.6,0.45,150,417,114.81,107.95,122.12,0.1381,0.0373,通过
劣质处方,0.6,0.45,150,418,115.41,108.66,122.58,0.1433,0.0364,通过
劣质处方,0.6,0.45,150,419,112.72,106.08,119.78,0.1197,0.0367,通过
劣质处方,0.6,0.45,150,420,111.38,104.94,118.22,0.1078,0.036,通过
劣质处方,0.6,0.45,150,421,106.5,100.11,113.31,0.063,0.0374,通过
劣质处方,0.6,0.45,150,422,104.28,98.34,110.57,0.0419,0.0354,通过
劣质处方,0.6,0.45,150,423,108.45,101.88,115.45,0.0811,0.0378,通过
劣质处方,0.6,0.45,150,424,109.11,102.51,116.13,0.0872,0.0377,通过
劣质处方,0.6,0.45,150,425,115.28,109.22,121.67,0.1422,0.0326,通过
劣质处方,0.6,0.45,150,426,112.24,106.12,118.72,0.1155,0.0339,通过
劣质处方,0.6,0.45,150,427,106.62,100.09,113.57,0.0641,0.0382,通过
劣质处方,0.6,0.45,150,428,108.88,103.12,114.97,0.0851,0.0329,通过
劣质处方,0.6,0.45,150,429,107.45,101.51,113.74,0.0719,0.0344,通过
劣质处方,0.6,0.45,150,430,112.79,106.23,119.75,0.1203,0.0362,通过
劣质处方,0.6,0.45,150,431,107.39,101.43,113.69,0.0713,0.0345,通过
劣质处方,0.6,0.45,150,432,109.53,102.53,117.0,0.091,0.0399,通过
劣质处方,0.6,0.45,150,433,110.87,104.59,117.54,0.1032,0.0353,通过
劣质处方,0.6,0.45,150,434,117.32,110.82,124.19,0.1597,0.0344,通过
劣质处方,0.6,0.45,150,435,110.79,104.48,117.48,0.1024,0.0354,通过
劣质处方,0.6,0.45,150,436,103.96,98.49,109.74,0.0389,0.0326,通过
劣质处方,0.6,0.45,150,437,108.18,102.38,114.3,0.0786,0.0333,通过
劣质处方,0.6,0.45,150,438,112.72,106.98,118.77,0.1197,0.0316,通过
劣质处方,0.6,0.45,150,439,117.59,110.79,124.79,0.162,0.036,通过
劣质处方,0.6,0.45,150,440,111.43,105.08,118.17,0.1082,0.0355,通过
劣质处方,0.6,0.45,150,441,112.47,105.76,119.6,0.1175,0.0372,通过
劣质处方,0.6,0.45,150,442,110.18,103.75,117.01,0.097,0.0364,通过
劣质处方,0.6,0.45,150,443,106.54,100.66,112.76,0.0633,0.0343,通过
劣质处方,0.6,0.45,150,444,113.37,107.36,119.71,0.1255,0.0329,通过
劣质处方,0.6,0.45,150,445,112.88,106.56,119.57,0.1211,0.0348,通过
劣质处方,0.6,0.45,150,446,106.88,100.75,113.39,0.0666,0.0357,通过
劣质处方,0.6,0.45,150,447,109.46,103.06,116.27,0.0904,0.0364,通过
劣质处方,0.6,0.45,150,448,105.59,99.64,111.89,0.0544,0.035,通过
劣质处方,0.6,0.45,150,449,103.06,97.42,109.03,0.0302,0.034,通过
劣质处方,0.6,0.45,150,450,115.72,109.3,122.52,0.146,0.0345,通过
劣质处方,0.6,0.45,150,451,113.54,107.64,119.76,0.127,0.0322,通过
劣质处方,0.6,0.45,150,452,102.81,96.85,109.15,0.0277,0.0361,通过
劣质处方,0.6,0.45,150,453,117.21,110.53,124.3,0.1588,0.0355,通过
劣质处方,0.6,0.45,150,454,115.19,107.98,122.87,0.1414,0.039,通过
劣质处方,0.6,0.45,150,455,110.22,104.03,116.78,0.0973,0.0349,通过
劣质处方,0.6,0.45,150,456,103.03,97.71,108.63,0.0298,0.032,通过
劣质处方,0.6,0.45,150,457,110.23,103.86,116.99,0.0974,0.036,通过
劣质处方,0.6,0.45,150,458,105.79,99.86,112.07,0.0563,0.0348,通过
劣质处方,0.6,0.45,150,459,110.1,104.15,116.39,0.0962,0.0336,通过
劣质处方,0.6,0.45,150,460,108.85,102.38,115.72,0.0848,0.037,通过
劣质处方,0.6,0.45,150,461,106.78,100.99,112.91,0.0656,0.0337,通过
劣质处方,0.6,0.45,150,462,108.77,102.52,115.4,0.0841,0.0358,通过
劣质处方,0.6,0.45,150,463,112.66,106.35,119.34,0.1192,0.0348,通过
劣质处方,0.6,0.45,150,464,114.05,107.59,120.9,0.1315,0.0352,通过
劣质处方,0.6,0.45,150,465,110.04,104.25,116.15,0.0956,0.0326,通过
劣质处方,0.6,0.45,150,466,103.25,97.15,109.72,0.032,0.0368,通过
劣质处方,0.6,0.45,150,467,111.67,105.28,118.46,0.1104,0.0356,通过
劣质处方,0.6,0.45,150,468,106.32,100.83,112.1,0.0612,0.032,通过
劣质处方,0.6,0.45,150,469,104.93,98.94,111.27,0.0481,0.0355,通过
劣质处方,0.6,0.45,150,470,104.4,98.5,110.66,0.0431,0.0352,通过
劣质处方,0.6,0.45,150,471,119.41,111.98,127.34,0.1774,0.0388,失败
劣质处方,0.6,0.45,150,472,107.78,101.97,113.93,0.075,0.0335,通过
劣质处方,0.6,0.45,150,473,115.69,108.69,123.14,0.1457,0.0377,通过
劣质处方,0.6,0.45,150,474,113.34,106.82,120.26,0.1253,0.0358,通过
劣质处方,0.6,0.45,150,475,106.37,100.69,112.37,0.0617,0.0331,通过
劣质处方,0.6,0.45,150,476,112.65,105.13,120.72,0.1191,0.0418,通过
劣质处方,0.6,0.45,150,477,103.2,97.46,109.29,0.0315,0.0346,通过
劣质处方,0.6,0.45,150,478,104.71,99.26,110.45,0.046,0.0323,通过
劣质处方,0.6,0.45,150,479,110.02,103.95,116.46,0.0955,0.0343,通过
劣质处方,0.6,0.45,150,480,111.74,104.95,118.98,0.111,0.0379,通过
劣质处方,0.6,0.45,150,481,104.56,98.1,111.46,0.0446,0.0386,通过
劣质处方,0.6,0.45,150,482,112.98,106.53,119.81,0.122,0.0355,通过
劣质处方,0.6,0.45,150,483,107.97,101.86,114.45,0.0767,0.0352,通过
劣质处方,0.6,0.45,150,484,105.4,99.34,111.83,0.0526,0.0358,通过
劣质处方,0.6,0.45,150,485,106.95,100.51,113.79,0.0672,0.0375,通过
劣质处方,0.6,0.45,150,486,110.59,104.26,117.31,0.1007,0.0356,通过
劣质处方,0.6,0.45,150,487,106.23,100.2,112.63,0.0604,0.0353,通过
劣质处方,0.6,0.45,150,488,108.07,101.87,114.65,0.0776,0.0357,通过
劣质处方,0.6,0.45,150,489,105.09,99.04,111.52,0.0497,0.0359,通过
劣质处方,0.6,0.45,150,490,110.0,103.19,117.27,0.0954,0.0386,通过
劣质处方,0.6,0.45,150,491,108.54,102.56,114.87,0.082,0.0342,通过
劣质处方,0.6,0.45,150,492,110.33,104.13,116.9,0.0983,0.0349,通过
劣质处方,0.6,0.45,150,493,114.63,109.0,120.55,0.1365,0.0304,通过
劣质处方,0.6,0.45,150,494,109.14,102.71,115.98,0.0875,0.0367,通过
劣质处方,0.6,0.45,150,495,111.41,105.3,117.87,0.108,0.0341,通过
劣质处方,0.6,0.45,150,496,108.0,101.42,115.01,0.077,0.038,通过
劣质处方,0.6,0.45,150,497,110.26,103.97,116.94,0.0977,0.0355,通过
劣质处方,0.6,0.45,150,498,107.77,101.35,114.59,0.0748,0.0371,通过
劣质处方,0.6,0.45,150,499,108.99,102.72,115.64,0.0861,0.0358,通过
劣质处方,0.6,0.45,150,500,107.55,101.08,114.45,0.0728,0.0375,通过
